path,source_split,label,filename,suffix,file_size_kb,is_valid,error,width,height,aspect_ratio,brightness,sha256
/kaggle/input/datasets/alicjalena/pv-panel-defect-dataset/test/Bird-drop/Bird (137).JPG,test,Bird-drop,Bird (137).JPG,.jpg,59.732421875,True,,489,295,1.6576271186440679,104.95718383789062,ca3689dabb0037bac899d56e44eb7e42fe11142f656c3aa246be785cc19c7cc4
/kaggle/input/datasets/alicjalena/pv-panel-defect-dataset/test/Bird-drop/Bird (14).JPG,test,Bird-drop,Bird (14).JPG,.jpg,53.9345703125,True,,592,374,1.5828877005347595,111.71903991699219,88186261cbb3cc203865b494f9aae45d919cb661fd104ffde932dd886dd3c001
/kaggle/input/datasets/alicjalena/pv-panel-defect-dataset/test/Bird-drop/Bird (140).jpg,test,Bird-drop,Bird (140).jpg,.jpg,106.4287109375,True,,800,600,1.3333333333333333,99.72428131103516,95366f30bbd3b564cc968a0e1e428a53a32a4e4633bef3fd7eb8c031568dd500
/kaggle/input/datasets/alicjalena/pv-panel-defect-dataset/test/Bird-drop/Bird (146).jpg,test,Bird-drop,Bird (146).jpg,.jpg,41.18359375,True,,474,316,1.5,124.2837905883789,058bdffd751b29a4f685048f29dfcefd8eb7464ddd3f5ecdfa71692b5fd24f6a
/kaggle/input/datasets/alicjalena/pv-panel-defect-dataset/test/Bird-drop/Bird (148).jpg,test,Bird-drop,Bird (148).jpg,.jpg,41.3388671875,True,,450,300,1.5,91.97901153564453,90206c0408a7e3401c73e27c2c93ab8497de6e7dd1dadcf3ef2954bf3aa41c4e
/kaggle/input/datasets/alicjalena/pv-panel-defect-dataset/test/Bird-drop/Bird (16).JPG,test,Bird-drop,Bird (16).JPG,.jpg,53.6484375,True,,473,477,0.9916142557651991,135.61610412597656,b2e3540f1b3055bf8a8e8eb785eb0a8d9c6142c850b1738960644d0ec0f545f4
/kaggle/input/datasets/alicjalena/pv-panel-defect-dataset/test/Bird-drop/Bird (164).jpg,test,Bird-drop,Bird (164).jpg,.jpg,76.216796875,True,,638,476,1.3403361344537814,112.93896484375,b97a8233581c80e3a6b706ebf808e435d39b3c089d828cae08bb64c2c6fcb0e1
/kaggle/input/datasets/alicjalena/pv-panel-defect-dataset/test/Bird-drop/Bird (196).jpg,test,Bird-drop,Bird (196).jpg,.jpg,11.626953125,True,,259,194,1.3350515463917525,127.031494140625,1db26af91e96a96b0048a3a453ce46f8937033678abebca15b0835925af0249e
/kaggle/input/datasets/alicjalena/pv-panel-defect-dataset/test/Bird-drop/Bird (211).JPG,test,Bird-drop,Bird (211).JPG,.jpg,35.5703125,True,,383,245,1.563265306122449,136.06240844726562,080cc324fe7db05703a2544ecc1fc77d6300fd14726a347f32922c6fa860d74a
/kaggle/input/datasets/alicjalena/pv-panel-defect-dataset/test/Bird-drop/Bird (33).jpg,test,Bird-drop,Bird (33).jpg,.jpg,600.0205078125,True,,1600,1200,1.3333333333333333,94.82969665527344,1521c415cd502bbaa7b86103328c3c3e02cebb3a42d7c3365491fb3a981dc78e
/kaggle/input/datasets/alicjalena/pv-panel-defect-dataset/test/Bird-drop/Bird (54).jpg,test,Bird-drop,Bird (54).jpg,.jpg,20.02734375,True,,178,189,0.9417989417989417,142.40728759765625,fc6cf11e79aa473abc66512b8115c025ffa3f2fdd6386f9a38d380fba46c3ccb
/kaggle/input/datasets/alicjalena/pv-panel-defect-dataset/test/Bird-drop/Bird (55).jpg,test,Bird-drop,Bird (55).jpg,.jpg,125.3388671875,True,,768,576,1.3333333333333333,109.67716217041016,b0595efb57b8a6371ec87f9576e64bb17dc773431b915122c89a9e8b093286e8
/kaggle/input/datasets/alicjalena/pv-panel-defect-dataset/test/Bird-drop/Bird (71).jpg,test,Bird-drop,Bird (71).jpg,.jpg,65.775390625,True,,474,632,0.75,107.41517639160156,692ae3ca93dfb7c40cda21a042823a8077233a24dd91f19842ded715d3534857
/kaggle/input/datasets/alicjalena/pv-panel-defect-dataset/test/Bird-drop/Bird (79).jpg,test,Bird-drop,Bird (79).jpg,.jpg,999.7421875,True,,2016,1512,1.3333333333333333,105.31558990478516,e1cb0e8f49ce1a715747029e07abea7e60092c5360e61aec0e4b8a636890d987
/kaggle/input/datasets/alicjalena/pv-panel-defect-dataset/test/Bird-drop/Bird (81).jpg,test,Bird-drop,Bird (81).jpg,.jpg,383.671875,True,,986,740,1.3324324324324324,126.453857421875,5fb73d60632b430db23ffcaf78f2cbc805f82bff9e8dc6a536dd41a76389d6d5
/kaggle/input/datasets/alicjalena/pv-panel-defect-dataset/test/Bird-drop/Bird (87).jpg,test,Bird-drop,Bird (87).jpg,.jpg,1773.283203125,True,,986,740,1.3324324324324324,126.453857421875,daffd379076985fbef74204aa3371fadde82ebd16d80d4e4ed78071584106f74
/kaggle/input/datasets/alicjalena/pv-panel-defect-dataset/train/Bird-drop/Bird (1).jpeg,train,Bird-drop,Bird (1).jpeg,.jpeg,18.3896484375,True,,190,250,0.76,105.78273010253906,4ac98ef935b074c8713bece9c6299c11946b6899bfbef4d84c433688fff9c1a3
/kaggle/input/datasets/alicjalena/pv-panel-defect-dataset/train/Bird-drop/Bird (10).jpg,train,Bird-drop,Bird (10).jpg,.jpg,54.66015625,True,,474,474,1.0,135.88865661621094,5ced9ca7cb1649755caf6b3f61e0950c9d82cca201fb3764eece5bd8434f281e
/kaggle/input/datasets/alicjalena/pv-panel-defect-dataset/train/Bird-drop/Bird (101).jpg,train,Bird-drop,Bird (101).jpg,.jpg,428.349609375,True,,1536,2048,0.75,84.91053771972656,8cb133be215fdd2eb5bb7124e7e1adbac706b68a1b18c3abed9400992fbdc358
/kaggle/input/datasets/alicjalena/pv-panel-defect-dataset/train/Bird-drop/Bird (103).jpg,train,Bird-drop,Bird (103).jpg,.jpg,1599.748046875,True,,960,720,1.3333333333333333,116.75273895263672,041d14eff31334e369af9c6d8fc191a7ab4e73ed19f0971e24f2ca780624c1c8
/kaggle/input/datasets/alicjalena/pv-panel-defect-dataset/train/Bird-drop/Bird (104).jpg,train,Bird-drop,Bird (104).jpg,.jpg,1227.134765625,True,,2016,1512,1.3333333333333333,125.02753448486328,6c061b15d9cb3f07e6fa0286534bf8e9c190663adc6997b3dbbf81bd788fc121
/kaggle/input/datasets/alicjalena/pv-panel-defect-dataset/train/Bird-drop/Bird (105).jpg,train,Bird-drop,Bird (105).jpg,.jpg,77.4404296875,True,,960,720,1.3333333333333333,127.88658142089844,d50b8f0f971576e273aa55ce005163e68ac67d4112561c52e3dbe2c756b27b58
/kaggle/input/datasets/alicjalena/pv-panel-defect-dataset/train/Bird-drop/Bird (107).jpg,train,Bird-drop,Bird (107).jpg,.jpg,181.1689453125,True,,1024,768,1.3333333333333333,110.29066467285156,17d63fb73e240b6c02ca94b1624fb51547d0fc5e5e7fc1ebb2cefe9dc09c0503
/kaggle/input/datasets/alicjalena/pv-panel-defect-dataset/train/Bird-drop/Bird (108).jpg,train,Bird-drop,Bird (108).jpg,.jpg,85.689453125,True,,800,533,1.5009380863039399,60.75661849975586,e0d796ce236dca176aa14bf1f31f61cda668d4282b12b527c1a620cf04a705f6
/kaggle/input/datasets/alicjalena/pv-panel-defect-dataset/train/Bird-drop/Bird (109).jpg,train,Bird-drop,Bird (109).jpg,.jpg,239.3603515625,True,,816,459,1.7777777777777777,134.43836975097656,4c511f2776d7a038fbe9cd9609f5523d6c8d4f5b004e4e3005e67fe0c99de807
/kaggle/input/datasets/alicjalena/pv-panel-defect-dataset/train/Bird-drop/Bird (11).jpg,train,Bird-drop,Bird (11).jpg,.jpg,517.3525390625,True,,1427,951,1.5005257623554153,119.71648406982422,31e8e38409f84775272c41ef916e565d4e6339cde6b2ced53f92d0c4d70fc139
/kaggle/input/datasets/alicjalena/pv-panel-defect-dataset/train/Bird-drop/Bird (110).jpg,train,Bird-drop,Bird (110).jpg,.jpg,902.3544921875,True,,1512,2016,0.75,116.52159118652344,cc9a971b817e83bf9704e4fe3533c4d430c7065738b433ee6a60bdee4674d835
/kaggle/input/datasets/alicjalena/pv-panel-defect-dataset/train/Bird-drop/Bird (111).jpg,train,Bird-drop,Bird (111).jpg,.jpg,2106.201171875,True,,1500,1225,1.2244897959183674,143.9185333251953,099675d1929f3661e937ccff6d21cefcd0d301ffdb640098f222baf1f4c260e3
/kaggle/input/datasets/alicjalena/pv-panel-defect-dataset/train/Bird-drop/Bird (112).jpg,train,Bird-drop,Bird (112).jpg,.jpg,112.728515625,True,,700,510,1.3725490196078431,102.23558044433594,de7595f18269aa71101f558dab8dec337ab2e8e65e22318d79107f20c18f657d
/kaggle/input/datasets/alicjalena/pv-panel-defect-dataset/train/Bird-drop/Bird (113).jpg,train,Bird-drop,Bird (113).jpg,.jpg,171.1787109375,True,,1440,810,1.7777777777777777,148.1116943359375,1d0ca3900d9e7ce9c0ff3bf801e8be40d368adb3598a2fe14209d9a0ab6237bb
/kaggle/input/datasets/alicjalena/pv-panel-defect-dataset/train/Bird-drop/Bird (114).jpg,train,Bird-drop,Bird (114).jpg,.jpg,80.5654296875,True,,800,600,1.3333333333333333,151.043212890625,f031f62a094f26cb7a138dae27659c9ce35a7f2626e62532ffd3b13b627b0c2c
/kaggle/input/datasets/alicjalena/pv-panel-defect-dataset/train/Bird-drop/Bird (115).jpg,train,Bird-drop,Bird (115).jpg,.jpg,347.623046875,True,,1600,1290,1.2403100775193798,150.2664794921875,a26045f3e61f04c33da8e0a1899d3cdd253f45ee8de6e896aa6ae35eace7a816
/kaggle/input/datasets/alicjalena/pv-panel-defect-dataset/train/Bird-drop/Bird (117).jpg,train,Bird-drop,Bird (117).jpg,.jpg,1896.6103515625,True,,1500,1102,1.3611615245009074,129.214599609375,f9dfcba324d884c276e5cee7542b1c2708918708d3671d9cd7faf4ce30c15826
/kaggle/input/datasets/alicjalena/pv-panel-defect-dataset/train/Bird-drop/Bird (120).jpg,train,Bird-drop,Bird (120).jpg,.jpg,77.6845703125,True,,800,533,1.5009380863039399,50.240779876708984,8ba7d92f5e8efe1303bf976a3f3028a152c47b7b235489b140d13fa7e00e37c2
/kaggle/input/datasets/alicjalena/pv-panel-defect-dataset/train/Bird-drop/Bird (123).jpg,train,Bird-drop,Bird (123).jpg,.jpg,1351.1201171875,True,,1001,1600,0.625625,101.54853820800781,5916ca1a7771fe5ca6a3fcafa51f8a2f2a3989674d5f7d4314fa825647a430ef
/kaggle/input/datasets/alicjalena/pv-panel-defect-dataset/train/Bird-drop/Bird (124).jpg,train,Bird-drop,Bird (124).jpg,.jpg,238.7470703125,True,,900,675,1.3333333333333333,105.27804565429688,397687ab231fa4b967cf8459d34aabc4302cea43020350fb080efa645a938704
/kaggle/input/datasets/alicjalena/pv-panel-defect-dataset/train/Bird-drop/Bird (125).jpg,train,Bird-drop,Bird (125).jpg,.jpg,174.83203125,True,,800,399,2.0050125313283207,116.55423736572266,3a69050839ddd6c20e9ced138c0de8074f74f36b9b03a5b802128ceebf3cf5a8
/kaggle/input/datasets/alicjalena/pv-panel-defect-dataset/train/Bird-drop/Bird (126).jpg,train,Bird-drop,Bird (126).jpg,.jpg,2166.029296875,True,,1500,1105,1.3574660633484164,156.58995056152344,339a098f99c61e5f8625b343b53558c9a7e8ef27ca7c6afed72aa65a37c75094
/kaggle/input/datasets/alicjalena/pv-panel-defect-dataset/train/Bird-drop/Bird (127).jpg,train,Bird-drop,Bird (127).jpg,.jpg,155.1005859375,True,,1024,768,1.3333333333333333,117.97265625,11023e6b15593b026e11063c408b5ef3db2a855cc671878ae603d1609d35ea5c
/kaggle/input/datasets/alicjalena/pv-panel-defect-dataset/train/Bird-drop/Bird (128).jpg,train,Bird-drop,Bird (128).jpg,.jpg,170.61328125,True,,1280,720,1.7777777777777777,81.66019439697266,ee5dbc77b95f7a986fb9ba48d343a7260efffc69255153522fe696ea54a22cf7
/kaggle/input/datasets/alicjalena/pv-panel-defect-dataset/train/Bird-drop/Bird (129).jpg,train,Bird-drop,Bird (129).jpg,.jpg,2095.806640625,True,,1500,1105,1.3574660633484164,167.1920166015625,afd50632f1d57efe8cc255e6d6e9b3d879ffd0fd22ea8fd241176dbcbdb1b874
/kaggle/input/datasets/alicjalena/pv-panel-defect-dataset/train/Bird-drop/Bird (131).jpg,train,Bird-drop,Bird (131).jpg,.jpg,1701.01953125,True,,1500,1024,1.46484375,126.00936889648438,773cc28f34f0ba1f834918a9b9545cb340f79cbb3e11cff4e145ec88864c16ef
/kaggle/input/datasets/alicjalena/pv-panel-defect-dataset/train/Bird-drop/Bird (132).jpg,train,Bird-drop,Bird (132).jpg,.jpg,15.6513671875,True,,259,194,1.3350515463917525,111.00423431396484,9e4cb2224a63b5ca619f331bce40a485054479262c1d7d3a18256e76af31f620
/kaggle/input/datasets/alicjalena/pv-panel-defect-dataset/train/Bird-drop/Bird (134).JPG,train,Bird-drop,Bird (134).JPG,.jpg,19.9111328125,True,,180,244,0.7377049180327869,104.46129608154297,68075c09c5db9e18d36ba31c21bb841b83a45699d2da11805da1310e0ada4a3f
/kaggle/input/datasets/alicjalena/pv-panel-defect-dataset/train/Bird-drop/Bird (135).jpg,train,Bird-drop,Bird (135).jpg,.jpg,209.53125,True,,1000,750,1.3333333333333333,108.34551239013672,4b3243235c0a417790338d8664721a6ba71973531977a18f2625ccc7e8ad63b9
/kaggle/input/datasets/alicjalena/pv-panel-defect-dataset/train/Bird-drop/Bird (136).JPG,train,Bird-drop,Bird (136).JPG,.jpg,154.4912109375,True,,975,678,1.4380530973451326,108.38378143310547,3abffb5e8e9c592ce15278855a688b9e9302b7b3306cc9a45fb9981d273f797a
/kaggle/input/datasets/alicjalena/pv-panel-defect-dataset/train/Bird-drop/Bird (138).JPG,train,Bird-drop,Bird (138).JPG,.jpg,95.9775390625,True,,632,427,1.4800936768149884,123.7292251586914,06a7b279a55f1a107eef17e69fbb6125e93c4be0596727cc46081e2d1530e64f
/kaggle/input/datasets/alicjalena/pv-panel-defect-dataset/train/Bird-drop/Bird (141).jpg,train,Bird-drop,Bird (141).jpg,.jpg,43.955078125,True,,474,267,1.7752808988764044,97.53436279296875,ddab7368be97d092c05d050fe0d325cc25925ce65624d8f6c4f7a2e371e15440
/kaggle/input/datasets/alicjalena/pv-panel-defect-dataset/train/Bird-drop/Bird (143).jpg,train,Bird-drop,Bird (143).jpg,.jpg,44.07421875,True,,474,355,1.3352112676056338,129.90907287597656,4226140f403d67b7756c98bb34d5a06beabbdb3c46cc4fa485e35fa855af7862
/kaggle/input/datasets/alicjalena/pv-panel-defect-dataset/train/Bird-drop/Bird (144).jpg,train,Bird-drop,Bird (144).jpg,.jpg,50.9453125,True,,474,355,1.3352112676056338,120.21240234375,9dfb9ce47ca3c5f4d460b10761a0a6c8ce47d17df1e9b2a57c3131e348b8def6
/kaggle/input/datasets/alicjalena/pv-panel-defect-dataset/train/Bird-drop/Bird (149).jpg,train,Bird-drop,Bird (149).jpg,.jpg,69.9248046875,True,,474,632,0.75,93.15621948242188,0a92608f7f054a591684ed584a84111de35bdba8f30f6b3bf6668b24841e9155
/kaggle/input/datasets/alicjalena/pv-panel-defect-dataset/train/Bird-drop/Bird (15).JPG,train,Bird-drop,Bird (15).JPG,.jpg,64.857421875,True,,548,430,1.2744186046511627,135.0922088623047,00ecd0be2d6399d1f3bfe7e4eebcb7dc46ff30fc7dd75bb49500aa668680c3c9
/kaggle/input/datasets/alicjalena/pv-panel-defect-dataset/train/Bird-drop/Bird (150).jpg,train,Bird-drop,Bird (150).jpg,.jpg,69.5361328125,True,,474,632,0.75,93.26307678222656,3bee83e28e217794a2a7e561b9a1f998c82ee726d04035097f35647bca06e7d0
/kaggle/input/datasets/alicjalena/pv-panel-defect-dataset/train/Bird-drop/Bird (159).jpg,train,Bird-drop,Bird (159).jpg,.jpg,57.0478515625,True,,474,578,0.8200692041522492,117.60987091064453,f25529d07d11907361b6ca86e6e9175a321f5c23cbe5ae72b7e41d4fe4ddd9cb
/kaggle/input/datasets/alicjalena/pv-panel-defect-dataset/train/Bird-drop/Bird (160).jpg,train,Bird-drop,Bird (160).jpg,.jpg,121.478515625,True,,980,735,1.3333333333333333,128.9545135498047,f38d00d9b7c1e7c06397bde57616005f89ffe68c9d490bd6cb378d953ebd0b0c
/kaggle/input/datasets/alicjalena/pv-panel-defect-dataset/train/Bird-drop/Bird (161).jpg,train,Bird-drop,Bird (161).jpg,.jpg,120.4921875,True,,620,827,0.7496977025392987,125.82820892333984,13fbbae972541c00f3aae4a69fdf111566e4863d9392c36ea657387844edfeb7
/kaggle/input/datasets/alicjalena/pv-panel-defect-dataset/train/Bird-drop/Bird (162).jpg,train,Bird-drop,Bird (162).jpg,.jpg,44.7607421875,True,,364,307,1.1856677524429968,141.97830200195312,9f24704faeff832ed04ceefcad9ddb5fa4a74b8ba063932f7620f640f71cbf93
/kaggle/input/datasets/alicjalena/pv-panel-defect-dataset/train/Bird-drop/Bird (166).jpg,train,Bird-drop,Bird (166).jpg,.jpg,67.87109375,True,,480,360,1.3333333333333333,121.27645111083984,e0a8f2a1090cbe2e8a5e389afe2b8abef2471a60feafae4fd02927a607025570
/kaggle/input/datasets/alicjalena/pv-panel-defect-dataset/train/Bird-drop/Bird (169).jpg,train,Bird-drop,Bird (169).jpg,.jpg,51.2626953125,True,,533,533,1.0,53.21783447265625,5a57ffb2862655a41dff333af6b30e93b178ed2411bfdb7693b00f8cccb180c2
/kaggle/input/datasets/alicjalena/pv-panel-defect-dataset/train/Bird-drop/Bird (17).jpg,train,Bird-drop,Bird (17).jpg,.jpg,90.5908203125,True,,474,632,0.75,118.15058135986328,7cfd96e115ca38e067262885ab6d76ca6aa814163e79a6c379309f8b231ecbfb
/kaggle/input/datasets/alicjalena/pv-panel-defect-dataset/train/Bird-drop/Bird (170).JPG,train,Bird-drop,Bird (170).JPG,.jpg,64.1884765625,True,,522,371,1.4070080862533694,122.01036071777344,d462d291dcf0b6033d7e339e0b1cfd2ac9d7305649c013cb856540abe56c31b0
/kaggle/input/datasets/alicjalena/pv-panel-defect-dataset/train/Bird-drop/Bird (171).JPG,train,Bird-drop,Bird (171).JPG,.jpg,112.095703125,True,,581,769,0.7555266579973993,120.5929946899414,de61c32362ca70bb758facb31a7e91db5acd8cb86a21197194545dafc4d6103b
/kaggle/input/datasets/alicjalena/pv-panel-defect-dataset/train/Bird-drop/Bird (173).jpg,train,Bird-drop,Bird (173).jpg,.jpg,55.9326171875,True,,474,632,0.75,112.05113220214844,a0c02824682174295c2a033d8320c5ca5a516951e140f6be114a694282855e89
/kaggle/input/datasets/alicjalena/pv-panel-defect-dataset/train/Bird-drop/Bird (175).jpg,train,Bird-drop,Bird (175).jpg,.jpg,43.400390625,True,,474,474,1.0,126.7290267944336,63d636d4e34cac2f612abde040a3f79c5d1a9dc28cd570de0e1e5ae1481d98f5
/kaggle/input/datasets/alicjalena/pv-panel-defect-dataset/train/Bird-drop/Bird (177).jpg,train,Bird-drop,Bird (177).jpg,.jpg,649.4755859375,True,,1920,1080,1.7777777777777777,97.35810852050781,30417b0f20e817199d025c200849caece7f42e6be76223ceeaa44f15ce89cf8e
/kaggle/input/datasets/alicjalena/pv-panel-defect-dataset/train/Bird-drop/Bird (178).jpg,train,Bird-drop,Bird (178).jpg,.jpg,213.9951171875,True,,980,735,1.3333333333333333,129.67999267578125,c9c0cd294cc714e7410cf0798f6393e73f4107e736034038131b6320bcadcf06
/kaggle/input/datasets/alicjalena/pv-panel-defect-dataset/train/Bird-drop/Bird (179).JPG,train,Bird-drop,Bird (179).JPG,.jpg,112.501953125,True,,1162,733,1.5852660300136425,110.9386215209961,4207216d7ef1d7048ba3708bdb07bf043dab48f462abd5eed7c221e6ff305134
/kaggle/input/datasets/alicjalena/pv-panel-defect-dataset/train/Bird-drop/Bird (18).jpg,train,Bird-drop,Bird (18).jpg,.jpg,35.76953125,True,,474,382,1.2408376963350785,150.28733825683594,0a9b6aeb3d350e5cb424f0a59f2ecd86ef3dac8a3e51499944e71ecddc32e39e
/kaggle/input/datasets/alicjalena/pv-panel-defect-dataset/train/Bird-drop/Bird (180).jpg,train,Bird-drop,Bird (180).jpg,.jpg,60.962890625,True,,300,200,1.5,94.46724700927734,5d28e83e02d6d5ac03e034c9cb762e688362bd0157f9e405189678cfe96fb2dc
/kaggle/input/datasets/alicjalena/pv-panel-defect-dataset/train/Bird-drop/Bird (181).jpg,train,Bird-drop,Bird (181).jpg,.jpg,52.615234375,True,,657,469,1.4008528784648189,131.22018432617188,82dd1d269152721a214e82dc4db5d2cd23c5f14edbdb93110eb14c2e12492520
/kaggle/input/datasets/alicjalena/pv-panel-defect-dataset/train/Bird-drop/Bird (185).jpg,train,Bird-drop,Bird (185).jpg,.jpg,131.466796875,True,,406,306,1.326797385620915,110.758056640625,dc6bc2fff3fc26c78d4632d79c0eb2859039f3e54f6539bd78b818226fe8576c
/kaggle/input/datasets/alicjalena/pv-panel-defect-dataset/train/Bird-drop/Bird (186).jpg,train,Bird-drop,Bird (186).jpg,.jpg,86.6904296875,True,,575,241,2.3858921161825726,141.46055603027344,a4d3b81f5af2a08ae102dc2bfb9a4ffdcd53926788e26aa30b6091630a1639c2
/kaggle/input/datasets/alicjalena/pv-panel-defect-dataset/train/Bird-drop/Bird (187).jpg,train,Bird-drop,Bird (187).jpg,.jpg,68.7587890625,True,,360,322,1.1180124223602483,125.58271789550781,a3903ed7ca9c372d6a17156de06299731801992fc56da9962812364f536998af
/kaggle/input/datasets/alicjalena/pv-panel-defect-dataset/train/Bird-drop/Bird (188).jpg,train,Bird-drop,Bird (188).jpg,.jpg,230.734375,True,,1200,800,1.5,150.89646911621094,235ee98a2eef5887fd484620c443a077edf6ea9bf80245dbad89579107b2d147
/kaggle/input/datasets/alicjalena/pv-panel-defect-dataset/train/Bird-drop/Bird (189).jpg,train,Bird-drop,Bird (189).jpg,.jpg,185.1845703125,True,,768,1024,0.75,107.44664001464844,3fbc4a551971f47431eb1536c16018bf12837979ef61fb4f2fd015d8a511e70f
/kaggle/input/datasets/alicjalena/pv-panel-defect-dataset/train/Bird-drop/Bird (190).jpg,train,Bird-drop,Bird (190).jpg,.jpg,15.037109375,True,,194,259,0.749034749034749,117.89938354492188,9be06f8fa8bf411f4e480ca405742d37a59ad2b89919f09b64cd3bc276c3ef57
/kaggle/input/datasets/alicjalena/pv-panel-defect-dataset/train/Bird-drop/Bird (197).jpg,train,Bird-drop,Bird (197).jpg,.jpg,9.3955078125,True,,259,194,1.3350515463917525,118.53433990478516,37800d24be78b93f548e0d445e81214675b9cac8040d3dea2b189524e98d26db
/kaggle/input/datasets/alicjalena/pv-panel-defect-dataset/train/Bird-drop/Bird (198).JPG,train,Bird-drop,Bird (198).JPG,.jpg,87.8447265625,True,,625,463,1.349892008639309,84.2787857055664,b28379e0005ee35eb23049e1a469f289932e3595d6049cb4dd8873cd2d2420d2
/kaggle/input/datasets/alicjalena/pv-panel-defect-dataset/train/Bird-drop/Bird (199).JPG,train,Bird-drop,Bird (199).JPG,.jpg,228.337890625,True,,803,806,0.9962779156327544,112.98551177978516,d154b5379a9cf825edb4da89bea07f0400ae91f79428615231ff773d633a51ef
/kaggle/input/datasets/alicjalena/pv-panel-defect-dataset/train/Bird-drop/Bird (2).JPG,train,Bird-drop,Bird (2).JPG,.jpg,23.3095703125,True,,263,197,1.3350253807106598,114.59169006347656,af7ca5a143267efba78d7f288eabd0feaede64cbd44251101ff5b507f48219bf
/kaggle/input/datasets/alicjalena/pv-panel-defect-dataset/train/Bird-drop/Bird (20).jpg,train,Bird-drop,Bird (20).jpg,.jpg,99.9814453125,True,,480,640,0.75,116.72501373291016,24162be67128fbe96ca567d342c3eee7bce24496a17d0bff0cb003c63ec1f14f
/kaggle/input/datasets/alicjalena/pv-panel-defect-dataset/train/Bird-drop/Bird (200).JPG,train,Bird-drop,Bird (200).JPG,.jpg,144.53125,True,,601,805,0.746583850931677,106.3134765625,59ef85f15cccd366e87e977c2ac33e0995cdcfc0372ab9545057db67dd722350
/kaggle/input/datasets/alicjalena/pv-panel-defect-dataset/train/Bird-drop/Bird (202).JPG,train,Bird-drop,Bird (202).JPG,.jpg,146.3408203125,True,,594,796,0.7462311557788944,109.70584106445312,120505a193b222d95d93a653bee4e180970203b62d287e5ab65405136f6a1360
/kaggle/input/datasets/alicjalena/pv-panel-defect-dataset/train/Bird-drop/Bird (203).JPG,train,Bird-drop,Bird (203).JPG,.jpg,134.9326171875,True,,598,802,0.7456359102244389,129.72006225585938,4ee8e49b139510862e0d13ce790d205695a6d41ce6f4254350f1c18a051a6d5c
/kaggle/input/datasets/alicjalena/pv-panel-defect-dataset/train/Bird-drop/Bird (204).JPG,train,Bird-drop,Bird (204).JPG,.jpg,142.6103515625,True,,604,802,0.7531172069825436,102.71731567382812,ab301d1437a7cb97744fe5793567c841b44dd64ef1bd84fe8b7377c2c49eb01c
/kaggle/input/datasets/alicjalena/pv-panel-defect-dataset/train/Bird-drop/Bird (205).JPG,train,Bird-drop,Bird (205).JPG,.jpg,70.5380859375,True,,458,459,0.9978213507625272,135.68418884277344,5bb2e13ae843691e739b35d22aeb8f673bc29a70e5e0802db30238d7ab8d66bb
/kaggle/input/datasets/alicjalena/pv-panel-defect-dataset/train/Bird-drop/Bird (206).JPG,train,Bird-drop,Bird (206).JPG,.jpg,70.8916015625,True,,466,346,1.346820809248555,125.61389923095703,7e9809b74efccdf6107c7fd2888add5a7fabaf6fedb85cee3bd0e6de4186c7b0
/kaggle/input/datasets/alicjalena/pv-panel-defect-dataset/train/Bird-drop/Bird (207).JPG,train,Bird-drop,Bird (207).JPG,.jpg,79.9453125,True,,626,553,1.132007233273056,76.39306640625,378843193f30b821d1755b8253887d12d32a92e7500968f088875f9e1ccb1294
/kaggle/input/datasets/alicjalena/pv-panel-defect-dataset/train/Bird-drop/Bird (208).JPG,train,Bird-drop,Bird (208).JPG,.jpg,59.1083984375,True,,628,480,1.3083333333333333,109.10408782958984,c653aa0186936c561a759747b34d430c3b149299e2a2f184c1b2297a350a917c
/kaggle/input/datasets/alicjalena/pv-panel-defect-dataset/train/Bird-drop/Bird (209).JPG,train,Bird-drop,Bird (209).JPG,.jpg,53.5703125,True,,502,344,1.4593023255813953,110.77184295654297,a27fa711154c4ca5daf52d1525d36c78fae1955169430642fc29b102c287e15a
/kaggle/input/datasets/alicjalena/pv-panel-defect-dataset/train/Bird-drop/Bird (21).jpg,train,Bird-drop,Bird (21).jpg,.jpg,375.38671875,True,,980,1307,0.7498087222647284,116.55580139160156,6c9644de3d049fb1751f4738afb09be5b5fc5b058bc5ec9a25adeb194b59bd8f
/kaggle/input/datasets/alicjalena/pv-panel-defect-dataset/train/Bird-drop/Bird (210).JPG,train,Bird-drop,Bird (210).JPG,.jpg,150.4990234375,True,,968,716,1.3519553072625698,152.4823455810547,1b9a790118a5d4af3adde02704a28325a87dc5edcda4ca2a042e4ea831a148f8
/kaggle/input/datasets/alicjalena/pv-panel-defect-dataset/train/Bird-drop/Bird (212).JPG,train,Bird-drop,Bird (212).JPG,.jpg,35.2939453125,True,,379,227,1.669603524229075,85.70718383789062,ba67b3b895c0622e2edb33ecbf85831f6f821c5bba51304f79b45f6766ed7c74
/kaggle/input/datasets/alicjalena/pv-panel-defect-dataset/train/Bird-drop/Bird (213).JPG,train,Bird-drop,Bird (213).JPG,.jpg,37.912109375,True,,438,284,1.5422535211267605,100.8055648803711,08d5f4c52c371a2ff89e186c2ed5eacb6b4998f5660710f4c2d878d23a18df8d
/kaggle/input/datasets/alicjalena/pv-panel-defect-dataset/train/Bird-drop/Bird (214).JPG,train,Bird-drop,Bird (214).JPG,.jpg,69.2353515625,True,,421,781,0.5390524967989757,78.17772674560547,3eee53640443d3431b95d8e1685593e7180c749242a7a65f05acfc4f5c295450
/kaggle/input/datasets/alicjalena/pv-panel-defect-dataset/train/Bird-drop/Bird (23).JPG,train,Bird-drop,Bird (23).JPG,.jpg,67.396484375,True,,449,359,1.2506963788300836,116.01488494873047,cc2f93ee18797c694b5b9abecf6f62d9960845f3ed14a324fea2da7b0dd1ccd6
/kaggle/input/datasets/alicjalena/pv-panel-defect-dataset/train/Bird-drop/Bird (24).JPG,train,Bird-drop,Bird (24).JPG,.jpg,125.875,True,,503,742,0.6778975741239892,112.16816711425781,b2ce5a387f2716395f5754bf8121057254ea908c107ad502436dff99033ff3ab
/kaggle/input/datasets/alicjalena/pv-panel-defect-dataset/train/Bird-drop/Bird (25).jpg,train,Bird-drop,Bird (25).jpg,.jpg,87.2939453125,True,,474,632,0.75,122.02346801757812,e6fe179368ad2623af6c2e86f91009629363d1cabe2a16ae753db55889c49f12
/kaggle/input/datasets/alicjalena/pv-panel-defect-dataset/train/Bird-drop/Bird (27).JPG,train,Bird-drop,Bird (27).JPG,.jpg,146.5029296875,True,,1093,538,2.0315985130111525,98.27550506591797,d6b9eeafeca8562fb1a0d41c546f738c01c3053a5b8638a7bd6c1de6efc7c3e2
/kaggle/input/datasets/alicjalena/pv-panel-defect-dataset/train/Bird-drop/Bird (28).jpg,train,Bird-drop,Bird (28).jpg,.jpg,43.2451171875,True,,474,355,1.3352112676056338,131.11582946777344,ec712051e914ff3c4ea388599842bb975a3c0fa77e4c4a20dd6ef9f7f51ba440
/kaggle/input/datasets/alicjalena/pv-panel-defect-dataset/train/Bird-drop/Bird (29).jpg,train,Bird-drop,Bird (29).jpg,.jpg,2155.052734375,True,,3024,4032,0.75,108.66742706298828,08edc19fe4991544341abf0ac0cefaaf5e161875f8fe8ef756e67e78b0f934f6
/kaggle/input/datasets/alicjalena/pv-panel-defect-dataset/train/Bird-drop/Bird (3).jpeg,train,Bird-drop,Bird (3).jpeg,.jpeg,988.994140625,True,,1600,900,1.7777777777777777,123.25759887695312,b2178ebe16591de9f8e56629cca9381082e8b5519872ec89bab257495944819d
/kaggle/input/datasets/alicjalena/pv-panel-defect-dataset/train/Bird-drop/Bird (3).jpg,train,Bird-drop,Bird (3).jpg,.jpg,29.3779296875,True,,300,300,1.0,119.09429931640625,11a0d07beb6d9e70502e9abc882cf5f92251160b04b60c1f7a68a7f412d1effa
/kaggle/input/datasets/alicjalena/pv-panel-defect-dataset/train/Bird-drop/Bird (31).JPG,train,Bird-drop,Bird (31).JPG,.jpg,21.396484375,True,,221,202,1.0940594059405941,88.3279037475586,441fef26864e9b8d5030ba5cc3fa6087ffa57b7ffb82a275d71e81086509ff19
/kaggle/input/datasets/alicjalena/pv-panel-defect-dataset/train/Bird-drop/Bird (34).jpg,train,Bird-drop,Bird (34).jpg,.jpg,37.6064453125,True,,474,256,1.8515625,110.53842163085938,d09f9a0606aa7ca280cf3b60b56c1614ff08b67ad10d70024340574f492a04c5
/kaggle/input/datasets/alicjalena/pv-panel-defect-dataset/train/Bird-drop/Bird (35).jpg,train,Bird-drop,Bird (35).jpg,.jpg,39.728515625,True,,474,353,1.3427762039660056,97.54057312011719,7d8e210d789d51db5e309f0ea24a14cc342ca312b82660574cc4ccd4699c09d2
/kaggle/input/datasets/alicjalena/pv-panel-defect-dataset/train/Bird-drop/Bird (36).jpg,train,Bird-drop,Bird (36).jpg,.jpg,119.4921875,True,,600,400,1.5,124.28596496582031,ece06538ccc4e5dfdb5e8139960778d6f484a96c01320b4fda5ba729bd7df857
/kaggle/input/datasets/alicjalena/pv-panel-defect-dataset/train/Bird-drop/Bird (37).jpg,train,Bird-drop,Bird (37).jpg,.jpg,41.44140625,True,,474,355,1.3352112676056338,71.66097259521484,d2eb6f544faeee0161cd7259a2e222bf73821feef2e60060e8c2e0c8c91759fb
/kaggle/input/datasets/alicjalena/pv-panel-defect-dataset/train/Bird-drop/Bird (38).jpg,train,Bird-drop,Bird (38).jpg,.jpg,11.908203125,True,,190,250,0.76,105.7114486694336,9a29edf555ee92def0f82189eb2fae331bdb598f0d4fd1fdb0ca167563228a70
/kaggle/input/datasets/alicjalena/pv-panel-defect-dataset/train/Bird-drop/Bird (42).jpg,train,Bird-drop,Bird (42).jpg,.jpg,27.6318359375,True,,474,355,1.3352112676056338,124.42428588867188,e52b22b78adab791c8e37621937902cafb0786207062d619e8ef6e62d990f660
/kaggle/input/datasets/alicjalena/pv-panel-defect-dataset/train/Bird-drop/Bird (44).jpg,train,Bird-drop,Bird (44).jpg,.jpg,79.2177734375,True,,700,510,1.3725490196078431,101.3866195678711,ebc32d9892910021f7b5cfcaa0b5d449a6f3cc426ec9f1c15b7ba3ac7ad43686
/kaggle/input/datasets/alicjalena/pv-panel-defect-dataset/train/Bird-drop/Bird (45).jpg,train,Bird-drop,Bird (45).jpg,.jpg,53.318359375,True,,657,469,1.4008528784648189,131.2218475341797,d2c1d75224efc75a29a02e1d9e04016e8bf7c5eca7664025de5d333f122ee823
/kaggle/input/datasets/alicjalena/pv-panel-defect-dataset/train/Bird-drop/Bird (47).jpg,train,Bird-drop,Bird (47).jpg,.jpg,134.607421875,True,,768,512,1.5,104.00646209716797,49ffc1484066ebff40daf9e2df9eb4c224c69155e30ed05b14716264b7998127
/kaggle/input/datasets/alicjalena/pv-panel-defect-dataset/train/Bird-drop/Bird (48).jpg,train,Bird-drop,Bird (48).jpg,.jpg,59.5234375,True,,500,375,1.3333333333333333,109.78984832763672,e62d2e341e591f3b65cbbaab083698495a745e325e6176b4c74c641aa49764b8
/kaggle/input/datasets/alicjalena/pv-panel-defect-dataset/train/Bird-drop/Bird (5).jpg,train,Bird-drop,Bird (5).jpg,.jpg,61.5390625,True,,474,345,1.373913043478261,109.97051239013672,af384c58d3ee4f53aa167d7330efad40c77a596b7eede830945a560df5982e0e
/kaggle/input/datasets/alicjalena/pv-panel-defect-dataset/train/Bird-drop/Bird (53).jpg,train,Bird-drop,Bird (53).jpg,.jpg,153.775390625,True,,931,768,1.2122395833333333,66.9839096069336,db7b17bfd8b34efdf2a6daf29154b1dc390554681972c3c83a2302fcff3ea852
/kaggle/input/datasets/alicjalena/pv-panel-defect-dataset/train/Bird-drop/Bird (56).jpg,train,Bird-drop,Bird (56).jpg,.jpg,219.1376953125,True,,879,943,0.9321314952279958,103.87348937988281,1e7cc7bbc35c574c53285b1e41f9fc067c66f4daa46cb70d6718297e28ca52f8
/kaggle/input/datasets/alicjalena/pv-panel-defect-dataset/train/Bird-drop/Bird (59).jpg,train,Bird-drop,Bird (59).jpg,.jpg,35.2392578125,True,,514,184,2.7934782608695654,90.45391845703125,9ef5580c9b296d53c153b87ee88480506abc581d1cff347197b17136c79c8fdf
/kaggle/input/datasets/alicjalena/pv-panel-defect-dataset/train/Bird-drop/Bird (61).jpg,train,Bird-drop,Bird (61).jpg,.jpg,423.576171875,True,,1500,847,1.770956316410862,97.57219696044922,4592c8cc6cfbf0e30c989a414c2bd8e12c62a26b300ff7d5d6c2967dfefe7857
/kaggle/input/datasets/alicjalena/pv-panel-defect-dataset/train/Bird-drop/Bird (63).jpg,train,Bird-drop,Bird (63).jpg,.jpg,166.0146484375,True,,980,735,1.3333333333333333,114.69859313964844,18d43c1f1552c166abd0dab716fb09aa4cc9399e80305e6b54a0315cf63ed161
/kaggle/input/datasets/alicjalena/pv-panel-defect-dataset/train/Bird-drop/Bird (66).jpg,train,Bird-drop,Bird (66).jpg,.jpg,65.58203125,True,,474,632,0.75,103.77227020263672,77404c11024ae3c01199da598938e060b20cbc049d91e53a911068a7f05a210b
/kaggle/input/datasets/alicjalena/pv-panel-defect-dataset/train/Bird-drop/Bird (67).jpg,train,Bird-drop,Bird (67).jpg,.jpg,224.7529296875,True,,620,827,0.7496977025392987,126.53067779541016,4e9b4e800b0e6d633aa0a5ca511bc11d74c1a3ce7868d84be34367bd2c317ac5
/kaggle/input/datasets/alicjalena/pv-panel-defect-dataset/train/Bird-drop/Bird (68).jpg,train,Bird-drop,Bird (68).jpg,.jpg,221.5712890625,True,,614,465,1.3204301075268816,139.18968200683594,e5bce36d0d2849827149f350f194d432bbfde68a29b9a956e49bef67948b4619
/kaggle/input/datasets/alicjalena/pv-panel-defect-dataset/train/Bird-drop/Bird (69).JPG,train,Bird-drop,Bird (69).JPG,.jpg,119.79296875,True,,591,587,1.0068143100511073,130.72129821777344,4e4dcaab293522af3fcca3412bcb8970d84cb14406a82c4906cdf1c31fab3d06
/kaggle/input/datasets/alicjalena/pv-panel-defect-dataset/train/Bird-drop/Bird (7).jpg,train,Bird-drop,Bird (7).jpg,.jpg,1923.453125,True,,2411,1836,1.3131808278867103,114.30525207519531,153be2360e42514abea2d39d92d1c63f202442e4d84cb1911a71ad1a5aa02b25
/kaggle/input/datasets/alicjalena/pv-panel-defect-dataset/train/Bird-drop/Bird (72).jpg,train,Bird-drop,Bird (72).jpg,.jpg,52.11328125,True,,474,632,0.75,107.11319732666016,dc9cb83f5be3e932849965c58d332eefbeaa6dd1bac7b7ce47b475ce4f0e0396
/kaggle/input/datasets/alicjalena/pv-panel-defect-dataset/train/Bird-drop/Bird (73).jpg,train,Bird-drop,Bird (73).jpg,.jpg,34.80078125,True,,474,322,1.4720496894409938,110.70857238769531,82ba2cfc4aac5f45c609ea6efa7e3c3c21ce8dd8db0e6ea5d37e15034900a881
/kaggle/input/datasets/alicjalena/pv-panel-defect-dataset/train/Bird-drop/Bird (75).jpg,train,Bird-drop,Bird (75).jpg,.jpg,104.388671875,True,,720,960,0.75,115.43869018554688,fcb19730234a96ffaf2b73a993cc4061cd78b3b7e991a88d7ace243cfb2694de
/kaggle/input/datasets/alicjalena/pv-panel-defect-dataset/train/Bird-drop/Bird (78).jpg,train,Bird-drop,Bird (78).jpg,.jpg,144.8603515625,True,,640,480,1.3333333333333333,80.09551239013672,20d366546ba865c6c0ae110a6cd475b39d9756b37f9708b14d0c0f6f93640a32
/kaggle/input/datasets/alicjalena/pv-panel-defect-dataset/train/Bird-drop/Bird (82).jpg,train,Bird-drop,Bird (82).jpg,.jpg,1768.72265625,True,,1024,768,1.3333333333333333,122.281005859375,0384adfe1bc0700e67adfffdec51a51cb6a0f4eaa6f49c1b4e8c8ae60ab484dd
/kaggle/input/datasets/alicjalena/pv-panel-defect-dataset/train/Bird-drop/Bird (83).jpg,train,Bird-drop,Bird (83).jpg,.jpg,197.19921875,True,,1024,768,1.3333333333333333,80.61396026611328,4258e3a3667dba2780d3cf584a62177019ff3193d022bb24c5a91f5dcc57d1a8
/kaggle/input/datasets/alicjalena/pv-panel-defect-dataset/train/Bird-drop/Bird (84).jpg,train,Bird-drop,Bird (84).jpg,.jpg,148.5302734375,True,,275,183,1.5027322404371584,115.59356689453125,b0d8b97b440e8a75e53f13298debc862f936f4ec8651f7378bbab9e291fd64cc
/kaggle/input/datasets/alicjalena/pv-panel-defect-dataset/train/Bird-drop/Bird (85).jpg,train,Bird-drop,Bird (85).jpg,.jpg,123.810546875,True,,720,960,0.75,140.42990112304688,fe69557706502abc570d39ccbb4322cd19b2155de3ccd443201ae8de5fe5be87
/kaggle/input/datasets/alicjalena/pv-panel-defect-dataset/train/Bird-drop/Bird (88).jpg,train,Bird-drop,Bird (88).jpg,.jpg,123.1708984375,True,,720,960,0.75,90.86341857910156,e13b1c9d6d2a08c2bc8cc48074c744ff301323a18c395a07dd226eafacb0d22a
/kaggle/input/datasets/alicjalena/pv-panel-defect-dataset/train/Bird-drop/Bird (89).jpg,train,Bird-drop,Bird (89).jpg,.jpg,98.0966796875,True,,720,960,0.75,133.8036346435547,d0b99dcb455638341db3372361f4b81e259f48404c0478025e5d6cb0bc779733
/kaggle/input/datasets/alicjalena/pv-panel-defect-dataset/train/Bird-drop/Bird (9).jpg,train,Bird-drop,Bird (9).jpg,.jpg,78.0341796875,True,,601,600,1.0016666666666667,110.4285659790039,a771c22a1f00e6474ee5b570fadb6af70f3e5fe6f1e21a6f90342ded9270fbe4
/kaggle/input/datasets/alicjalena/pv-panel-defect-dataset/train/Bird-drop/Bird (90).jpg,train,Bird-drop,Bird (90).jpg,.jpg,140.7578125,True,,720,960,0.75,93.73377990722656,547a2e680efd448ca327e4599f72bab4f951024cf4604176d86f54f46df2656a
/kaggle/input/datasets/alicjalena/pv-panel-defect-dataset/train/Bird-drop/Bird (91).jpg,train,Bird-drop,Bird (91).jpg,.jpg,1303.8388671875,True,,2048,1536,1.3333333333333333,113.44612884521484,0c61a35b6bca48dc2ce03f285abd8dd1c53b6e1a658639a52fdee2edc856bd97
/kaggle/input/datasets/alicjalena/pv-panel-defect-dataset/train/Bird-drop/Bird (92).jpg,train,Bird-drop,Bird (92).jpg,.jpg,1191.96875,True,,2560,1920,1.3333333333333333,119.60804748535156,c643d1673f1d08b0c1bb35c442740a8265c530181f4721d4cd0f3f4dde098e14
/kaggle/input/datasets/alicjalena/pv-panel-defect-dataset/train/Bird-drop/Bird (93).jpg,train,Bird-drop,Bird (93).jpg,.jpg,116.7783203125,True,,720,960,0.75,133.2609100341797,f78f6f800555c84f84f8bce765648ff86d520f236afdf313ff363a20702a8e33
/kaggle/input/datasets/alicjalena/pv-panel-defect-dataset/train/Bird-drop/Bird (94).jpg,train,Bird-drop,Bird (94).jpg,.jpg,745.1181640625,True,,1536,2048,0.75,96.13907623291016,e89d5594569d33a9e6469c80533e1be0488d2e4dd00b1dea5ed0acbb49ff7134
/kaggle/input/datasets/alicjalena/pv-panel-defect-dataset/train/Bird-drop/Bird (95).jpg,train,Bird-drop,Bird (95).jpg,.jpg,118.0107421875,True,,720,960,0.75,131.9015350341797,b852485fe6b53ebb8c41ee2066b755471b381831379ca85bb061536def6419e6
/kaggle/input/datasets/alicjalena/pv-panel-defect-dataset/train/Bird-drop/Bird (96).jpg,train,Bird-drop,Bird (96).jpg,.jpg,117.482421875,True,,720,960,0.75,115.44721221923828,3e8f8f07a662a1ecbd02865ec1fdc85d5f8f8df3389884114f56a77856b3e617
/kaggle/input/datasets/alicjalena/pv-panel-defect-dataset/train/Bird-drop/Bird (97).jpg,train,Bird-drop,Bird (97).jpg,.jpg,132.0947265625,True,,720,960,0.75,121.84122467041016,f6119c9d06c216a0b9173f53a9d0156870b63eda912f6a6139197419bcc2a4f8
/kaggle/input/datasets/alicjalena/pv-panel-defect-dataset/train/Bird-drop/Bird (98).jpg,train,Bird-drop,Bird (98).jpg,.jpg,616.6484375,True,,1536,2048,0.75,94.41162109375,fa535f2beb9dcf6bd2e56d9da5fc3f9a90ed62eb27d0a07dd038620cc3e76b9d
/kaggle/input/datasets/alicjalena/pv-panel-defect-dataset/val/Bird-drop/Bird (100).jpg,val,Bird-drop,Bird (100).jpg,.jpg,1117.767578125,True,,1512,2016,0.75,108.42623901367188,600d95378b3feaa4b50f2b0fcc20c803558f66bd5d4d1294acfe8969f640e7ff
/kaggle/input/datasets/alicjalena/pv-panel-defect-dataset/val/Bird-drop/Bird (102).jpg,val,Bird-drop,Bird (102).jpg,.jpg,1263.7529296875,True,,2016,1512,1.3333333333333333,116.82139587402344,0809633d6db53d59c9daa5f557022ff9f94899c4ca1c6072bdc440c783c88cf3
/kaggle/input/datasets/alicjalena/pv-panel-defect-dataset/val/Bird-drop/Bird (106).jpg,val,Bird-drop,Bird (106).jpg,.jpg,140.4306640625,True,,720,960,0.75,129.23605346679688,33e541515a196076f0736b5bfb9a6e92999216cff592356f763222dce032b1f1
/kaggle/input/datasets/alicjalena/pv-panel-defect-dataset/val/Bird-drop/Bird (12).jpg,val,Bird-drop,Bird (12).jpg,.jpg,17.3916015625,True,,318,158,2.0126582278481013,117.69083404541016,4accdedb6b7d361677579c80dd4e5d2b514dfb7d17062705919f439580c60b7d
/kaggle/input/datasets/alicjalena/pv-panel-defect-dataset/val/Bird-drop/Bird (122).jpg,val,Bird-drop,Bird (122).jpg,.jpg,25.1513671875,True,,300,225,1.3333333333333333,116.94588470458984,8afb86058839861f1820cf7bea71e8d0d8116454d581cd79a88225d5dc759c54
/kaggle/input/datasets/alicjalena/pv-panel-defect-dataset/val/Bird-drop/Bird (167).JPG,val,Bird-drop,Bird (167).JPG,.jpg,60.283203125,True,,493,289,1.7058823529411764,105.5254898071289,d1f784589ef10b3376a4716c0e404e64d616e13a436581ef4bdd086c050ce74d
/kaggle/input/datasets/alicjalena/pv-panel-defect-dataset/val/Bird-drop/Bird (201).JPG,val,Bird-drop,Bird (201).JPG,.jpg,138.14453125,True,,601,794,0.756926952141058,108.66223907470703,66eb3a12c59b3985b8157a0a493bae59da241ea201dffcb27df2b44fbc437683
/kaggle/input/datasets/alicjalena/pv-panel-defect-dataset/val/Bird-drop/Bird (26).JPG,val,Bird-drop,Bird (26).JPG,.jpg,90.232421875,True,,470,591,0.7952622673434856,109.40650177001953,fb4604b8ffcf92e2e797e7de81db409ba56fe85024fa738f41f73537904be57b
/kaggle/input/datasets/alicjalena/pv-panel-defect-dataset/val/Bird-drop/Bird (32).JPG,val,Bird-drop,Bird (32).JPG,.jpg,59.943359375,True,,494,296,1.6689189189189189,105.67789459228516,8260572e2f1b61fc19b944283f8e5bd9f6281c696154bcaeefa4bd012bf9ddfc
/kaggle/input/datasets/alicjalena/pv-panel-defect-dataset/val/Bird-drop/Bird (43).jpg,val,Bird-drop,Bird (43).jpg,.jpg,251.8623046875,True,,1080,1440,0.75,115.600341796875,f3ef9c88a41c777af42ffd973203dc2f72bb7c3a5c68045b359bfad896646ecd
/kaggle/input/datasets/alicjalena/pv-panel-defect-dataset/val/Bird-drop/Bird (50).jpg,val,Bird-drop,Bird (50).jpg,.jpg,3218.3994140625,True,,2448,3264,0.75,125.15516662597656,bcdc82ff40b436d31b68db198e0f4fdfa4ffc99c58d0e5a5d475f7f8ef821307
/kaggle/input/datasets/alicjalena/pv-panel-defect-dataset/val/Bird-drop/Bird (65).jpg,val,Bird-drop,Bird (65).jpg,.jpg,295.896484375,True,,657,469,1.4008528784648189,132.29905700683594,ddbca6638e8202cddc1e48e0df4533ea30899fb99d9248ff8f7ee30a23f5d272
/kaggle/input/datasets/alicjalena/pv-panel-defect-dataset/test/Clean/Clean (1).jpeg,test,Clean,Clean (1).jpeg,.jpeg,68.1796875,True,,500,500,1.0,98.48184967041016,70554b3007114f723211561375ae25caee23659a19303073ec30718917ba073b
/kaggle/input/datasets/alicjalena/pv-panel-defect-dataset/test/Clean/Clean (130).jpg,test,Clean,Clean (130).jpg,.jpg,1676.298828125,True,,2048,1536,1.3333333333333333,134.90196228027344,4537c74ac2e30c412693d8e1aa7c3149b778931050a53a5d7e62dafa7d9cbad7
/kaggle/input/datasets/alicjalena/pv-panel-defect-dataset/test/Clean/Clean (142).jpg,test,Clean,Clean (142).jpg,.jpg,224.9482421875,True,,1024,768,1.3333333333333333,108.43722534179688,58bac5d8adbb400e491558785a496c931da7b1e3485d91ee19c851737cdae1aa
/kaggle/input/datasets/alicjalena/pv-panel-defect-dataset/test/Clean/Clean (150).jpg,test,Clean,Clean (150).jpg,.jpg,36.94921875,True,,474,316,1.5,94.60343170166016,9cb83773a462058ed3fe847444a5908d2178d6d3c561d5907c7e5cdd5e516289
/kaggle/input/datasets/alicjalena/pv-panel-defect-dataset/test/Clean/Clean (152).jpg,test,Clean,Clean (152).jpg,.jpg,46.2255859375,True,,474,315,1.5047619047619047,117.33271789550781,f0cd54a4fbdf8eb2cbb3215a3093b2f5e1c688506246af4fd17c02f50e93b4a0
/kaggle/input/datasets/alicjalena/pv-panel-defect-dataset/test/Clean/Clean (165).jpg,test,Clean,Clean (165).jpg,.jpg,140.865234375,True,,700,933,0.7502679528403001,85.1396484375,e7107ff22be551974af430c77cfaf1983cb341761d4a1c5661462403d1abdda4
/kaggle/input/datasets/alicjalena/pv-panel-defect-dataset/test/Clean/Clean (167).jpg,test,Clean,Clean (167).jpg,.jpg,53.814453125,True,,474,355,1.3352112676056338,119.30911254882812,c407c54ce1a485cb34551e3962a3b0a308de9c043a9955a18b75113f00861f0c
/kaggle/input/datasets/alicjalena/pv-panel-defect-dataset/test/Clean/Clean (175).jpg,test,Clean,Clean (175).jpg,.jpg,162.9765625,True,,700,500,1.4,133.78036499023438,853896289bd5afbf9813a1db97415e7b8585d8a7e94c51297ef15c24ceeac493
/kaggle/input/datasets/alicjalena/pv-panel-defect-dataset/test/Clean/Clean (191).jpg,test,Clean,Clean (191).jpg,.jpg,30.0048828125,True,,325,455,0.7142857142857143,85.60327911376953,8edaf64e84333d0f158e704b2e48df643f9588ad6e095d54da22ba7d3fe3496b
/kaggle/input/datasets/alicjalena/pv-panel-defect-dataset/test/Clean/Clean (26).jpg,test,Clean,Clean (26).jpg,.jpg,1200.58203125,True,,1536,2048,0.75,92.06968688964844,1ba767eabe2aa813f4f7cd327101ba79f83eb4abbce784d8eab9216ec18678f7
/kaggle/input/datasets/alicjalena/pv-panel-defect-dataset/test/Clean/Clean (30).jpg,test,Clean,Clean (30).jpg,.jpg,290.705078125,True,,1500,1000,1.5,95.90766143798828,2bdf04dd812fcbd4c6733c06fc03d5dd3060a53ff359dee6e5f25a676effcce8
/kaggle/input/datasets/alicjalena/pv-panel-defect-dataset/test/Clean/Clean (52).jpg,test,Clean,Clean (52).jpg,.jpg,60.6787109375,True,,800,716,1.1173184357541899,134.094970703125,6023b7f357c5547cc92b68e7a03916cebe29268cbeb19937c17cfeb254fd9e30
/kaggle/input/datasets/alicjalena/pv-panel-defect-dataset/test/Clean/Clean (62).jpg,test,Clean,Clean (62).jpg,.jpg,113.1494140625,True,,720,960,0.75,118.95572662353516,ac90ab52d19b59a186eb9c075f988f9e0013b35d062cebfb75995524aef72f61
/kaggle/input/datasets/alicjalena/pv-panel-defect-dataset/test/Clean/Clean (63).jpg,test,Clean,Clean (63).jpg,.jpg,82.5400390625,True,,720,960,0.75,104.56830596923828,58c1bae002511096246a51a0f76b1da9981d77f179d49e7865e3e364acadd240
/kaggle/input/datasets/alicjalena/pv-panel-defect-dataset/test/Clean/Clean (68).jpg,test,Clean,Clean (68).jpg,.jpg,5945.1162109375,True,,4864,3648,1.3333333333333333,118.78173828125,1342af9304a4ae612134deac1e48adb0cf80e7b3fa4bb2f0ca020739b146711b
/kaggle/input/datasets/alicjalena/pv-panel-defect-dataset/test/Clean/Clean (76).jpg,test,Clean,Clean (76).jpg,.jpg,2192.4443359375,True,,2592,1944,1.3333333333333333,108.20901489257812,715e2f5736e066a2b14e647ef18f4e38ba8aa7480b4cb6e8fb532d34f697a956
/kaggle/input/datasets/alicjalena/pv-panel-defect-dataset/test/Clean/Clean (83).jpg,test,Clean,Clean (83).jpg,.jpg,102.30078125,True,,720,960,0.75,115.75843811035156,87aafaba9c04aad607cef539069e44d4093d6ff7791c208bef54ace14a90138a
/kaggle/input/datasets/alicjalena/pv-panel-defect-dataset/test/Clean/Clean (92).jpg,test,Clean,Clean (92).jpg,.jpg,144.931640625,True,,960,720,1.3333333333333333,105.38107299804688,395955f954903cd8db2723f8425dbea533bc8e4b359b9f040722902b1bf90500
/kaggle/input/datasets/alicjalena/pv-panel-defect-dataset/train/Clean/Clean (10).JPG,train,Clean,Clean (10).JPG,.jpg,163.4853515625,True,,1218,779,1.5635430038510911,112.58142852783203,cff77dd95f21f7645f6c81ff90a5a124e984f2018e99ecf5824866fff6558aa0
/kaggle/input/datasets/alicjalena/pv-panel-defect-dataset/train/Clean/Clean (100).jpg,train,Clean,Clean (100).jpg,.jpg,290.853515625,True,,1080,1080,1.0,116.0404052734375,299f275b5d71268a94942460eab860171af270894005aec8abc4f99b9a49e90d
/kaggle/input/datasets/alicjalena/pv-panel-defect-dataset/train/Clean/Clean (101).jpg,train,Clean,Clean (101).jpg,.jpg,125.677734375,True,,960,720,1.3333333333333333,131.355224609375,3c98534f12863a6e1ae271a36df0f32ac38f798dce622afd60f448ceb1864a67
/kaggle/input/datasets/alicjalena/pv-panel-defect-dataset/train/Clean/Clean (102).jpg,train,Clean,Clean (102).jpg,.jpg,470.2900390625,True,,1536,2048,0.75,105.83639526367188,84e263811ac14e815a0a1b818bdc61976e6d3eabe3e4a46b5a27b7b401fe1b63
/kaggle/input/datasets/alicjalena/pv-panel-defect-dataset/train/Clean/Clean (103).jpg,train,Clean,Clean (103).jpg,.jpg,550.208984375,True,,2047,1152,1.7769097222222223,160.87149047851562,ed44e4467a9d467b1b0ea38d90fbd274dfe9431f4195eb7c93b2012995c0f12b
/kaggle/input/datasets/alicjalena/pv-panel-defect-dataset/train/Clean/Clean (104).jpg,train,Clean,Clean (104).jpg,.jpg,151.9423828125,True,,960,678,1.415929203539823,105.40269470214844,cc86547ef5ba9fb38dfa36d0db2643325f0d1f5eaaa5e350d6f4ab7900ca07ca
/kaggle/input/datasets/alicjalena/pv-panel-defect-dataset/train/Clean/Clean (105).jpg,train,Clean,Clean (105).jpg,.jpg,35.544921875,True,,474,316,1.5,78.24384307861328,5c9fbd3f402fd8d7333c8be0a98de45defce00fd213cc4a7ec4d200e47b255da
/kaggle/input/datasets/alicjalena/pv-panel-defect-dataset/train/Clean/Clean (106).jpg,train,Clean,Clean (106).jpg,.jpg,163.7138671875,True,,600,900,0.6666666666666666,95.29705810546875,319606c46292229df958c1b1fce0172f45a59a07053a036a01636eafe9e40348
/kaggle/input/datasets/alicjalena/pv-panel-defect-dataset/train/Clean/Clean (107).jpg,train,Clean,Clean (107).jpg,.jpg,928.212890625,True,,2364,2364,1.0,131.23484802246094,da85d805ea46665f3007c20040b1ba375d53c1831f01136816f8985231add3ae
/kaggle/input/datasets/alicjalena/pv-panel-defect-dataset/train/Clean/Clean (108).jpg,train,Clean,Clean (108).jpg,.jpg,107.88671875,True,,1024,684,1.4970760233918128,136.1979217529297,a927c941bb779201b277b7130f5cb98d068f7b15e7c90fda5a052c93175c7715
/kaggle/input/datasets/alicjalena/pv-panel-defect-dataset/train/Clean/Clean (109).jpg,train,Clean,Clean (109).jpg,.jpg,579.03125,True,,1536,2048,0.75,125.47352600097656,cef1aa61820e0ac23b6aa625680cb0b7876930c1a660c6441b4bc3c0f32865ea
/kaggle/input/datasets/alicjalena/pv-panel-defect-dataset/train/Clean/Clean (11).jpg,train,Clean,Clean (11).jpg,.jpg,174.9814453125,True,,1200,803,1.4943960149439601,106.94646453857422,fd9ffcc69034f26fa65fbf547b842434fbe2686a7cfb80f16831795a70a32e63
/kaggle/input/datasets/alicjalena/pv-panel-defect-dataset/train/Clean/Clean (110).jpg,train,Clean,Clean (110).jpg,.jpg,86.1416015625,True,,720,960,0.75,106.10093688964844,526461fa7b885a5f91af4ea5c4e3b2806d44a5614e3d107da4a43de35a64b549
/kaggle/input/datasets/alicjalena/pv-panel-defect-dataset/train/Clean/Clean (111).jpg,train,Clean,Clean (111).jpg,.jpg,113.2158203125,True,,720,960,0.75,99.19869995117188,36ba87b4dc4bc70987114f2020ef051d0a476c41c775adff972c350d61ef636a
/kaggle/input/datasets/alicjalena/pv-panel-defect-dataset/train/Clean/Clean (112).jpg,train,Clean,Clean (112).jpg,.jpg,118.6748046875,True,,720,960,0.75,87.30577087402344,b02b38d1167384a9b628d8d3ac81250359e4817540a06d8601512e7c80ec74a1
/kaggle/input/datasets/alicjalena/pv-panel-defect-dataset/train/Clean/Clean (113).jpg,train,Clean,Clean (113).jpg,.jpg,242.810546875,True,,1280,720,1.7777777777777777,93.96968841552734,041226063cf1d580f01f8bffd02db9ab24123c46a9632ea6545a7a19517a786c
/kaggle/input/datasets/alicjalena/pv-panel-defect-dataset/train/Clean/Clean (115).jpg,train,Clean,Clean (115).jpg,.jpg,85.4501953125,True,,800,600,1.3333333333333333,116.26152801513672,05f06f51fe46869710ec4b13548597e7ea3cd4bd69f00beb4405960e14e49f87
/kaggle/input/datasets/alicjalena/pv-panel-defect-dataset/train/Clean/Clean (116).jpg,train,Clean,Clean (116).jpg,.jpg,984.8994140625,True,,1224,786,1.5572519083969465,98.5211181640625,deef7faf41c5285568e413c1abdf8a852a29158082538f7dfd6dd0d4fa6c5bcf
/kaggle/input/datasets/alicjalena/pv-panel-defect-dataset/train/Clean/Clean (118).jpg,train,Clean,Clean (118).jpg,.jpg,18.7998046875,True,,250,250,1.0,117.6666488647461,a3badb3ca403b1083b851bc09d7b50f33da087da956028e30e097db9e70641bf
/kaggle/input/datasets/alicjalena/pv-panel-defect-dataset/train/Clean/Clean (119).jpg,train,Clean,Clean (119).jpg,.jpg,289.6572265625,True,,850,565,1.5044247787610618,102.68860626220703,43eec1b7954271496bfb0b5df0c63b775d23c466b9b491eae6c2119e9f444f01
/kaggle/input/datasets/alicjalena/pv-panel-defect-dataset/train/Clean/Clean (12).jpg,train,Clean,Clean (12).jpg,.jpg,97.82421875,True,,608,608,1.0,126.16998291015625,f9a4e1b98a146f4884559544e56e5fd9ba179ff55b5357b435321fabeb9a001d
/kaggle/input/datasets/alicjalena/pv-panel-defect-dataset/train/Clean/Clean (120).jpg,train,Clean,Clean (120).jpg,.jpg,51.8583984375,True,,700,447,1.5659955257270695,79.41085815429688,d0269b405139ca1e8f05a91e2a1814bab398f9360855ca0b452ee3b4b46728fc
/kaggle/input/datasets/alicjalena/pv-panel-defect-dataset/train/Clean/Clean (121).jpg,train,Clean,Clean (121).jpg,.jpg,48.3388671875,True,,474,355,1.3352112676056338,100.14803314208984,8965b19a6b783e40cd9c733cd1a1d8c64c7bed9c3951141531f90efc1b4dd946
/kaggle/input/datasets/alicjalena/pv-panel-defect-dataset/train/Clean/Clean (123).jpg,train,Clean,Clean (123).jpg,.jpg,47.2802734375,True,,474,355,1.3352112676056338,88.43994140625,f6e7f678370c79ecc6ce55484274c5a64cad6615c67f87dc2a3833ec4b8dd976
/kaggle/input/datasets/alicjalena/pv-panel-defect-dataset/train/Clean/Clean (124).jpg,train,Clean,Clean (124).jpg,.jpg,127.65625,True,,910,888,1.0247747747747749,107.42864227294922,8abb3e3e5dd33ff3e69aa79496f647d32d3e73f1a6ad1aaf216b1022c5022d0c
/kaggle/input/datasets/alicjalena/pv-panel-defect-dataset/train/Clean/Clean (125).jpg,train,Clean,Clean (125).jpg,.jpg,53.4267578125,True,,499,385,1.2961038961038962,116.56221008300781,be8c1fb731ea8673d26372351a205a753d15bb39328efa94c900d3bae9529d26
/kaggle/input/datasets/alicjalena/pv-panel-defect-dataset/train/Clean/Clean (127).jpg,train,Clean,Clean (127).jpg,.jpg,38.2490234375,True,,474,355,1.3352112676056338,122.15830993652344,7a1436ca4e6dbd0ff668b8d578f693956256ffe97b35dc245f3c0a72a8162099
/kaggle/input/datasets/alicjalena/pv-panel-defect-dataset/train/Clean/Clean (128).jpg,train,Clean,Clean (128).jpg,.jpg,102.064453125,True,,692,263,2.6311787072243344,111.48426818847656,0b2583c1177100e34071de27034c7333acca17c8c3afb5f78525654ae29e7512
/kaggle/input/datasets/alicjalena/pv-panel-defect-dataset/train/Clean/Clean (129).jpg,train,Clean,Clean (129).jpg,.jpg,268.275390625,True,,1334,1000,1.334,128.01168823242188,52177b6d9f8ead0a043af762cc1195f132c6682127b94028c2e43e285dc268c3
/kaggle/input/datasets/alicjalena/pv-panel-defect-dataset/train/Clean/Clean (13).jpg,train,Clean,Clean (13).jpg,.jpg,2030.310546875,True,,3500,2330,1.502145922746781,122.99650573730469,05b02f3dc116634a62d02287df80c89f1da069e66e3d4b6e5b903a69d10c5a75
/kaggle/input/datasets/alicjalena/pv-panel-defect-dataset/train/Clean/Clean (131).jpg,train,Clean,Clean (131).jpg,.jpg,801.7978515625,True,,2400,1800,1.3333333333333333,99.60782623291016,00bc33319ccacbc6569f56e78b4d047d111c9abf4c5596239007efe83e0f8a6b
/kaggle/input/datasets/alicjalena/pv-panel-defect-dataset/train/Clean/Clean (132).jpg,train,Clean,Clean (132).jpg,.jpg,4008.3515625,True,,3072,2304,1.3333333333333333,131.795654296875,b0d83a2908ca269afd422d3f5ebf69cdf63cf8e4a49c54cbcb739391f67977a7
/kaggle/input/datasets/alicjalena/pv-panel-defect-dataset/train/Clean/Clean (133).jpg,train,Clean,Clean (133).jpg,.jpg,234.1591796875,True,,1280,720,1.7777777777777777,129.26974487304688,7db57c36bdbbd1bd8860e72ba7747c899e01d4ebd08d3ab8015cf1673b018de6
/kaggle/input/datasets/alicjalena/pv-panel-defect-dataset/train/Clean/Clean (134).jpg,train,Clean,Clean (134).jpg,.jpg,180.0537109375,True,,600,450,1.3333333333333333,127.40750122070312,5f5734858865f2fd3ce63d49f5f0f6ef96f0c9b6635152bf11ef15667fd10199
/kaggle/input/datasets/alicjalena/pv-panel-defect-dataset/train/Clean/Clean (135).JPG,train,Clean,Clean (135).JPG,.jpg,151.4560546875,True,,1131,775,1.4593548387096775,112.54841613769531,bb09599acbd398894b45c35edb68b1a459bacf25798078b2a8d31e90501bb34f
/kaggle/input/datasets/alicjalena/pv-panel-defect-dataset/train/Clean/Clean (136).JPG,train,Clean,Clean (136).JPG,.jpg,155.865234375,True,,788,740,1.0648648648648649,74.71410369873047,e6b52a25fd9482ef331368a53ae9e9fc58196e558a11900e50cdd38d290e3db0
/kaggle/input/datasets/alicjalena/pv-panel-defect-dataset/train/Clean/Clean (137).jpg,train,Clean,Clean (137).jpg,.jpg,73.2626953125,True,,600,400,1.5,96.32374572753906,894f0efc798421a09a37b794cffb8c3395111233b78f6b96326db3ee3730a42d
/kaggle/input/datasets/alicjalena/pv-panel-defect-dataset/train/Clean/Clean (138).jpg,train,Clean,Clean (138).jpg,.jpg,218.744140625,True,,1024,768,1.3333333333333333,100.79424285888672,789421c1035faa24f51a9931fc2fa606faac07ec9a2b8bef33b733fd5eec61b9
/kaggle/input/datasets/alicjalena/pv-panel-defect-dataset/train/Clean/Clean (139).JPG,train,Clean,Clean (139).JPG,.jpg,145.86328125,True,,1032,781,1.321382842509603,108.28793334960938,748a719ea98ee5a2d7b00b1ff6dc0f7a7e9f7b18881e6d3dca054998ffd14372
/kaggle/input/datasets/alicjalena/pv-panel-defect-dataset/train/Clean/Clean (14).jpg,train,Clean,Clean (14).jpg,.jpg,836.5234375,True,,1936,2592,0.7469135802469136,131.7220916748047,0d3f116cd6c9915a7bfc1cd339034c76de4181031c7cc32485f485fd2345b4a2
/kaggle/input/datasets/alicjalena/pv-panel-defect-dataset/train/Clean/Clean (140).JPG,train,Clean,Clean (140).JPG,.jpg,61.82421875,True,,494,493,1.002028397565923,79.5079574584961,dd6e7091f71bed1a7609fd6e07966859b024e437afc9b57e9306259c36987202
/kaggle/input/datasets/alicjalena/pv-panel-defect-dataset/train/Clean/Clean (143).jpg,train,Clean,Clean (143).jpg,.jpg,77.787109375,True,,900,600,1.5,126.85309600830078,96ed2ac4423645a37c86e280afe54c4e3eedf4aec0daa59a9b230a7263e80a06
/kaggle/input/datasets/alicjalena/pv-panel-defect-dataset/train/Clean/Clean (144).jpg,train,Clean,Clean (144).jpg,.jpg,46.9580078125,True,,474,355,1.3352112676056338,94.87255859375,75cf9fe8c1539dbb2b4a4a74a76712613ef6c4f0a6e24e78fc5932b2a27dbe4b
/kaggle/input/datasets/alicjalena/pv-panel-defect-dataset/train/Clean/Clean (145).jpg,train,Clean,Clean (145).jpg,.jpg,37.5615234375,True,,474,315,1.5047619047619047,90.48719024658203,1f1d199f1f8fe86f6083b03ec1684fb5ff0b63b8f20dd6099363d658c12695e7
/kaggle/input/datasets/alicjalena/pv-panel-defect-dataset/train/Clean/Clean (146).jpg,train,Clean,Clean (146).jpg,.jpg,69.515625,True,,696,470,1.4808510638297872,102.52440643310547,e89d227081034403dc6e5537f513560d9cfe7dace7059b15bf37f40747a41ba0
/kaggle/input/datasets/alicjalena/pv-panel-defect-dataset/train/Clean/Clean (147).jpg,train,Clean,Clean (147).jpg,.jpg,40.9599609375,True,,474,355,1.3352112676056338,108.38265228271484,fa5d9a383828cf9056ab24958d99c2d84ebd1aa995ab72826c258f8b860ab928
/kaggle/input/datasets/alicjalena/pv-panel-defect-dataset/train/Clean/Clean (148).jpg,train,Clean,Clean (148).jpg,.jpg,36.5986328125,True,,474,316,1.5,71.758544921875,f66af176445f038c78aec90cbfd3ce2dd95d814c2f1b01543d78516efba56646
/kaggle/input/datasets/alicjalena/pv-panel-defect-dataset/train/Clean/Clean (149).jpg,train,Clean,Clean (149).jpg,.jpg,78.7421875,True,,702,468,1.5,116.63471221923828,03719a2e18c129d4d690e8e3eb11c85e32bb8358cc2b976a5c29253a78adf608
/kaggle/input/datasets/alicjalena/pv-panel-defect-dataset/train/Clean/Clean (15).JPG,train,Clean,Clean (15).JPG,.jpg,174.5078125,True,,1051,777,1.3526383526383527,109.4504623413086,b164bead33cb6f4636afad34ef192539b9d4a269c930bfba3e4a4954bafa2ddc
/kaggle/input/datasets/alicjalena/pv-panel-defect-dataset/train/Clean/Clean (151).jpg,train,Clean,Clean (151).jpg,.jpg,57.0830078125,True,,600,400,1.5,92.5923080444336,4ba89e3415d120f5d423cf579c316feb95f524a3f6bc8af1f9440fb7dab3965a
/kaggle/input/datasets/alicjalena/pv-panel-defect-dataset/train/Clean/Clean (153).jpg,train,Clean,Clean (153).jpg,.jpg,43.05078125,True,,474,364,1.3021978021978022,76.56592559814453,f557b6a875ac9e0bfb30e5060e4875a01882260c185337e4119471a42abab638
/kaggle/input/datasets/alicjalena/pv-panel-defect-dataset/train/Clean/Clean (154).jpg,train,Clean,Clean (154).jpg,.jpg,78.7392578125,True,,1000,667,1.4992503748125936,82.7441177368164,d4bf49d49be5adf563e8b649437fa6c3d23a919f52674e7e5970b630a6930770
/kaggle/input/datasets/alicjalena/pv-panel-defect-dataset/train/Clean/Clean (155).jpg,train,Clean,Clean (155).jpg,.jpg,54.806640625,True,,800,500,1.6,104.74736022949219,d60d1202f015ac2e20cb3dc46089cd2d6ee18bce6fd47c896a16175f925e0036
/kaggle/input/datasets/alicjalena/pv-panel-defect-dataset/train/Clean/Clean (156).jpg,train,Clean,Clean (156).jpg,.jpg,214.177734375,True,,1600,1067,1.499531396438613,116.81666564941406,44707bd01a659f2da65d0ba05b039c135ecbdf349a2a26fedee6a6677e1307d1
/kaggle/input/datasets/alicjalena/pv-panel-defect-dataset/train/Clean/Clean (158).jpg,train,Clean,Clean (158).jpg,.jpg,25.328125,True,,350,300,1.1666666666666667,106.39945220947266,72772bad6face2eee4e46d8ee9785a6120decd73fac4f754b193312aa3fbab52
/kaggle/input/datasets/alicjalena/pv-panel-defect-dataset/train/Clean/Clean (159).jpg,train,Clean,Clean (159).jpg,.jpg,70.193359375,True,,800,533,1.5009380863039399,85.45560455322266,1033a592b9db6792123f547bc5d663b85a16df32a34309ecc7add949a98aab31
/kaggle/input/datasets/alicjalena/pv-panel-defect-dataset/train/Clean/Clean (16).JPG,train,Clean,Clean (16).JPG,.jpg,133.2216796875,True,,1121,777,1.4427284427284428,107.94593048095703,ad3809eea6b4f12005306cb94863b658a5c40d66e6f2f35246dded4471b4a5c7
/kaggle/input/datasets/alicjalena/pv-panel-defect-dataset/train/Clean/Clean (160).jpg,train,Clean,Clean (160).jpg,.jpg,44.486328125,True,,474,475,0.9978947368421053,95.39544677734375,3ab344f01c0733d0b24103237a13994dafbf7a039061784ea0f6ff79afbc425d
/kaggle/input/datasets/alicjalena/pv-panel-defect-dataset/train/Clean/Clean (162).jpg,train,Clean,Clean (162).jpg,.jpg,98.1240234375,True,,1200,550,2.1818181818181817,73.57649230957031,c2d285f52758cebffca8dcf60a0076a1f72d0aecbed5a6f172cabc685f1279f7
/kaggle/input/datasets/alicjalena/pv-panel-defect-dataset/train/Clean/Clean (163).jpg,train,Clean,Clean (163).jpg,.jpg,38.22265625,True,,500,400,1.25,97.7650375366211,d1f9384a33476144511e056b96ad3f5b21b721ef0403ae853531d11e82b9cc46
/kaggle/input/datasets/alicjalena/pv-panel-defect-dataset/train/Clean/Clean (164).jpg,train,Clean,Clean (164).jpg,.jpg,83.5439453125,True,,800,600,1.3333333333333333,89.18267059326172,4497f9cf7b95c535e9b87bb0f6471d1a98bb0bec470e26506406b8ec983cc1b3
/kaggle/input/datasets/alicjalena/pv-panel-defect-dataset/train/Clean/Clean (166).jpg,train,Clean,Clean (166).jpg,.jpg,43.52734375,True,,474,355,1.3352112676056338,100.51356506347656,704c4fe87a0f9565626f85012a0d425c3429a9e1d65ff74cd896ce64fbb1d5a3
/kaggle/input/datasets/alicjalena/pv-panel-defect-dataset/train/Clean/Clean (168).jpg,train,Clean,Clean (168).jpg,.jpg,134.9599609375,True,,1280,960,1.3333333333333333,125.83200073242188,d09e23183db7005edcbeca100ea22c742cca0a421e9f367f94d3f0dad44b8847
/kaggle/input/datasets/alicjalena/pv-panel-defect-dataset/train/Clean/Clean (169).jpg,train,Clean,Clean (169).jpg,.jpg,151.912109375,True,,1078,1078,1.0,66.557861328125,a2af27acd425aa1fabd6312a67b543457595a4dc908684e77c189e8f51c42951
/kaggle/input/datasets/alicjalena/pv-panel-defect-dataset/train/Clean/Clean (17).jpg,train,Clean,Clean (17).jpg,.jpg,142.60546875,True,,800,600,1.3333333333333333,83.43603515625,8c53dd5b7a7cfc007f488640c90b5954729b74f97736c87c3cd5c40fdced48ce
/kaggle/input/datasets/alicjalena/pv-panel-defect-dataset/train/Clean/Clean (171).jpg,train,Clean,Clean (171).jpg,.jpg,42.5048828125,True,,474,316,1.5,126.60039520263672,ecf776867a01d3289a5ddd681a44108f030758431dcd9706e7a81b9294ed3050
/kaggle/input/datasets/alicjalena/pv-panel-defect-dataset/train/Clean/Clean (172).jpg,train,Clean,Clean (172).jpg,.jpg,55.2685546875,True,,640,640,1.0,79.9595718383789,49ba0d5b645870d19591a8f6ccafb61b4f5db18afe7fc4bd23872ad294515a33
/kaggle/input/datasets/alicjalena/pv-panel-defect-dataset/train/Clean/Clean (173).jpg,train,Clean,Clean (173).jpg,.jpg,871.875,True,,2503,1676,1.493436754176611,126.43565368652344,7c99b661cf30bfd22f30bfab54bde7e5d22823aaaf30daee24d9896434c802f8
/kaggle/input/datasets/alicjalena/pv-panel-defect-dataset/train/Clean/Clean (174).jpg,train,Clean,Clean (174).jpg,.jpg,69.142578125,True,,620,440,1.4090909090909092,142.0508270263672,f0de9d4e53ec48f82d6b763495b7448c7fd5ff26ee2cdb83baeca5a4f7c70444
/kaggle/input/datasets/alicjalena/pv-panel-defect-dataset/train/Clean/Clean (176).jpg,train,Clean,Clean (176).jpg,.jpg,401.7958984375,True,,1280,853,1.5005861664712778,87.82257843017578,5f002c1441bfd2c35783e89f5a2691390c6de722467373a14142504aefeba7bd
/kaggle/input/datasets/alicjalena/pv-panel-defect-dataset/train/Clean/Clean (177).jpg,train,Clean,Clean (177).jpg,.jpg,38.4638671875,True,,320,180,1.7777777777777777,69.80208587646484,da9921fd693596d032b79d3a9ba5e7d1383c68edf345d74b1a0f98645a77a4c9
/kaggle/input/datasets/alicjalena/pv-panel-defect-dataset/train/Clean/Clean (18).jpg,train,Clean,Clean (18).jpg,.jpg,146.52734375,True,,768,1024,0.75,111.48358917236328,24efcb1392cdaf357df1a4ad02865c030cfa718008a89c82ad409206a4fdf1d4
/kaggle/input/datasets/alicjalena/pv-panel-defect-dataset/train/Clean/Clean (180).jpg,train,Clean,Clean (180).jpg,.jpg,320.216796875,True,,1152,640,1.8,82.62173461914062,864dfbf03bc14883e2439efd1faaf7594d42ff6f341099f070f019e32310a421
/kaggle/input/datasets/alicjalena/pv-panel-defect-dataset/train/Clean/Clean (181).jpg,train,Clean,Clean (181).jpg,.jpg,30.9560546875,True,,448,336,1.3333333333333333,147.20114135742188,df3d06159f44b1af895a29f44dac4a5e2053c861cc532f3a72481d9dfb298d8c
/kaggle/input/datasets/alicjalena/pv-panel-defect-dataset/train/Clean/Clean (182).jpg,train,Clean,Clean (182).jpg,.jpg,16.6357421875,True,,300,225,1.3333333333333333,119.92955017089844,9a5d162c951e14ef0cb5a6fb7c29cd2487c7f7b419a3ace29c4e8ecd4ef6424e
/kaggle/input/datasets/alicjalena/pv-panel-defect-dataset/train/Clean/Clean (184).jpg,train,Clean,Clean (184).jpg,.jpg,83.8515625,True,,768,444,1.7297297297297298,76.3172836303711,383f4cd7e4c86b4476450b2b9898830c3b119a315e129282005ed8abfb539989
/kaggle/input/datasets/alicjalena/pv-panel-defect-dataset/train/Clean/Clean (185).jpg,train,Clean,Clean (185).jpg,.jpg,144.3173828125,True,,690,464,1.4870689655172413,79.71121215820312,50837e34fcba939699cbad1d8026462677299828126c99bb23f81295118b7bcb
/kaggle/input/datasets/alicjalena/pv-panel-defect-dataset/train/Clean/Clean (186).jpg,train,Clean,Clean (186).jpg,.jpg,84.2314453125,True,,800,450,1.7777777777777777,49.11520004272461,7e5a67b2a336ea37fd9d7248cf610a8c99e4564287e7cc682d900f8521484d88
/kaggle/input/datasets/alicjalena/pv-panel-defect-dataset/train/Clean/Clean (187).jpg,train,Clean,Clean (187).jpg,.jpg,218.5595703125,True,,1024,768,1.3333333333333333,80.48953247070312,9ef8683d30acb708ef29c3e9b0bc58c7ac56663a7b2f19293cc17e82db35c8ba
/kaggle/input/datasets/alicjalena/pv-panel-defect-dataset/train/Clean/Clean (189).jpg,train,Clean,Clean (189).jpg,.jpg,2188.0263671875,True,,3264,2448,1.3333333333333333,128.27490234375,bc4547f777814ab610e5dc29532c2f0acf75b4488d70eacccee93eb345721c7d
/kaggle/input/datasets/alicjalena/pv-panel-defect-dataset/train/Clean/Clean (19).jpg,train,Clean,Clean (19).jpg,.jpg,2299.7607421875,True,,5472,3648,1.5,110.69956970214844,55474eda524dbdcad9d1922a429782495057f94c52a7c6efb888dfb92263b0ae
/kaggle/input/datasets/alicjalena/pv-panel-defect-dataset/train/Clean/Clean (190).jpg,train,Clean,Clean (190).jpg,.jpg,97.3759765625,True,,499,385,1.2961038961038962,117.0848617553711,93dd298709a1ec689a3187b239dbec68ccd2b3d897db7387b5a191cb29d1296c
/kaggle/input/datasets/alicjalena/pv-panel-defect-dataset/train/Clean/Clean (192).jpg,train,Clean,Clean (192).jpg,.jpg,354.8505859375,True,,1400,1050,1.3333333333333333,139.27078247070312,3be1c7ba9e26efdb3871387c2dd35eba6bedec86ef08a6e1614294433480e412
/kaggle/input/datasets/alicjalena/pv-panel-defect-dataset/train/Clean/Clean (193).png,train,Clean,Clean (193).png,.png,323.8076171875,True,,400,300,1.3333333333333333,88.35498046875,79ac24361469ca10c52c5652321c90622c61682770f9f2022069719bb9b91e98
/kaggle/input/datasets/alicjalena/pv-panel-defect-dataset/train/Clean/Clean (2).jpg,train,Clean,Clean (2).jpg,.jpg,80.9228515625,True,,358,343,1.043731778425656,92.17890167236328,2c8380bbbf468716af2228e40e5397f4ba42607bd85087aa2e06125e8c2d6f1b
/kaggle/input/datasets/alicjalena/pv-panel-defect-dataset/train/Clean/Clean (20).jpg,train,Clean,Clean (20).jpg,.jpg,1679.5673828125,True,,3264,2448,1.3333333333333333,102.54904174804688,b6a7e3dd491b1fa39c486851c774c24cd136b57429d4d71feb5bc4b1629ac938
/kaggle/input/datasets/alicjalena/pv-panel-defect-dataset/train/Clean/Clean (21).jpg,train,Clean,Clean (21).jpg,.jpg,1780.2275390625,True,,5464,3640,1.501098901098901,109.53253936767578,d4f73612f5bfe1792857f270b85537457bc6dff380a3229dcc3b5213942bef10
/kaggle/input/datasets/alicjalena/pv-panel-defect-dataset/train/Clean/Clean (22).jpg,train,Clean,Clean (22).jpg,.jpg,1099.4208984375,True,,2560,1707,1.4997070884592854,87.01936340332031,dca8b496fdfb252f8b1e44af94564e09f26667df11958b82466a5a2fae533d33
/kaggle/input/datasets/alicjalena/pv-panel-defect-dataset/train/Clean/Clean (23).jpg,train,Clean,Clean (23).jpg,.jpg,1204.6044921875,True,,1824,2048,0.890625,94.26831817626953,fe22a092b43d936ca2fdff1e59ebeb864ef2a2d65806bdac414e7de632794e93
/kaggle/input/datasets/alicjalena/pv-panel-defect-dataset/train/Clean/Clean (24).jpg,train,Clean,Clean (24).jpg,.jpg,12306.982421875,True,,5067,3370,1.5035608308605342,154.3851776123047,0ff37605579e2520fd37da19dab60be0a11d6e0c439f207ee3ec482d331b9857
/kaggle/input/datasets/alicjalena/pv-panel-defect-dataset/train/Clean/Clean (25).jpg,train,Clean,Clean (25).jpg,.jpg,595.2421875,True,,720,800,0.9,157.55226135253906,6b52949ea58afed66a6b6520a88e92f7bf52e471c779257e99790598911144b4
/kaggle/input/datasets/alicjalena/pv-panel-defect-dataset/train/Clean/Clean (28).jpg,train,Clean,Clean (28).jpg,.jpg,258.603515625,True,,1000,667,1.4992503748125936,112.94895935058594,41f1f1d60f3c9e1075166a929f3715ce9010c4c1a31692f7657e3eab9facd5b7
/kaggle/input/datasets/alicjalena/pv-panel-defect-dataset/train/Clean/Clean (29).jpg,train,Clean,Clean (29).jpg,.jpg,68.3857421875,True,,800,485,1.6494845360824741,177.04844665527344,9e4c26797d3dd5c5f492209a419c7a770ab5a3c44f9eb5c07639c555a6c2b7ad
/kaggle/input/datasets/alicjalena/pv-panel-defect-dataset/train/Clean/Clean (3).jpg,train,Clean,Clean (3).jpg,.jpg,86.9462890625,True,,736,494,1.4898785425101215,49.18132400512695,34dc36d0a8b3749afdf231b1379bce965ecd02d03185ba1407ae6c81b1375dbd
/kaggle/input/datasets/alicjalena/pv-panel-defect-dataset/train/Clean/Clean (31).jpg,train,Clean,Clean (31).jpg,.jpg,214.3935546875,True,,1200,800,1.5,126.5951919555664,70e6a2993b5eff4f84c838944b87477a894500d8716c3c69ff3999374427f67b
/kaggle/input/datasets/alicjalena/pv-panel-defect-dataset/train/Clean/Clean (32).jpg,train,Clean,Clean (32).jpg,.jpg,554.6845703125,True,,900,506,1.7786561264822134,102.35633850097656,42561e77eb75b8031c957f097a37eb6e4bfd13b77afacd93531d7e12f8d63eff
/kaggle/input/datasets/alicjalena/pv-panel-defect-dataset/train/Clean/Clean (35).jpg,train,Clean,Clean (35).jpg,.jpg,44.6689453125,True,,600,400,1.5,126.48112487792969,e39d9899726d29fa5d54e3bfa1b8c220c0f148a6a05090b098e4ee0f03ea871a
/kaggle/input/datasets/alicjalena/pv-panel-defect-dataset/train/Clean/Clean (36).jpg,train,Clean,Clean (36).jpg,.jpg,195.583984375,True,,615,410,1.5,103.96823120117188,07280eacecad6579699c0e8e719c2339203131cb0bd9e59084e9741df1d75ee1
/kaggle/input/datasets/alicjalena/pv-panel-defect-dataset/train/Clean/Clean (37).jpg,train,Clean,Clean (37).jpg,.jpg,326.08984375,True,,414,353,1.1728045325779037,127.04350280761719,acb12d1beff34c5fef68c809af40218c63e07b83b1fdc19ad8c3ebf4ec48c304
/kaggle/input/datasets/alicjalena/pv-panel-defect-dataset/train/Clean/Clean (38).jpg,train,Clean,Clean (38).jpg,.jpg,35.15625,True,,300,300,1.0,92.39896392822266,934897c56248324743939c42e3346f7e09ee2aaeb3fe1992e912f7a51e7603c2
/kaggle/input/datasets/alicjalena/pv-panel-defect-dataset/train/Clean/Clean (39).jpg,train,Clean,Clean (39).jpg,.jpg,86.609375,True,,499,332,1.5030120481927711,78.50814819335938,7cba2f201d010729b546094fce26e2e60687d554e3f8652c6f2be09fac908857
/kaggle/input/datasets/alicjalena/pv-panel-defect-dataset/train/Clean/Clean (4).jpg,train,Clean,Clean (4).jpg,.jpg,103.310546875,True,,768,768,1.0,94.1502685546875,e72b8eacb870ccafc445978af64f3415c3949bcc795a8487d729fbd7ea0cd0e2
/kaggle/input/datasets/alicjalena/pv-panel-defect-dataset/train/Clean/Clean (40).jpg,train,Clean,Clean (40).jpg,.jpg,655.09375,True,,2000,1339,1.4936519790888723,106.79769134521484,24bcc49118cab0f2b4fb2794aac809ab331e848d7984e4c837f86e8c7d2bb3f0
/kaggle/input/datasets/alicjalena/pv-panel-defect-dataset/train/Clean/Clean (41).jpg,train,Clean,Clean (41).jpg,.jpg,95.8525390625,True,,600,401,1.4962593516209477,82.73268127441406,bd1e7a94264cb9f6c678b3c45ebbc6e0001c2c214f0d5bb1c03a1bb43cdc8e96
/kaggle/input/datasets/alicjalena/pv-panel-defect-dataset/train/Clean/Clean (42).jpg,train,Clean,Clean (42).jpg,.jpg,1266.6513671875,True,,1536,2048,0.75,86.334228515625,4b09cf3801deb73eec6473e45a9145f81b9351e1b762dacbbecac716d29f0b27
/kaggle/input/datasets/alicjalena/pv-panel-defect-dataset/train/Clean/Clean (43).jpg,train,Clean,Clean (43).jpg,.jpg,850.447265625,True,,1420,800,1.775,131.65830993652344,01f779835be077d1df6b14b8de4707f7e6213f677d421b072cd270dfb7463169
/kaggle/input/datasets/alicjalena/pv-panel-defect-dataset/train/Clean/Clean (44).jpg,train,Clean,Clean (44).jpg,.jpg,339.7998046875,True,,1200,675,1.7777777777777777,223.89334106445312,c7ddf27127b8e8ca18675836668114c24dac514c90b850bc1967e4f1d9daea87
/kaggle/input/datasets/alicjalena/pv-panel-defect-dataset/train/Clean/Clean (45).jpg,train,Clean,Clean (45).jpg,.jpg,48.5576171875,True,,544,960,0.5666666666666667,91.40978240966797,ebe64eabfc7c81f0c97adaefb444bf67295a90d29afe1c6bf591b3c58779c011
/kaggle/input/datasets/alicjalena/pv-panel-defect-dataset/train/Clean/Clean (46).jpg,train,Clean,Clean (46).jpg,.jpg,239.1201171875,True,,1080,1920,0.5625,96.85872650146484,13be18d342eb3c63eee2b4990478f4dba2c4931ab94e6da01e44aa405ab9a3f1
/kaggle/input/datasets/alicjalena/pv-panel-defect-dataset/train/Clean/Clean (47).jpg,train,Clean,Clean (47).jpg,.jpg,118.6826171875,True,,800,533,1.5009380863039399,119.57080078125,32bf10934e77c260ce56e5c79d280b450bb009cc18b0fbd5e38be6b5e3fa8ad9
/kaggle/input/datasets/alicjalena/pv-panel-defect-dataset/train/Clean/Clean (48).jpg,train,Clean,Clean (48).jpg,.jpg,26.8203125,True,,400,260,1.5384615384615385,95.68769073486328,45481efc09c4d3d7f9f751bdf413e3fb83d412a54b379a58c3adc1ffabd2facb
/kaggle/input/datasets/alicjalena/pv-panel-defect-dataset/train/Clean/Clean (49).jpg,train,Clean,Clean (49).jpg,.jpg,1304.48046875,True,,1536,2048,0.75,89.03290557861328,51223b8bd51b18a2305c0df00b08bc01eb4b3917b68110ea62bd71647573cb29
/kaggle/input/datasets/alicjalena/pv-panel-defect-dataset/train/Clean/Clean (5).jpg,train,Clean,Clean (5).jpg,.jpg,77.2685546875,True,,499,333,1.4984984984984986,105.27996063232422,357196f87d568c8c673ecfacc25f91e66cc7a07426c7fb9a0a3307b71ebf36cd
/kaggle/input/datasets/alicjalena/pv-panel-defect-dataset/train/Clean/Clean (50).jpg,train,Clean,Clean (50).jpg,.jpg,52.3056640625,True,,400,500,0.8,113.8677749633789,0759d4d744eebbbc0ce11ecae8efbe167d97c59dd62962b6eb67fa8dddfe6411
/kaggle/input/datasets/alicjalena/pv-panel-defect-dataset/train/Clean/Clean (51).jpg,train,Clean,Clean (51).jpg,.jpg,65.46875,True,,650,366,1.7759562841530054,112.25843048095703,e77dc1053cc125c8c7e6579d1008c4f44ab60472a18019f89fdb92cac1a3fbe0
/kaggle/input/datasets/alicjalena/pv-panel-defect-dataset/train/Clean/Clean (53).jpg,train,Clean,Clean (53).jpg,.jpg,9999.2421875,True,,6240,4160,1.5,118.87506103515625,6decde405c00aadc32262d23c0c80b2de7983d543be91a5e4751b9fc26743564
/kaggle/input/datasets/alicjalena/pv-panel-defect-dataset/train/Clean/Clean (54).jpg,train,Clean,Clean (54).jpg,.jpg,166.58203125,True,,1000,1000,1.0,109.1722183227539,79fca79de3f5c8e71f517363f0447ac6289648227216f38f13cec952f51dde61
/kaggle/input/datasets/alicjalena/pv-panel-defect-dataset/train/Clean/Clean (55).jpg,train,Clean,Clean (55).jpg,.jpg,113.46484375,True,,1024,576,1.7777777777777777,122.03089141845703,4fb4f03650388cb7e77007c1d86e5cf72ad453967b17e65beda94864dcbd222f
/kaggle/input/datasets/alicjalena/pv-panel-defect-dataset/train/Clean/Clean (56).jpg,train,Clean,Clean (56).jpg,.jpg,32.779296875,True,,600,400,1.5,161.9094696044922,485b3305857c7f4db226ddca511c724ba65881f88a862d662d011685bcf84207
/kaggle/input/datasets/alicjalena/pv-panel-defect-dataset/train/Clean/Clean (57).jpg,train,Clean,Clean (57).jpg,.jpg,174.59765625,True,,264,349,0.7564469914040115,116.10923767089844,8de911a6c9121d866ca82e2ce87ab4112f152e1fe8d702a9de7235d201bb4d48
/kaggle/input/datasets/alicjalena/pv-panel-defect-dataset/train/Clean/Clean (58).jpg,train,Clean,Clean (58).jpg,.jpg,1441.689453125,True,,3936,2624,1.5,115.17631530761719,7ca76d5a703719a918986fe3692cefbf3f1bea48a5747c5e978a585bd2bf1a7d
/kaggle/input/datasets/alicjalena/pv-panel-defect-dataset/train/Clean/Clean (59).jpg,train,Clean,Clean (59).jpg,.jpg,181.3740234375,True,,262,337,0.7774480712166172,90.88684844970703,eb57f4233bafe46e086c44a37858f7a5fa8d7e5b8ca09d1e44c14529b1eefaa9
/kaggle/input/datasets/alicjalena/pv-panel-defect-dataset/train/Clean/Clean (6).jpg,train,Clean,Clean (6).jpg,.jpg,1207.2490234375,True,,1365,2048,0.66650390625,101.88477325439453,cfa1292297f90534d2a02ae7a5090fc41775d02d8f3ea2d00d7cd8ee8f17601a
/kaggle/input/datasets/alicjalena/pv-panel-defect-dataset/train/Clean/Clean (60).jpg,train,Clean,Clean (60).jpg,.jpg,115.3154296875,True,,720,960,0.75,121.24253845214844,872dcbe80d6e0ff44cadea3fda5ba1929f1a1eacf1f26a3872a3d24998abe4d2
/kaggle/input/datasets/alicjalena/pv-panel-defect-dataset/train/Clean/Clean (61).jpg,train,Clean,Clean (61).jpg,.jpg,107.0810546875,True,,720,960,0.75,78.84310150146484,453bca8572d72b951c2cb227324e8555912137fbdd06c5ab070f50c627f72910
/kaggle/input/datasets/alicjalena/pv-panel-defect-dataset/train/Clean/Clean (64).jpg,train,Clean,Clean (64).jpg,.jpg,149.6181640625,True,,720,960,0.75,77.48809051513672,f841b967a2319758af5a8d34abad70d2546ba78d12f7577c04ed4c3920ef80b1
/kaggle/input/datasets/alicjalena/pv-panel-defect-dataset/train/Clean/Clean (65).jpg,train,Clean,Clean (65).jpg,.jpg,750.05859375,True,,1536,2048,0.75,111.149169921875,f66c4fd1e9131ca79ac52a35e974a486bc450ce9ec6e634616458730acff4fc1
/kaggle/input/datasets/alicjalena/pv-panel-defect-dataset/train/Clean/Clean (67).jpg,train,Clean,Clean (67).jpg,.jpg,39.2802734375,True,,260,352,0.7386363636363636,109.6924057006836,14d82c567ee81cc43e07a78e7085568dd4668d28b63eaecc754c569dd83e89a5
/kaggle/input/datasets/alicjalena/pv-panel-defect-dataset/train/Clean/Clean (69).jpg,train,Clean,Clean (69).jpg,.jpg,68.572265625,True,,700,525,1.3333333333333333,135.86599731445312,9da6d1fb198899b8d1609423f13760162a4b246b2b3e7abd187f389d905b2e2f
/kaggle/input/datasets/alicjalena/pv-panel-defect-dataset/train/Clean/Clean (7).jpg,train,Clean,Clean (7).jpg,.jpg,210.109375,True,,1420,798,1.7794486215538847,82.71968841552734,a77c8f729e23494859efdc33bc319998027ac37a98a41e333ba049ba8b2c1b2e
/kaggle/input/datasets/alicjalena/pv-panel-defect-dataset/train/Clean/Clean (70).jpg,train,Clean,Clean (70).jpg,.jpg,4312.6181640625,True,,3648,2736,1.3333333333333333,124.69056701660156,8d9d54f397ccd50d87d5e04a9c54d304041349c5c2651176a8f6e9cba3ea76c3
/kaggle/input/datasets/alicjalena/pv-panel-defect-dataset/train/Clean/Clean (71).jpg,train,Clean,Clean (71).jpg,.jpg,114.37109375,True,,960,720,1.3333333333333333,103.347412109375,9ecf2f2e032be35527e6c8e0a657a608ddbd482a7ab05f7d0ccc44e8e60aa976
/kaggle/input/datasets/alicjalena/pv-panel-defect-dataset/train/Clean/Clean (72).jpg,train,Clean,Clean (72).jpg,.jpg,90.8310546875,True,,720,960,0.75,104.09676361083984,ef9450a6459833153199f1ca2fcbbdf52dc5130a326d25c2a3588b3c697fe345
/kaggle/input/datasets/alicjalena/pv-panel-defect-dataset/train/Clean/Clean (74).jpg,train,Clean,Clean (74).jpg,.jpg,3738.7021484375,True,,3892,2586,1.5050270688321732,78.37931823730469,8405fd700fb22b16fd21a97a27a217e820972dc94d7bb55131d402d32aabcf35
/kaggle/input/datasets/alicjalena/pv-panel-defect-dataset/train/Clean/Clean (75).jpg,train,Clean,Clean (75).jpg,.jpg,129.4140625,True,,960,720,1.3333333333333333,96.97566986083984,7c4a6299bcfaa7318262e218b48eb514e2cbfc9df01fede27cc9fba8c93c369c
/kaggle/input/datasets/alicjalena/pv-panel-defect-dataset/train/Clean/Clean (77).jpg,train,Clean,Clean (77).jpg,.jpg,106.333984375,True,,720,960,0.75,75.18356323242188,4dcf10f45e5f36238139cb70a87645b414156424f01ec08262e39e0ce58b675a
/kaggle/input/datasets/alicjalena/pv-panel-defect-dataset/train/Clean/Clean (78).jpg,train,Clean,Clean (78).jpg,.jpg,791.5556640625,True,,1536,2048,0.75,83.10419464111328,f41914779905c81632c4851e26d50343765409357ba1a80c26424b1e31b6456f
/kaggle/input/datasets/alicjalena/pv-panel-defect-dataset/train/Clean/Clean (79).jpg,train,Clean,Clean (79).jpg,.jpg,237.3671875,True,,1131,1882,0.6009564293304994,53.02851104736328,5f8c647d6254fc7a2b7d4c3c99d8370fa4818ba9d3dadb17509536b83db5378e
/kaggle/input/datasets/alicjalena/pv-panel-defect-dataset/train/Clean/Clean (8).jpg,train,Clean,Clean (8).jpg,.jpg,96.6826171875,True,,700,467,1.4989293361884368,73.12825012207031,4b2a49407caf74b6b29668bcfa5cde3c9573df9d545c9e97eef3a1492472b623
/kaggle/input/datasets/alicjalena/pv-panel-defect-dataset/train/Clean/Clean (81).jpg,train,Clean,Clean (81).jpg,.jpg,348.5087890625,True,,1536,2048,0.75,77.91436004638672,8fa5c688c9d3f29b30e878326af9e15b94ecce47f1ab0ff4d594f5e041e7fb7d
/kaggle/input/datasets/alicjalena/pv-panel-defect-dataset/train/Clean/Clean (82).jpg,train,Clean,Clean (82).jpg,.jpg,87.6708984375,True,,720,960,0.75,148.8907012939453,2aff2ea25a14ceebe191b57d2546d050cccd928086191cf2e97254748d1e8dff
/kaggle/input/datasets/alicjalena/pv-panel-defect-dataset/train/Clean/Clean (85).jpg,train,Clean,Clean (85).jpg,.jpg,112.0888671875,True,,720,960,0.75,95.37679290771484,49fc789ae39e9a5eacb033532441efe89c6a0b18d8ed918cee5f74349303a2ca
/kaggle/input/datasets/alicjalena/pv-panel-defect-dataset/train/Clean/Clean (86).jpg,train,Clean,Clean (86).jpg,.jpg,1579.1865234375,True,,3000,1687,1.7783046828689981,88.10214233398438,5e1723150f6583a28251895ba977fc766fa397840b6eaa9a96cefe2951086a6e
/kaggle/input/datasets/alicjalena/pv-panel-defect-dataset/train/Clean/Clean (88).jpg,train,Clean,Clean (88).jpg,.jpg,438.6201171875,True,,1440,1440,1.0,115.66058349609375,0a53f02810ed0bc33e47353ec7fd3415c0ed40d733c060d82088aa5d02c9f9fe
/kaggle/input/datasets/alicjalena/pv-panel-defect-dataset/train/Clean/Clean (89).jpg,train,Clean,Clean (89).jpg,.jpg,175.490234375,True,,960,960,1.0,112.19596099853516,a687f1d5350b2439c44f5ac65f31bc1c5b7d89ed444aaba86f49fa53a8d7fdc9
/kaggle/input/datasets/alicjalena/pv-panel-defect-dataset/train/Clean/Clean (9).jpg,train,Clean,Clean (9).jpg,.jpg,86.7685546875,True,,600,400,1.5,88.39895629882812,600547e8076b06743a34afeffcc639672d83ea8944c1473a6e056a2d45668eb6
/kaggle/input/datasets/alicjalena/pv-panel-defect-dataset/train/Clean/Clean (91).jpg,train,Clean,Clean (91).jpg,.jpg,516.9833984375,True,,1440,1440,1.0,108.68302154541016,c066c76eeb032c4cef440982b9516f64948aab8c5b0f21e7d20367d0129ba8f1
/kaggle/input/datasets/alicjalena/pv-panel-defect-dataset/train/Clean/Clean (93).jpg,train,Clean,Clean (93).jpg,.jpg,262.607421875,True,,1536,2048,0.75,101.31922912597656,e7f2a0da1f0f741cfd52d7bf780c5840a67dd683288733ee50fbbf1523a35bf0
/kaggle/input/datasets/alicjalena/pv-panel-defect-dataset/train/Clean/Clean (94).jpg,train,Clean,Clean (94).jpg,.jpg,1201.3408203125,True,,2000,1334,1.4992503748125936,112.46688079833984,4ac1080af78c3ce54ce7c2da20a67f74c7016d13ed4c4b826db7f915672d04f6
/kaggle/input/datasets/alicjalena/pv-panel-defect-dataset/train/Clean/Clean (96).jpg,train,Clean,Clean (96).jpg,.jpg,922.9384765625,True,,2048,1536,1.3333333333333333,96.05995178222656,20b3067fbdbb29a49111e3a12d0fcffe71456ff0169d1e976a67d36faf8e2139
/kaggle/input/datasets/alicjalena/pv-panel-defect-dataset/train/Clean/Clean (97).jpg,train,Clean,Clean (97).jpg,.jpg,278.2109375,True,,1080,1080,1.0,116.07952880859375,d3e43e97c4dfe935ddd50c1b0e54dc1a38de722b7f962a82c651e10fe2f4b362
/kaggle/input/datasets/alicjalena/pv-panel-defect-dataset/train/Clean/Clean (98).jpg,train,Clean,Clean (98).jpg,.jpg,310.109375,True,,1080,1080,1.0,111.610107421875,52832f610fc2e8997c3ed59d60a0f3f971c6c0f4737d6711f147160fe1a7e54b
/kaggle/input/datasets/alicjalena/pv-panel-defect-dataset/train/Clean/Clean (99).jpg,train,Clean,Clean (99).jpg,.jpg,238.509765625,True,,1080,1080,1.0,97.54241943359375,9bb7e0b385f2926be642230d630758e87b72fc2aeb6786f4b3d17287e99708a7
/kaggle/input/datasets/alicjalena/pv-panel-defect-dataset/val/Clean/Clean (114).jpg,val,Clean,Clean (114).jpg,.jpg,257.1865234375,True,,1200,600,2.0,130.9131622314453,8398c053496169923d699279f1435e6ad53f8a66aaed05320dfc45dc34baae9f
/kaggle/input/datasets/alicjalena/pv-panel-defect-dataset/val/Clean/Clean (117).jpg,val,Clean,Clean (117).jpg,.jpg,699.701171875,True,,2000,1333,1.5003750937734435,129.32138061523438,55a2d0b0a8f61eadb8b5a5c7432394543e9482d00a3595f9827818d992c2eb6f
/kaggle/input/datasets/alicjalena/pv-panel-defect-dataset/val/Clean/Clean (122).jpg,val,Clean,Clean (122).jpg,.jpg,39.2060546875,True,,474,355,1.3352112676056338,125.64564514160156,b7a4c3f219017890282179e3b791074c4e18ab8c8e38b65b816a192d932787af
/kaggle/input/datasets/alicjalena/pv-panel-defect-dataset/val/Clean/Clean (126).jpg,val,Clean,Clean (126).jpg,.jpg,43.6005859375,True,,450,450,1.0,106.58284759521484,fadeb998cfbe8efd2c9f516b04ec9fe1fd13579a7a2a666fdf098509d920c954
/kaggle/input/datasets/alicjalena/pv-panel-defect-dataset/val/Clean/Clean (141).JPG,val,Clean,Clean (141).JPG,.jpg,163.4853515625,True,,1218,779,1.5635430038510911,112.58142852783203,ce67427e007c29815596e51e8659e13c14311958dfb334f6d0aa7cce26ac6321
/kaggle/input/datasets/alicjalena/pv-panel-defect-dataset/val/Clean/Clean (170).jpg,val,Clean,Clean (170).jpg,.jpg,52.4755859375,True,,500,400,1.25,85.7717514038086,297a8e2bbfa940ba09395f18a035f3e912929a59084bab37b5a0d113c23869b1
/kaggle/input/datasets/alicjalena/pv-panel-defect-dataset/val/Clean/Clean (179).jpg,val,Clean,Clean (179).jpg,.jpg,135.5517578125,True,,768,576,1.3333333333333333,107.91582489013672,6ba9a580847df581e1a22f30fda57dded07af9752de33642af2ad5c6b3c96979
/kaggle/input/datasets/alicjalena/pv-panel-defect-dataset/val/Clean/Clean (27).jpg,val,Clean,Clean (27).jpg,.jpg,71.1513671875,True,,408,800,0.51,100.61250305175781,75f6cbffd71fcb263bb775d7d4a7102b94f3aecc91669182837f7e116f205b73
/kaggle/input/datasets/alicjalena/pv-panel-defect-dataset/val/Clean/Clean (33).jpg,val,Clean,Clean (33).jpg,.jpg,43.88671875,True,,500,500,1.0,94.20919036865234,b8a35b1939b0dcc1348b1dd31596b73543bae0f5350a899ba0f59b008d34a99b
/kaggle/input/datasets/alicjalena/pv-panel-defect-dataset/val/Clean/Clean (34).jpg,val,Clean,Clean (34).jpg,.jpg,139.412109375,True,,533,800,0.66625,94.1496353149414,e3d514bd4103968e147a63ea4a213cc95dc80a7ddc7a63264c05c23bc78b23b2
/kaggle/input/datasets/alicjalena/pv-panel-defect-dataset/val/Clean/Clean (66).jpg,val,Clean,Clean (66).jpg,.jpg,206.9619140625,True,,683,1024,0.6669921875,91.7360610961914,4ac38c9dd8bcd834c19bd49d0623676a77c7a417db75631047e7c3aa54e3a5b5
/kaggle/input/datasets/alicjalena/pv-panel-defect-dataset/val/Clean/Clean (73).jpg,val,Clean,Clean (73).jpg,.jpg,112.951171875,True,,720,960,0.75,120.60855865478516,3b1c5f276376771d2e9b2aac2845fdcea14b0d573b3991cd9d3ec42078117712
/kaggle/input/datasets/alicjalena/pv-panel-defect-dataset/val/Clean/Clean (80).jpg,val,Clean,Clean (80).jpg,.jpg,95.02734375,True,,720,960,0.75,137.77786254882812,0b9b42afb84c4732bdd6975a795ce5d762426a72ee9c88d3bb5b6a957508f4a3
/kaggle/input/datasets/alicjalena/pv-panel-defect-dataset/val/Clean/Clean (84).jpg,val,Clean,Clean (84).jpg,.jpg,742.8505859375,True,,1536,2048,0.75,115.78597259521484,0006d87a5ea3f4fe4f96f25e08918984117618bd6f4344f9a5b42ba1a1c36253
/kaggle/input/datasets/alicjalena/pv-panel-defect-dataset/val/Clean/Clean (95).jpg,val,Clean,Clean (95).jpg,.jpg,641.578125,True,,2048,1536,1.3333333333333333,97.35536193847656,a5e3041862519a21addd9e1f7555e1e1eed37965f69fc19ed498a1b538c9acb8
/kaggle/input/datasets/alicjalena/pv-panel-defect-dataset/test/Dusty/Dust (106).jpg,test,Dusty,Dust (106).jpg,.jpg,115.7783203125,True,,960,720,1.3333333333333333,123.03076171875,b172b136fe52418810f851c0bdd8ae1bf2bb33c2ba3831e55bdc6087b5f5db7c
/kaggle/input/datasets/alicjalena/pv-panel-defect-dataset/test/Dusty/Dust (122).jpg,test,Dusty,Dust (122).jpg,.jpg,75.3916015625,True,,720,960,0.75,146.31727600097656,c1f20cbfb97333d1c23ef86c8d982cc547dc2208e592d5e295efb21eecdb41b8
/kaggle/input/datasets/alicjalena/pv-panel-defect-dataset/test/Dusty/Dust (126).jpg,test,Dusty,Dust (126).jpg,.jpg,86.4248046875,True,,960,720,1.3333333333333333,138.2926483154297,ff5553f9e5ab3fa9b8ba949badfefa02fefc5f3cbf8c1883996d8cea70e81b0f
/kaggle/input/datasets/alicjalena/pv-panel-defect-dataset/test/Dusty/Dust (134).jpg,test,Dusty,Dust (134).jpg,.jpg,352.44921875,True,,1078,1440,0.7486111111111111,100.71196746826172,4796e0d1db08d302f5c69ebacb0ba15a1df103d2c877682b3530aff634e44471
/kaggle/input/datasets/alicjalena/pv-panel-defect-dataset/test/Dusty/Dust (155).jpg,test,Dusty,Dust (155).jpg,.jpg,860.66015625,True,,1536,2048,0.75,121.83859252929688,706b837d1c3d8a7269a2c70a5b68c85511d12d73757dbae6de0b4cc5aa3603f6
/kaggle/input/datasets/alicjalena/pv-panel-defect-dataset/test/Dusty/Dust (159).jpg,test,Dusty,Dust (159).jpg,.jpg,548.6474609375,True,,1536,2048,0.75,107.05422973632812,b69ca0507dbe7c971b1c6d218f6f9fb095ffe1116d14aaa7c051f857abf78a36
/kaggle/input/datasets/alicjalena/pv-panel-defect-dataset/test/Dusty/Dust (16).jpg,test,Dusty,Dust (16).jpg,.jpg,83.54296875,True,,800,533,1.5009380863039399,121.27754211425781,30999f263f76052d0789c764d81b2894084d753271d7474ced288e988c03a7ac
/kaggle/input/datasets/alicjalena/pv-panel-defect-dataset/test/Dusty/Dust (169).jpg,test,Dusty,Dust (169).jpg,.jpg,19.0849609375,True,,500,332,1.5060240963855422,169.85968017578125,f66a900f76bc41400d8b69de0dd11da6dc4d79c1845a3370f610777e4516b066
/kaggle/input/datasets/alicjalena/pv-panel-defect-dataset/test/Dusty/Dust (181).jpg,test,Dusty,Dust (181).jpg,.jpg,11.8447265625,True,,194,259,0.749034749034749,128.89447021484375,392872832acdcd80e52152d56ed7dc8fcb10990e0f6b0480cb7208355a6c77fd
/kaggle/input/datasets/alicjalena/pv-panel-defect-dataset/test/Dusty/Dust (186).jpg,test,Dusty,Dust (186).jpg,.jpg,11.10546875,True,,201,251,0.8007968127490039,129.04440307617188,b34a681de2fcba79f0dc6039309d7670195e9a48f447f597a53e34014fe17f5f
/kaggle/input/datasets/alicjalena/pv-panel-defect-dataset/test/Dusty/Dust (36).jpg,test,Dusty,Dust (36).jpg,.jpg,149.7021484375,True,,350,467,0.7494646680942184,128.31668090820312,91fc7b063e85d97ba1ff17be55fad4764a8849707b6ad181b9b2b16ee8c8d733
/kaggle/input/datasets/alicjalena/pv-panel-defect-dataset/test/Dusty/Dust (46).jpg,test,Dusty,Dust (46).jpg,.jpg,82.3642578125,True,,720,960,0.75,131.832763671875,27ddd3d75c825262a368a3c662f0b9dcafc5a6de66ea741a9c734b2b94bb4453
/kaggle/input/datasets/alicjalena/pv-panel-defect-dataset/test/Dusty/Dust (68).jpg,test,Dusty,Dust (68).jpg,.jpg,116.2548828125,True,,720,960,0.75,138.5448455810547,5b9aa9a102ff69dd44640cb65c9ca1ed33920549094fd7c4e40eff856c33c47e
/kaggle/input/datasets/alicjalena/pv-panel-defect-dataset/test/Dusty/Dust (93).jpg,test,Dusty,Dust (93).jpg,.jpg,388.8349609375,True,,2048,921,2.223669923995657,124.90463256835938,ff12ca593858afc3cc0b8c989faf28a5859b3de58cb960028be6c047cc09bdef
/kaggle/input/datasets/alicjalena/pv-panel-defect-dataset/test/Dusty/Dust (96).jpg,test,Dusty,Dust (96).jpg,.jpg,423.607421875,True,,2048,1152,1.7777777777777777,121.23108673095703,bf3a76a2ffa54c2b085c96c3339abadf99f1d0ba18e23b038c359f466e6b1c8b
/kaggle/input/datasets/alicjalena/pv-panel-defect-dataset/test/Dusty/Dust (99).jpg,test,Dusty,Dust (99).jpg,.jpg,226.0546875,True,,2048,921,2.223669923995657,127.41194915771484,eb6dc82d64d509131af2047f519d8a65dcf8f78ead8fff16ead47f3837dcf412
/kaggle/input/datasets/alicjalena/pv-panel-defect-dataset/train/Dusty/Dust (1).jpg,train,Dusty,Dust (1).jpg,.jpg,343.56640625,True,,1000,750,1.3333333333333333,144.53045654296875,890b201330ac4a244d5d88de948aa7571a7ed3a1f6b5662510123da9c95fb515
/kaggle/input/datasets/alicjalena/pv-panel-defect-dataset/train/Dusty/Dust (10).jpg,train,Dusty,Dust (10).jpg,.jpg,95.98828125,True,,640,480,1.3333333333333333,165.5192108154297,d992b648711746fd3bbc90c6e75dd27ea37ca0285c19434d283640e2cdeb8e7d
/kaggle/input/datasets/alicjalena/pv-panel-defect-dataset/train/Dusty/Dust (100).jpg,train,Dusty,Dust (100).jpg,.jpg,321.9970703125,True,,2048,921,2.223669923995657,126.4771499633789,68a01ae5add20a2785115bd9b66d8d61bc72cbf40af1c2ff21fa9a65b0900c63
/kaggle/input/datasets/alicjalena/pv-panel-defect-dataset/train/Dusty/Dust (101).jpg,train,Dusty,Dust (101).jpg,.jpg,253.21875,True,,2048,921,2.223669923995657,130.09922790527344,33edbd74f9845bfdb17d306906c229a4845cb526ec9388fd8c35727007edc8b4
/kaggle/input/datasets/alicjalena/pv-panel-defect-dataset/train/Dusty/Dust (102).jpg,train,Dusty,Dust (102).jpg,.jpg,365.9248046875,True,,1374,1374,1.0,121.0925521850586,08e43f108936b6aaec97418ff38dabed324f22819a4e382516320cce23618225
/kaggle/input/datasets/alicjalena/pv-panel-defect-dataset/train/Dusty/Dust (103).jpg,train,Dusty,Dust (103).jpg,.jpg,368.5546875,True,,1374,1374,1.0,124.25604248046875,29bd1421e612b301c14be2b47aabea74c90e1a6c89fd0e67f332ea2de14fbddf
/kaggle/input/datasets/alicjalena/pv-panel-defect-dataset/train/Dusty/Dust (104).jpg,train,Dusty,Dust (104).jpg,.jpg,429.2734375,True,,1440,1440,1.0,119.68817138671875,944e7c0c4320757a04d3db4998b91341a95e182dfecd5b86a65b88eeae4471fc
/kaggle/input/datasets/alicjalena/pv-panel-defect-dataset/train/Dusty/Dust (105).jpg,train,Dusty,Dust (105).jpg,.jpg,2716.0361328125,True,,3648,2056,1.7743190661478598,155.6314697265625,ba70074c054e6f911dfb6daf696872e45c92c245b6d95d6e6d44a90627438a03
/kaggle/input/datasets/alicjalena/pv-panel-defect-dataset/train/Dusty/Dust (107).jpg,train,Dusty,Dust (107).jpg,.jpg,818.107421875,True,,2048,1536,1.3333333333333333,121.903564453125,dd122c62d5f4406fe3059268a09aaa1642f953f73a66ef8652a021b029c55a2b
/kaggle/input/datasets/alicjalena/pv-panel-defect-dataset/train/Dusty/Dust (108).jpg,train,Dusty,Dust (108).jpg,.jpg,975.498046875,True,,2048,1536,1.3333333333333333,111.99297332763672,dced33c275ba82700c4bf3b276a29c4a3c060e1bdbe39a7d4dcda16c753fefb0
/kaggle/input/datasets/alicjalena/pv-panel-defect-dataset/train/Dusty/Dust (109).jpg,train,Dusty,Dust (109).jpg,.jpg,558.68359375,True,,2048,1536,1.3333333333333333,123.32969665527344,9cb7e25e58189e0f9f9c661a7488ec95dabe108ccdd2726904600bd3dea65271
/kaggle/input/datasets/alicjalena/pv-panel-defect-dataset/train/Dusty/Dust (11).jpg,train,Dusty,Dust (11).jpg,.jpg,956.0791015625,True,,1848,832,2.2211538461538463,100.81716918945312,c51bfc47d381db655f2e54b3b7f056536717d5955bad2c32566dc216bca87459
/kaggle/input/datasets/alicjalena/pv-panel-defect-dataset/train/Dusty/Dust (110).jpg,train,Dusty,Dust (110).jpg,.jpg,575.79296875,True,,2048,1536,1.3333333333333333,114.51426696777344,b63d77a1285752bda875b7eab1eca5953bfb5cb5ab409a975a681b5cc841ae3e
/kaggle/input/datasets/alicjalena/pv-panel-defect-dataset/train/Dusty/Dust (111).jpg,train,Dusty,Dust (111).jpg,.jpg,754.5068359375,True,,2048,1536,1.3333333333333333,112.73307037353516,4d25c8a92a9165f0636b8ce6a6343de7636e5b47dffb492a61911c5225ab0948
/kaggle/input/datasets/alicjalena/pv-panel-defect-dataset/train/Dusty/Dust (112).jpg,train,Dusty,Dust (112).jpg,.jpg,698.314453125,True,,2048,1536,1.3333333333333333,107.38807678222656,5d531829dc067b38d4ee3fe475d14201883819adfc6d599b5ffd6963472b349c
/kaggle/input/datasets/alicjalena/pv-panel-defect-dataset/train/Dusty/Dust (113).jpg,train,Dusty,Dust (113).jpg,.jpg,944.962890625,True,,2048,1536,1.3333333333333333,100.61542510986328,2160b8bd571a556e0a3d12d1d0a20723ef08724d070d3a16dc2b016b0a8fa01e
/kaggle/input/datasets/alicjalena/pv-panel-defect-dataset/train/Dusty/Dust (114).jpg,train,Dusty,Dust (114).jpg,.jpg,123.0927734375,True,,828,1472,0.5625,120.89098358154297,eb5d7b5ab34cce45678812cd1f8fa2ff1cd073e79671946bb7c43d44d133bc11
/kaggle/input/datasets/alicjalena/pv-panel-defect-dataset/train/Dusty/Dust (115).jpg,train,Dusty,Dust (115).jpg,.jpg,189.39453125,True,,960,1792,0.5357142857142857,119.15776062011719,5771ff73d1b2787ebe6811027c64ac73da87406ec6ae287bc7c184ce880f83b2
/kaggle/input/datasets/alicjalena/pv-panel-defect-dataset/train/Dusty/Dust (116).jpg,train,Dusty,Dust (116).jpg,.jpg,56.7353515625,True,,850,455,1.8681318681318682,138.42259216308594,665b55a546c801ca1d283c5b5bc07b6c45cd6020aea2961f7de48465272cddee
/kaggle/input/datasets/alicjalena/pv-panel-defect-dataset/train/Dusty/Dust (117).jpg,train,Dusty,Dust (117).jpg,.jpg,70.2138671875,True,,514,960,0.5354166666666667,118.86371612548828,48e47f603fe7f5606f1b966560ba9aab53133972ccf7daddf8a2ae4f90b9f1c1
/kaggle/input/datasets/alicjalena/pv-panel-defect-dataset/train/Dusty/Dust (118).jpg,train,Dusty,Dust (118).jpg,.jpg,61.1845703125,True,,455,850,0.5352941176470588,132.44398498535156,8eab8bf97163456a2d52d18ea67488e65e3ff336ba9f0781e6dfc924121c9715
/kaggle/input/datasets/alicjalena/pv-panel-defect-dataset/train/Dusty/Dust (119).jpg,train,Dusty,Dust (119).jpg,.jpg,63.5986328125,True,,514,960,0.5354166666666667,132.9635467529297,9771ae6a2961814e50e37e4a6bc87fa0964205ee8f8e44b433b51e947e9fa191
/kaggle/input/datasets/alicjalena/pv-panel-defect-dataset/train/Dusty/Dust (120).jpg,train,Dusty,Dust (120).jpg,.jpg,4729.1826171875,True,,5472,3080,1.7766233766233765,124.87409210205078,bf56782f4ce094481004b35ed5668edc7f084e94ed37913c52e802a0f20fc786
/kaggle/input/datasets/alicjalena/pv-panel-defect-dataset/train/Dusty/Dust (121).jpg,train,Dusty,Dust (121).jpg,.jpg,277.177734375,True,,2048,1166,1.7564322469982847,92.48084259033203,97de218930bd97cca9e41b569b6cba770f9a6704587dc7d0942670baa9675bae
/kaggle/input/datasets/alicjalena/pv-panel-defect-dataset/train/Dusty/Dust (123).jpg,train,Dusty,Dust (123).jpg,.jpg,80.185546875,True,,514,960,0.5354166666666667,137.8036651611328,eb4c9c12c56f803213a2f84af749367d16d8c73ba19bef62950bb2b25a6c175c
/kaggle/input/datasets/alicjalena/pv-panel-defect-dataset/train/Dusty/Dust (124).jpg,train,Dusty,Dust (124).jpg,.jpg,519.4892578125,True,,1536,2048,0.75,106.02040100097656,2afd50ecc5c6e08ce3ea96ab78b00624d7776df574ece023da0bbffdb89dfea2
/kaggle/input/datasets/alicjalena/pv-panel-defect-dataset/train/Dusty/Dust (125).jpg,train,Dusty,Dust (125).jpg,.jpg,117.1669921875,True,,720,960,0.75,161.62838745117188,c91f84412998a7a9edd2546a79b99e06eb55d0cb17fd4b4b8ab4802f27484b61
/kaggle/input/datasets/alicjalena/pv-panel-defect-dataset/train/Dusty/Dust (127).jpg,train,Dusty,Dust (127).jpg,.jpg,694.5869140625,True,,1600,1200,1.3333333333333333,105.0654296875,9c96185c886f741038cc90cf9376748e97ca98f3f700baadbb34ca4b4bef141e
/kaggle/input/datasets/alicjalena/pv-panel-defect-dataset/train/Dusty/Dust (128).jpg,train,Dusty,Dust (128).jpg,.jpg,603.7841796875,True,,2048,1536,1.3333333333333333,113.26266479492188,70d5d34343d72bd3dfdbbc4a4b9a067e8de4e799d38861de2ffd8d0ae95c45ad
/kaggle/input/datasets/alicjalena/pv-panel-defect-dataset/train/Dusty/Dust (129).jpg,train,Dusty,Dust (129).jpg,.jpg,77.59765625,True,,960,720,1.3333333333333333,132.16831970214844,1a89953e90be12c3b5f6d2bea1b367880ca5f41ad7450e5ba71b2d29cad243e8
/kaggle/input/datasets/alicjalena/pv-panel-defect-dataset/train/Dusty/Dust (13).jpg,train,Dusty,Dust (13).jpg,.jpg,19.943359375,True,,280,280,1.0,120.43485260009766,be3e3e279e1f1253f9b1603909202e62a43a848b3d91202704b176a1d5059458
/kaggle/input/datasets/alicjalena/pv-panel-defect-dataset/train/Dusty/Dust (130).jpg,train,Dusty,Dust (130).jpg,.jpg,94.9091796875,True,,960,720,1.3333333333333333,140.55929565429688,374661c571f1df4026e21fa518d474f6e82e5d3153ab853887f2e1374f4a6ee8
/kaggle/input/datasets/alicjalena/pv-panel-defect-dataset/train/Dusty/Dust (131).jpg,train,Dusty,Dust (131).jpg,.jpg,72.439453125,True,,960,720,1.3333333333333333,145.17083740234375,80dd799836aae9e5daedb14c67900149398efb9b420b7b981a17fdb2f1128c4a
/kaggle/input/datasets/alicjalena/pv-panel-defect-dataset/train/Dusty/Dust (132).jpg,train,Dusty,Dust (132).jpg,.jpg,103.8134765625,True,,960,720,1.3333333333333333,126.27102661132812,d8eda1f92634a966b9b8d91f804a23cc785fcfaa021a68fd8ad29c9726d2e22a
/kaggle/input/datasets/alicjalena/pv-panel-defect-dataset/train/Dusty/Dust (135).jpg,train,Dusty,Dust (135).jpg,.jpg,1615.181640625,True,,1500,1101,1.3623978201634876,170.27415466308594,d56477f4530613f23283d0f91ccfaef35f9523eb8b4349557267b1bbb97db763
/kaggle/input/datasets/alicjalena/pv-panel-defect-dataset/train/Dusty/Dust (136).jpg,train,Dusty,Dust (136).jpg,.jpg,404.0859375,True,,1440,1440,1.0,117.98392486572266,b8c1cca597de0b155399787343a86e325ed91ebb136d7f1947fcab5a6f1a2466
/kaggle/input/datasets/alicjalena/pv-panel-defect-dataset/train/Dusty/Dust (139).jpg,train,Dusty,Dust (139).jpg,.jpg,231.314453125,True,,1080,1080,1.0,116.9809799194336,2860452e67b26aa1e40fde734a88bdb37e29b6759339c31d525e6669a9c37eb2
/kaggle/input/datasets/alicjalena/pv-panel-defect-dataset/train/Dusty/Dust (14).jpg,train,Dusty,Dust (14).jpg,.jpg,313.0244140625,True,,1920,1280,1.5,96.16387939453125,321063e608ed8f6a52f957e519d3dbb1a0eec7ccffa57a2f75575b79d9c9118e
/kaggle/input/datasets/alicjalena/pv-panel-defect-dataset/train/Dusty/Dust (140).jpg,train,Dusty,Dust (140).jpg,.jpg,267.8408203125,True,,1080,1080,1.0,118.17279052734375,4e526d643ca84b635c5d95d2b39f1e56071f87d3a275cb687072094c494259a0
/kaggle/input/datasets/alicjalena/pv-panel-defect-dataset/train/Dusty/Dust (141).jpg,train,Dusty,Dust (141).jpg,.jpg,208.0283203125,True,,1080,1080,1.0,128.0569305419922,7fc637efa4cdecd5bc8e4aa3a9028c7776b90bedcd4a305697bc3fe15381e930
/kaggle/input/datasets/alicjalena/pv-panel-defect-dataset/train/Dusty/Dust (142).jpg,train,Dusty,Dust (142).jpg,.jpg,2312.5498046875,True,,1500,1225,1.2244897959183674,143.28045654296875,fba2a706f9e65b78b64e61907e3382ad20cd3edb841830da2d9c0ca50c4ff0ec
/kaggle/input/datasets/alicjalena/pv-panel-defect-dataset/train/Dusty/Dust (143).jpg,train,Dusty,Dust (143).jpg,.jpg,282.8076171875,True,,1080,1080,1.0,113.6668930053711,71d1ca3383f557a02dd670e75937fe8d6f900c690862516b811bdfbd39a91a18
/kaggle/input/datasets/alicjalena/pv-panel-defect-dataset/train/Dusty/Dust (144).jpg,train,Dusty,Dust (144).jpg,.jpg,255.923828125,True,,2048,1152,1.7777777777777777,136.8420867919922,f14cffade603d6d0200e22fa2ec75cf46b14773cd365207193ef66e24ded6371
/kaggle/input/datasets/alicjalena/pv-panel-defect-dataset/train/Dusty/Dust (145).jpg,train,Dusty,Dust (145).jpg,.jpg,272.5791015625,True,,1080,1080,1.0,117.1202392578125,a5d927a71d45ab9edbacd83743c8ab01f22107971b409f4f6fde688745fc50c4
/kaggle/input/datasets/alicjalena/pv-panel-defect-dataset/train/Dusty/Dust (146).jpg,train,Dusty,Dust (146).jpg,.jpg,474.228515625,True,,2048,1152,1.7777777777777777,126.65787506103516,2ef52d41411b0d66ecb17e47fbd430e5765467d686aabd2a7835e926d746dca1
/kaggle/input/datasets/alicjalena/pv-panel-defect-dataset/train/Dusty/Dust (147).jpg,train,Dusty,Dust (147).jpg,.jpg,417.5810546875,True,,2048,1152,1.7777777777777777,122.27181243896484,b851c50dd308e4f9b2439fc734a032bba9c12a9a92d2ec37180c4ea20e1e0605
/kaggle/input/datasets/alicjalena/pv-panel-defect-dataset/train/Dusty/Dust (148).jpg,train,Dusty,Dust (148).jpg,.jpg,486.4619140625,True,,2048,1152,1.7777777777777777,121.2353515625,11f44f2e95518ee850a547337c594ac09eec2e58ef278dd00cbf7a530b0d0fdd
/kaggle/input/datasets/alicjalena/pv-panel-defect-dataset/train/Dusty/Dust (149).jpg,train,Dusty,Dust (149).jpg,.jpg,433.0625,True,,2048,1152,1.7777777777777777,132.2425537109375,8f9b2d47fa16ce46e12a5262c3ef1cc7c32fb0b852f37d118493af8c9af70c8b
/kaggle/input/datasets/alicjalena/pv-panel-defect-dataset/train/Dusty/Dust (15).jpg,train,Dusty,Dust (15).jpg,.jpg,126.0712890625,True,,660,440,1.5,127.7030029296875,b4bd893496f0b3deacfcfe91e9214be0b66ec2e666e823f03d16f3f54bea4565
/kaggle/input/datasets/alicjalena/pv-panel-defect-dataset/train/Dusty/Dust (150).jpg,train,Dusty,Dust (150).jpg,.jpg,624.7939453125,True,,2048,1152,1.7777777777777777,138.92430114746094,fcf8b68ab29c7610b927cf5a1f1da87d655d0841beef2464071a76151194e0bc
/kaggle/input/datasets/alicjalena/pv-panel-defect-dataset/train/Dusty/Dust (151).jpg,train,Dusty,Dust (151).jpg,.jpg,551.4501953125,True,,2048,1152,1.7777777777777777,129.4625244140625,46b05e9b99b8dc3bbecfa2f959db98172399b52d37dcce5dbccea0f854ecb9ab
/kaggle/input/datasets/alicjalena/pv-panel-defect-dataset/train/Dusty/Dust (152).jpg,train,Dusty,Dust (152).jpg,.jpg,324.0458984375,True,,2048,1152,1.7777777777777777,125.12879943847656,5c20a071e682e30cd608ad372ab2f1d380f8266adf381e13b3f750b4331597f9
/kaggle/input/datasets/alicjalena/pv-panel-defect-dataset/train/Dusty/Dust (153).jpg,train,Dusty,Dust (153).jpg,.jpg,494.814453125,True,,2048,1152,1.7777777777777777,121.32027435302734,85c0d445c8eb20db0e49d8e3396ae857ed49a4f0c6814e5d30d1fbbb2478f3a8
/kaggle/input/datasets/alicjalena/pv-panel-defect-dataset/train/Dusty/Dust (154).jpg,train,Dusty,Dust (154).jpg,.jpg,789.80078125,True,,1536,2048,0.75,132.17575073242188,84e5bf0d97dcd27d29f2d4d210247607649a7c2c9666d50d664055bc41fe2ffc
/kaggle/input/datasets/alicjalena/pv-panel-defect-dataset/train/Dusty/Dust (156).jpg,train,Dusty,Dust (156).jpg,.jpg,91.841796875,True,,720,960,0.75,123.53952026367188,4f699565ad77cefff06dcb11f589749e5d252691f533af91fd537fb410c56d3b
/kaggle/input/datasets/alicjalena/pv-panel-defect-dataset/train/Dusty/Dust (157).jpg,train,Dusty,Dust (157).jpg,.jpg,177.39453125,True,,960,960,1.0,135.9838104248047,e3e97dc6affc43df8fd1f9af1c492ccd19ad759985ef436b84fef4dc5f86d8d2
/kaggle/input/datasets/alicjalena/pv-panel-defect-dataset/train/Dusty/Dust (158).jpg,train,Dusty,Dust (158).jpg,.jpg,595.0927734375,True,,2048,1536,1.3333333333333333,130.1826171875,e40970a88031c81c39d9076f680689351b72be686c25ba4fc2b00fb67494a23b
/kaggle/input/datasets/alicjalena/pv-panel-defect-dataset/train/Dusty/Dust (160).jpg,train,Dusty,Dust (160).jpg,.jpg,658.1689453125,True,,2048,1536,1.3333333333333333,126.86544799804688,3e7afec50f2de685355d710631370fc40883732dfdeb44bb416caa2df9f31c65
/kaggle/input/datasets/alicjalena/pv-panel-defect-dataset/train/Dusty/Dust (162).jpg,train,Dusty,Dust (162).jpg,.jpg,702.8388671875,True,,2048,1536,1.3333333333333333,110.41322326660156,dd88ccad15972175ea17e2a104de6928e5ce797516423c7ef2c6e679c394160a
/kaggle/input/datasets/alicjalena/pv-panel-defect-dataset/train/Dusty/Dust (163).jpg,train,Dusty,Dust (163).jpg,.jpg,90.54296875,True,,626,417,1.501199040767386,133.1443328857422,c0d87ac0423e2d6271f15f5e942a5934aafcdcc60829a6befe49901ee3e50b94
/kaggle/input/datasets/alicjalena/pv-panel-defect-dataset/train/Dusty/Dust (164).jpg,train,Dusty,Dust (164).jpg,.jpg,7.8671875,True,,285,177,1.6101694915254237,137.4344940185547,55dd0177f7d033b7764cb5b3eb76b295d434d497d4fc6617d3e0fd8fa3c9b3bc
/kaggle/input/datasets/alicjalena/pv-panel-defect-dataset/train/Dusty/Dust (165).jpg,train,Dusty,Dust (165).jpg,.jpg,99.0166015625,True,,1200,787,1.5247776365946633,144.69320678710938,430afd50e324c1a563c388e0bdbadb3637beebffb56cec5291173f5b3775af27
/kaggle/input/datasets/alicjalena/pv-panel-defect-dataset/train/Dusty/Dust (167).jpg,train,Dusty,Dust (167).jpg,.jpg,70.2080078125,True,,612,459,1.3333333333333333,125.27479553222656,f0e857b12b5075bf0fe810cb94e084d61032a57536b41d9300ea3ddfa0dfc70d
/kaggle/input/datasets/alicjalena/pv-panel-defect-dataset/train/Dusty/Dust (168).jpg,train,Dusty,Dust (168).jpg,.jpg,1818.490234375,True,,1500,1101,1.3623978201634876,135.8664093017578,6e72f3df424fc28ee23a2f234bf71e5653d6c9afb393f73c4a1c294c26823d59
/kaggle/input/datasets/alicjalena/pv-panel-defect-dataset/train/Dusty/Dust (17).jpg,train,Dusty,Dust (17).jpg,.jpg,5297.9638671875,True,,4032,2268,1.7777777777777777,120.70985412597656,c3a2b5bd2e4e831827ee4b25714b96ecd3137c7f5268704f843f6f7c74c1c074
/kaggle/input/datasets/alicjalena/pv-panel-defect-dataset/train/Dusty/Dust (170).jpg,train,Dusty,Dust (170).jpg,.jpg,5.9873046875,True,,299,168,1.7797619047619047,156.1031494140625,a47783d234ef97bb76320ff3639e88a8761597a788174688799d302252aab797
/kaggle/input/datasets/alicjalena/pv-panel-defect-dataset/train/Dusty/Dust (171).jpg,train,Dusty,Dust (171).jpg,.jpg,184.3876953125,True,,1200,675,1.7777777777777777,163.46263122558594,89f1f516a793ec0ca4451840944019f7b7c660ace0f86d3b75ea4e156696600a
/kaggle/input/datasets/alicjalena/pv-panel-defect-dataset/train/Dusty/Dust (173).jpg,train,Dusty,Dust (173).jpg,.jpg,87.052734375,True,,800,600,1.3333333333333333,148.75526428222656,b351fa1d3a231b8fe39f4fdb64ee430677f89c50488934df356bcf9b0e329412
/kaggle/input/datasets/alicjalena/pv-panel-defect-dataset/train/Dusty/Dust (176).jpg,train,Dusty,Dust (176).jpg,.jpg,37.587890625,True,,474,355,1.3352112676056338,110.638916015625,a49eb5181327af4a043773af6bbf7d1d370ca62624895b1ae662a64c8f455027
/kaggle/input/datasets/alicjalena/pv-panel-defect-dataset/train/Dusty/Dust (177).jpg,train,Dusty,Dust (177).jpg,.jpg,345.18359375,True,,1305,734,1.7779291553133516,135.0819549560547,1522ce0f8f8a9b35bf30d606ae34f05c0e91cb452375d9d6083d493567ca1332
/kaggle/input/datasets/alicjalena/pv-panel-defect-dataset/train/Dusty/Dust (178).jpg,train,Dusty,Dust (178).jpg,.jpg,28.599609375,True,,474,355,1.3352112676056338,124.460693359375,5e942c8a324cf0967269d4147a8231fb378e009fed886c531546e7abf0b35c44
/kaggle/input/datasets/alicjalena/pv-panel-defect-dataset/train/Dusty/Dust (179).jpg,train,Dusty,Dust (179).jpg,.jpg,137.44921875,True,,620,464,1.3362068965517242,178.09657287597656,895c1406a939d523b3a5b6b28ff9e6caa62c1426ea2e8d0a57354666503b2b6f
/kaggle/input/datasets/alicjalena/pv-panel-defect-dataset/train/Dusty/Dust (18).jpg,train,Dusty,Dust (18).jpg,.jpg,161.919921875,True,,640,480,1.3333333333333333,128.34657287597656,62f1f575148aca955aba63f9857051209e27c833f37c27533254ec342024413f
/kaggle/input/datasets/alicjalena/pv-panel-defect-dataset/train/Dusty/Dust (180).jpg,train,Dusty,Dust (180).jpg,.jpg,831.3076171875,True,,1920,2560,0.75,123.76834106445312,78572a5faec293089eddf666e747aad0d9db3eb5ad6560783f43d03d084a3a64
/kaggle/input/datasets/alicjalena/pv-panel-defect-dataset/train/Dusty/Dust (182).jpg,train,Dusty,Dust (182).jpg,.jpg,7.9990234375,True,,273,184,1.483695652173913,151.24485778808594,566ecf1cc7b951639a296ff847b9c993c40b118795ebbbbf4807d8877b381715
/kaggle/input/datasets/alicjalena/pv-panel-defect-dataset/train/Dusty/Dust (183).jpg,train,Dusty,Dust (183).jpg,.jpg,10.3115234375,True,,259,194,1.3350515463917525,133.68121337890625,87074bfeaebfa2294ff0e7386bfec3302ed801ed9b9d57420f53ef0567a460fb
/kaggle/input/datasets/alicjalena/pv-panel-defect-dataset/train/Dusty/Dust (185).jpg,train,Dusty,Dust (185).jpg,.jpg,8.5,True,,265,190,1.394736842105263,168.766357421875,59e2e6284fca25fbda589aa6cca93a071ec738e2564f825a7de3484b6b41384c
/kaggle/input/datasets/alicjalena/pv-panel-defect-dataset/train/Dusty/Dust (188).jpg,train,Dusty,Dust (188).jpg,.jpg,66.1318359375,True,,612,459,1.3333333333333333,118.64217376708984,e40abac9c74d2989cc93593b541928f9deb9ea2e81c65759235e69c9af319726
/kaggle/input/datasets/alicjalena/pv-panel-defect-dataset/train/Dusty/Dust (189).jpg,train,Dusty,Dust (189).jpg,.jpg,54.7939453125,True,,612,408,1.5,128.09396362304688,60438d2d694558663b095d2fe748e919cf21326a710a7cdeba5aef611adfa3ef
/kaggle/input/datasets/alicjalena/pv-panel-defect-dataset/train/Dusty/Dust (2).jpg,train,Dusty,Dust (2).jpg,.jpg,621.7470703125,True,,2000,1333,1.5003750937734435,127.28780364990234,0a2c965a6a7faa00a7cf9e4a1582e0200bc1fd31f2a5e6c2e785247cb3a17b2f
/kaggle/input/datasets/alicjalena/pv-panel-defect-dataset/train/Dusty/Dust (20).jpg,train,Dusty,Dust (20).jpg,.jpg,194.236328125,True,,343,280,1.225,109.05836486816406,9ec3cf4a30b2a67e2b72efe3b022ed534a646251d09e9b5e8f64c4bfb0a8f43d
/kaggle/input/datasets/alicjalena/pv-panel-defect-dataset/train/Dusty/Dust (22).jpg,train,Dusty,Dust (22).jpg,.jpg,57.2900390625,True,,641,360,1.7805555555555554,132.5116424560547,a55cae9034f9774d2f49b2c9407c5c51721a2f2deb42b5efbda461e8b44bd298
/kaggle/input/datasets/alicjalena/pv-panel-defect-dataset/train/Dusty/Dust (24).jpg,train,Dusty,Dust (24).jpg,.jpg,867.4541015625,True,,887,675,1.3140740740740742,128.3402557373047,ed9986ad9b709fb1ca126013f11ef76eea97970f6f7564b19b4ab2e96f22c3bd
/kaggle/input/datasets/alicjalena/pv-panel-defect-dataset/train/Dusty/Dust (25).jpg,train,Dusty,Dust (25).jpg,.jpg,3346.90234375,True,,3648,2056,1.7743190661478598,163.8694305419922,57c3c285908783bc66aba5277b009bf102953779ca4540be08528b3a1870ab7d
/kaggle/input/datasets/alicjalena/pv-panel-defect-dataset/train/Dusty/Dust (27).jpg,train,Dusty,Dust (27).jpg,.jpg,350.2978515625,True,,768,427,1.7985948477751756,155.59808349609375,98acb0e53a0c926522e8fb089009a48cdda6db606b440b9796a140d13ae8ef0d
/kaggle/input/datasets/alicjalena/pv-panel-defect-dataset/train/Dusty/Dust (28).jpg,train,Dusty,Dust (28).jpg,.jpg,143.0390625,True,,855,689,1.2409288824383164,136.03562927246094,02d4ca5e027860359f6fae9484f9fe5fc8bbb0c2e73b95be3b1096a0032d1d97
/kaggle/input/datasets/alicjalena/pv-panel-defect-dataset/train/Dusty/Dust (29).jpg,train,Dusty,Dust (29).jpg,.jpg,126.703125,True,,1024,538,1.903345724907063,130.73507690429688,289d4d0e634f99653714d50592f3ea4780812617cd26223fdb6d477d7b190e13
/kaggle/input/datasets/alicjalena/pv-panel-defect-dataset/train/Dusty/Dust (3).jpg,train,Dusty,Dust (3).jpg,.jpg,556.37890625,True,,1536,2048,0.75,123.792724609375,019c82683f7a4e35e05a71ee3e9fda1e0045c1b2acc429e075d167a6f49d865f
/kaggle/input/datasets/alicjalena/pv-panel-defect-dataset/train/Dusty/Dust (30).jpg,train,Dusty,Dust (30).jpg,.jpg,374.181640625,True,,1300,955,1.361256544502618,83.27440643310547,830f0f8a4a5ebeb3571f72c70a172a255d8fab0281ad8dfbbdfaa97cc00e1045
/kaggle/input/datasets/alicjalena/pv-panel-defect-dataset/train/Dusty/Dust (31).jpg,train,Dusty,Dust (31).jpg,.jpg,159.201171875,True,,720,960,0.75,89.32389068603516,f9b663f7031e8793f384c7b7924c9b4e19dc7683299f9284847c86f68964cba8
/kaggle/input/datasets/alicjalena/pv-panel-defect-dataset/train/Dusty/Dust (32).jpg,train,Dusty,Dust (32).jpg,.jpg,118.8896484375,True,,720,960,0.75,127.74327087402344,dcbccbe12a01944a225bf75e6edafd64c30580706d4f492748f38425c39c6b1b
/kaggle/input/datasets/alicjalena/pv-panel-defect-dataset/train/Dusty/Dust (33).jpg,train,Dusty,Dust (33).jpg,.jpg,80.662109375,True,,720,960,0.75,130.85028076171875,516237a63f22d7d378e280485d095e33e14b3febcc25637f0c473d58874b3c4d
/kaggle/input/datasets/alicjalena/pv-panel-defect-dataset/train/Dusty/Dust (37).jpg,train,Dusty,Dust (37).jpg,.jpg,1633.123046875,True,,1200,675,1.7777777777777777,103.91688537597656,2c8ebb8b5f1d1153c8755792fc5b9c0c97aee16207b215a367e8abd6bc3ae2d2
/kaggle/input/datasets/alicjalena/pv-panel-defect-dataset/train/Dusty/Dust (38).jpg,train,Dusty,Dust (38).jpg,.jpg,297.8544921875,True,,332,453,0.7328918322295805,143.21969604492188,83fe56c3dca3f67d0086bb5bb68e55a3fae7d4fa4df4a6536f1cb04d3947e5da
/kaggle/input/datasets/alicjalena/pv-panel-defect-dataset/train/Dusty/Dust (4).jpg,train,Dusty,Dust (4).jpg,.jpg,424.7734375,True,,1600,1200,1.3333333333333333,78.99354553222656,d1941c6e81800fbba746d7186e482acb496456fda1658454976cec52c4e02b90
/kaggle/input/datasets/alicjalena/pv-panel-defect-dataset/train/Dusty/Dust (41).jpg,train,Dusty,Dust (41).jpg,.jpg,60.884765625,True,,720,960,0.75,120.69691467285156,db53fc4ca84de8bc2664d6a0b37f1d1b61b78a63f2bd283f6e149274d469ac0b
/kaggle/input/datasets/alicjalena/pv-panel-defect-dataset/train/Dusty/Dust (42).jpg,train,Dusty,Dust (42).jpg,.jpg,107.8037109375,True,,720,960,0.75,136.64138793945312,4de497ad914f4a2cba7e6a077a350b0046226fafdd2765bddf38db677f2945aa
/kaggle/input/datasets/alicjalena/pv-panel-defect-dataset/train/Dusty/Dust (44).jpg,train,Dusty,Dust (44).jpg,.jpg,107.9365234375,True,,720,960,0.75,135.4866485595703,0242abd0015a8cd78470e93bd28d5a81048c6e6a5c87ad05a750c2f7d89e0012
/kaggle/input/datasets/alicjalena/pv-panel-defect-dataset/train/Dusty/Dust (45).jpg,train,Dusty,Dust (45).jpg,.jpg,84.615234375,True,,720,960,0.75,134.10609436035156,9243568516aa2e69ff944ea28af3149a3d7f055ce8a3f2eb035c7798eef9cc35
/kaggle/input/datasets/alicjalena/pv-panel-defect-dataset/train/Dusty/Dust (47).jpg,train,Dusty,Dust (47).jpg,.jpg,88.0927734375,True,,720,960,0.75,126.24647521972656,22df82e8d1fa28c00760d8624ebc4d8d0b8d20e35108a73b03aa16baa7c8a097
/kaggle/input/datasets/alicjalena/pv-panel-defect-dataset/train/Dusty/Dust (48).jpg,train,Dusty,Dust (48).jpg,.jpg,94.982421875,True,,720,960,0.75,146.15280151367188,d9601b4228bdc95176392ddb803ded2b02b0089f3f7884c8d021d87de2b699ad
/kaggle/input/datasets/alicjalena/pv-panel-defect-dataset/train/Dusty/Dust (49).jpg,train,Dusty,Dust (49).jpg,.jpg,87.1796875,True,,720,960,0.75,146.82501220703125,ac78ce462c5886d919f8564de6d9859b46306397e1077bfde99c0b1e611c53d0
/kaggle/input/datasets/alicjalena/pv-panel-defect-dataset/train/Dusty/Dust (5).jpg,train,Dusty,Dust (5).jpg,.jpg,34.8720703125,True,,165,220,0.75,98.78968811035156,5eb658a6668ac1ecfe790a1ec64be0cb80a72d4846500a9efb01a9d29a21be3f
/kaggle/input/datasets/alicjalena/pv-panel-defect-dataset/train/Dusty/Dust (50).jpg,train,Dusty,Dust (50).jpg,.jpg,104.65234375,True,,960,720,1.3333333333333333,147.61138916015625,651b87094a4019c92432894dc79a48a088a4f1c3938b0a4232558990d2d3ffef
/kaggle/input/datasets/alicjalena/pv-panel-defect-dataset/train/Dusty/Dust (51).jpg,train,Dusty,Dust (51).jpg,.jpg,104.5380859375,True,,720,960,0.75,121.12374877929688,f76c09afb88237b79bb1f6fcb6a242f2e003629a8f4ee0ea5fb1987a89a91d0f
/kaggle/input/datasets/alicjalena/pv-panel-defect-dataset/train/Dusty/Dust (52).jpg,train,Dusty,Dust (52).jpg,.jpg,102.1748046875,True,,720,960,0.75,101.785400390625,bee814d89f5023b083663c6d4b64f1ae2b35214b7d8fab3b995ef9ca4c23aa1b
/kaggle/input/datasets/alicjalena/pv-panel-defect-dataset/train/Dusty/Dust (53).jpg,train,Dusty,Dust (53).jpg,.jpg,88.029296875,True,,960,720,1.3333333333333333,139.6419219970703,2249b1ea70d977ba6c9a0d6f401c40812902df5fecd62b83672754b3b276447f
/kaggle/input/datasets/alicjalena/pv-panel-defect-dataset/train/Dusty/Dust (54).jpg,train,Dusty,Dust (54).jpg,.jpg,151.5,True,,720,960,0.75,100.38408660888672,85457784111c5b3c7f586820dc1b8a693780ef532b6907514756b4a8ee29a103
/kaggle/input/datasets/alicjalena/pv-panel-defect-dataset/train/Dusty/Dust (55).jpg,train,Dusty,Dust (55).jpg,.jpg,86.896484375,True,,720,960,0.75,128.1041717529297,76696a2d0ec0f367418e64b376f88f1af6125894bc1004db9f75cc9b32244168
/kaggle/input/datasets/alicjalena/pv-panel-defect-dataset/train/Dusty/Dust (56).jpg,train,Dusty,Dust (56).jpg,.jpg,1134.07421875,True,,2048,1536,1.3333333333333333,113.26914978027344,d628106a3fb6512e5b347400ba8241396e4a7b72bc157ebe11e38c5ee8de9c82
/kaggle/input/datasets/alicjalena/pv-panel-defect-dataset/train/Dusty/Dust (57).jpg,train,Dusty,Dust (57).jpg,.jpg,45.69140625,True,,720,960,0.75,112.94021606445312,996c29c214215bd778bbb707ac9382b75c58e4a454b469adddf8bf5fc4f393e6
/kaggle/input/datasets/alicjalena/pv-panel-defect-dataset/train/Dusty/Dust (58).jpg,train,Dusty,Dust (58).jpg,.jpg,1322.1689453125,True,,2048,1536,1.3333333333333333,108.607177734375,9de067b1bc6321cd849b8a593ed20db8ddb7c71071a04e9bbc437fc4aab1b422
/kaggle/input/datasets/alicjalena/pv-panel-defect-dataset/train/Dusty/Dust (59).jpg,train,Dusty,Dust (59).jpg,.jpg,76.462890625,True,,720,960,0.75,157.4478302001953,4e35c10b92e1e96ec698eaf12dd74cc71e4a4f48266d710cccdb997300038780
/kaggle/input/datasets/alicjalena/pv-panel-defect-dataset/train/Dusty/Dust (6).jpg,train,Dusty,Dust (6).jpg,.jpg,3347.9560546875,True,,4032,3024,1.3333333333333333,134.8048553466797,2a7cc7d6a05f59b68c2155add7bd2a1e51eb02c44cc8173f4d6e6f0c4a899d35
/kaggle/input/datasets/alicjalena/pv-panel-defect-dataset/train/Dusty/Dust (60).jpg,train,Dusty,Dust (60).jpg,.jpg,659.04296875,True,,1536,2048,0.75,129.9337615966797,00477c945cfa0fa757ba492619b8df43c373e511aad15d77458d009b92254a31
/kaggle/input/datasets/alicjalena/pv-panel-defect-dataset/train/Dusty/Dust (61).jpg,train,Dusty,Dust (61).jpg,.jpg,1080.3564453125,True,,2048,1536,1.3333333333333333,115.03089904785156,1a2431a16425ad9302f136b96876444228d8c6f60363f94da05a5d1eb9932861
/kaggle/input/datasets/alicjalena/pv-panel-defect-dataset/train/Dusty/Dust (62).jpg,train,Dusty,Dust (62).jpg,.jpg,80.599609375,True,,720,960,0.75,143.56982421875,d1e399a37af2ef30d75ae65d8f857eade788b21b90e819fb483655acef5e9465
/kaggle/input/datasets/alicjalena/pv-panel-defect-dataset/train/Dusty/Dust (63).jpg,train,Dusty,Dust (63).jpg,.jpg,106.80859375,True,,720,960,0.75,137.5563201904297,33d49d248d088a50121edb681c2fd8aaab2c6de0d85af3b23e1a826e9b0d97d0
/kaggle/input/datasets/alicjalena/pv-panel-defect-dataset/train/Dusty/Dust (64).jpg,train,Dusty,Dust (64).jpg,.jpg,105.4609375,True,,720,960,0.75,126.17130279541016,522ef03b4101c6f86b40b49fec44712fdc1fac8d6c7efd11c4f59b04bf51f7d3
/kaggle/input/datasets/alicjalena/pv-panel-defect-dataset/train/Dusty/Dust (65).jpg,train,Dusty,Dust (65).jpg,.jpg,110.5234375,True,,720,960,0.75,135.79443359375,7edd41ef3d86fe5c71c63dc4d87d7d1d928ea55ca6efa9f7daf83a628d8ef084
/kaggle/input/datasets/alicjalena/pv-panel-defect-dataset/train/Dusty/Dust (66).jpg,train,Dusty,Dust (66).jpg,.jpg,575.2763671875,True,,1536,2048,0.75,90.61542510986328,80ab7631c736198d0a634985c3df395a54fce6e2202650b1bb04d7af3265199b
/kaggle/input/datasets/alicjalena/pv-panel-defect-dataset/train/Dusty/Dust (69).jpg,train,Dusty,Dust (69).jpg,.jpg,114.0029296875,True,,720,960,0.75,157.24090576171875,e4dd6e9c622afcefb6e39b830263235e2ad26ca602742784f6988554e614166e
/kaggle/input/datasets/alicjalena/pv-panel-defect-dataset/train/Dusty/Dust (7).jpg,train,Dusty,Dust (7).jpg,.jpg,59.9228515625,True,,576,323,1.78328173374613,142.4351806640625,095ec07f558f8c9d9bbea70ab65d3f685c816315332bbe002c1bd423084557b0
/kaggle/input/datasets/alicjalena/pv-panel-defect-dataset/train/Dusty/Dust (70).jpg,train,Dusty,Dust (70).jpg,.jpg,98.20703125,True,,960,720,1.3333333333333333,120.05509185791016,2eda3f834e9605ca25de1bd14ea2c820a514ef9a18f2aa1cee2cc36297ad92c5
/kaggle/input/datasets/alicjalena/pv-panel-defect-dataset/train/Dusty/Dust (71).jpg,train,Dusty,Dust (71).jpg,.jpg,1024.2099609375,True,,2048,1536,1.3333333333333333,107.88807678222656,963fe77cde47d06fedf7f66596d1ce22713041f8865fbc2ffb3570b301d657d6
/kaggle/input/datasets/alicjalena/pv-panel-defect-dataset/train/Dusty/Dust (72).jpg,train,Dusty,Dust (72).jpg,.jpg,106.6142578125,True,,720,960,0.75,138.19073486328125,ce72410bfe40bf7056c8e443a251b6a074dce0eb4cf1a87a08a4d6ab5bcdc8c1
/kaggle/input/datasets/alicjalena/pv-panel-defect-dataset/train/Dusty/Dust (73).jpg,train,Dusty,Dust (73).jpg,.jpg,99.5625,True,,720,960,0.75,124.16175842285156,c22326135ee099a6d4e885ae3d50e6aed0ed520d5cb35d1db0c671d987a59772
/kaggle/input/datasets/alicjalena/pv-panel-defect-dataset/train/Dusty/Dust (74).jpg,train,Dusty,Dust (74).jpg,.jpg,1158.3564453125,True,,2048,1536,1.3333333333333333,104.88799285888672,73f8b668580d8bd06b1c0bcb08a9577624c125407208a8a66efcc13c791fdc80
/kaggle/input/datasets/alicjalena/pv-panel-defect-dataset/train/Dusty/Dust (75).jpg,train,Dusty,Dust (75).jpg,.jpg,94.8818359375,True,,720,960,0.75,138.1549530029297,b644b3a54e636c4019b7260fa7affb00f5f96b48afce00712a2fa74c81c87e4d
/kaggle/input/datasets/alicjalena/pv-panel-defect-dataset/train/Dusty/Dust (76).jpg,train,Dusty,Dust (76).jpg,.jpg,147.5458984375,True,,720,960,0.75,95.08956909179688,f2c91ded20372fe4f5c4ab7bc5524d0e7e7315f7443c01340cbf380fba41207f
/kaggle/input/datasets/alicjalena/pv-panel-defect-dataset/train/Dusty/Dust (77).jpg,train,Dusty,Dust (77).jpg,.jpg,108.0185546875,True,,720,960,0.75,139.16371154785156,cb056a3a75770f63c9b64995ed327686a71db61f0e9bf55aa6f59f4e5f2df389
/kaggle/input/datasets/alicjalena/pv-panel-defect-dataset/train/Dusty/Dust (78).jpg,train,Dusty,Dust (78).jpg,.jpg,1184.1494140625,True,,2048,1536,1.3333333333333333,132.16688537597656,1303460cb637de2e67375054b841e9b10c50a7472a24725623ee444000422c39
/kaggle/input/datasets/alicjalena/pv-panel-defect-dataset/train/Dusty/Dust (8).jpg,train,Dusty,Dust (8).jpg,.jpg,25.5556640625,True,,376,250,1.504,120.14659881591797,b5aa9f0c04c21d73ca40ec65be49bb1259e7c317deca676a90283ea9414bfad0
/kaggle/input/datasets/alicjalena/pv-panel-defect-dataset/train/Dusty/Dust (80).jpg,train,Dusty,Dust (80).jpg,.jpg,381.0654296875,True,,2048,1152,1.7777777777777777,114.41703033447266,8dab2095503ced06373aabc977e0291f30f9fecef34ee07428daa06d85d785ab
/kaggle/input/datasets/alicjalena/pv-panel-defect-dataset/train/Dusty/Dust (81).jpg,train,Dusty,Dust (81).jpg,.jpg,419.28515625,True,,2048,1152,1.7777777777777777,117.28667449951172,35070098e951545190a3440176ddedc810a396f91f36e7a4b46de31950a8e3a8
/kaggle/input/datasets/alicjalena/pv-panel-defect-dataset/train/Dusty/Dust (82).jpg,train,Dusty,Dust (82).jpg,.jpg,268.0205078125,True,,2048,1152,1.7777777777777777,103.37869262695312,4e9f178cfbff80b9fae3efe8c7e33922fd588d45d150f800157364c1befbec88
/kaggle/input/datasets/alicjalena/pv-panel-defect-dataset/train/Dusty/Dust (84).jpg,train,Dusty,Dust (84).jpg,.jpg,313.7265625,True,,2048,1152,1.7777777777777777,134.9000701904297,952561cc6e91fe9a74e3026a242b988cc262b10a42f6a5b124d935a9d73fb011
/kaggle/input/datasets/alicjalena/pv-panel-defect-dataset/train/Dusty/Dust (85).jpg,train,Dusty,Dust (85).jpg,.jpg,231.9052734375,True,,2048,1152,1.7777777777777777,133.8134002685547,5751853d55e3b114094bf905aed8e49a7fb43084062ecef521e1c02756b7c0df
/kaggle/input/datasets/alicjalena/pv-panel-defect-dataset/train/Dusty/Dust (86).jpg,train,Dusty,Dust (86).jpg,.jpg,266.828125,True,,2048,1152,1.7777777777777777,123.08753204345703,aa21162eef15debabe89961bc428a19765bf8efc3614d88d7eef41bf9cb28bf2
/kaggle/input/datasets/alicjalena/pv-panel-defect-dataset/train/Dusty/Dust (87).jpg,train,Dusty,Dust (87).jpg,.jpg,262.0966796875,True,,2048,1152,1.7777777777777777,123.07099914550781,bc4c1fb4adefe362525ee259aebb2ddab760f4a4254bf8e04304d6d05153f40c
/kaggle/input/datasets/alicjalena/pv-panel-defect-dataset/train/Dusty/Dust (88).jpg,train,Dusty,Dust (88).jpg,.jpg,285.240234375,True,,2048,1152,1.7777777777777777,129.57769775390625,11fc6cf6da115800a0e0883934a68628fc066e9ff499f82201eaf7d200fa3c19
/kaggle/input/datasets/alicjalena/pv-panel-defect-dataset/train/Dusty/Dust (89).jpg,train,Dusty,Dust (89).jpg,.jpg,447.51953125,True,,2048,1152,1.7777777777777777,117.15480041503906,e157efaf029f5d0c5c66e5d6f4fec028025c5a612234719504c8168eaf6a9092
/kaggle/input/datasets/alicjalena/pv-panel-defect-dataset/train/Dusty/Dust (9).jpg,train,Dusty,Dust (9).jpg,.jpg,282.978515625,True,,800,450,1.7777777777777777,90.10315704345703,fbf0e91717ea60d9d4e9b27949aa23e04f6ea4b357c9b1183545a43f16bd5739
/kaggle/input/datasets/alicjalena/pv-panel-defect-dataset/train/Dusty/Dust (90).jpg,train,Dusty,Dust (90).jpg,.jpg,393.67578125,True,,2048,1152,1.7777777777777777,112.34852600097656,f2bdbaf3b185fcf305461a633336628be8def1e29463b7f797be3150b2c2d5dd
/kaggle/input/datasets/alicjalena/pv-panel-defect-dataset/train/Dusty/Dust (92).jpg,train,Dusty,Dust (92).jpg,.jpg,454.3740234375,True,,2048,1152,1.7777777777777777,121.34620666503906,04a46c80e37ae78c441c2ac7ea9558e96fd2a0984e6a0e4dd80001f7fa90666a
/kaggle/input/datasets/alicjalena/pv-panel-defect-dataset/train/Dusty/Dust (95).jpg,train,Dusty,Dust (95).jpg,.jpg,373.1083984375,True,,2048,921,2.223669923995657,134.59356689453125,91be7312bd86641404ed59f0f11a9377e60a5f626501a16c3f12aaa26b2b99b1
/kaggle/input/datasets/alicjalena/pv-panel-defect-dataset/train/Dusty/Dust (97).jpg,train,Dusty,Dust (97).jpg,.jpg,398.7158203125,True,,2048,921,2.223669923995657,169.64102172851562,799f4236e8b4df73841066bdae2c20244980e449e2b4f8046185e2a1a365693a
/kaggle/input/datasets/alicjalena/pv-panel-defect-dataset/val/Dusty/Dust (12).jpg,val,Dusty,Dust (12).jpg,.jpg,192.7861328125,True,,740,416,1.7788461538461537,142.53277587890625,43f5a54f3d4527da0513c5d3fa4c5bfcd6926516933e7909b69ce6c5f1b6b5aa
/kaggle/input/datasets/alicjalena/pv-panel-defect-dataset/val/Dusty/Dust (133).jpg,val,Dusty,Dust (133).jpg,.jpg,339.07421875,True,,1078,1440,0.7486111111111111,101.12733459472656,c0ef5120ebdf48abf8cae96478a477723e52675752119dbf0c9237c2ba7c921a
/kaggle/input/datasets/alicjalena/pv-panel-defect-dataset/val/Dusty/Dust (137).jpg,val,Dusty,Dust (137).jpg,.jpg,459.833984375,True,,1440,1440,1.0,119.86087799072266,c39740af92a1777dad3fc297b544640678b26fa8f0dcc874ee547980172519a0
/kaggle/input/datasets/alicjalena/pv-panel-defect-dataset/val/Dusty/Dust (138).jpg,val,Dusty,Dust (138).jpg,.jpg,225.9619140625,True,,1080,1080,1.0,120.34112548828125,ada8ad243881bfeb7518346c3a0df15aba407e76da9461037ac78826d0ef7ee6
/kaggle/input/datasets/alicjalena/pv-panel-defect-dataset/val/Dusty/Dust (161).jpg,val,Dusty,Dust (161).jpg,.jpg,195.23828125,True,,720,959,0.7507820646506778,139.99676513671875,fc62b9f75ad11c7c1e3f142b950b85ed5609af0424c9cdc74265094c14e3145d
/kaggle/input/datasets/alicjalena/pv-panel-defect-dataset/val/Dusty/Dust (174).jpg,val,Dusty,Dust (174).jpg,.jpg,157.337890625,True,,500,333,1.5015015015015014,94.00765991210938,2bf386527fd12fb0e1f82cbaa7dcd9df839c66607eca8f55f831488826fd37b1
/kaggle/input/datasets/alicjalena/pv-panel-defect-dataset/val/Dusty/Dust (175).jpg,val,Dusty,Dust (175).jpg,.jpg,318.2607421875,True,,1300,866,1.5011547344110854,143.9423065185547,cc705803c9033c286ab3ba6b3b11ec53f87a5eae6933b70b3ac19ee403c4f5d1
/kaggle/input/datasets/alicjalena/pv-panel-defect-dataset/val/Dusty/Dust (21).jpg,val,Dusty,Dust (21).jpg,.jpg,71.2685546875,True,,480,360,1.3333333333333333,132.60226440429688,358931d3d9a7ce51a4f702354cfd6eef6fcd6afac198d2d691d42f06c2ccea1b
/kaggle/input/datasets/alicjalena/pv-panel-defect-dataset/val/Dusty/Dust (34).jpg,val,Dusty,Dust (34).jpg,.jpg,1834.005859375,True,,1371,2048,0.66943359375,90.27922058105469,e17867b12ab84929f1074a0ceb0172dc7913b5c4173d3def93fd1f92757ce750
/kaggle/input/datasets/alicjalena/pv-panel-defect-dataset/val/Dusty/Dust (39).jpg,val,Dusty,Dust (39).jpg,.jpg,47.158203125,True,,149,250,0.596,110.67876434326172,03c1a40bda852b10877594526fe20b830aec4d0845a7e45aa7f1a7a9f203abf4
/kaggle/input/datasets/alicjalena/pv-panel-defect-dataset/val/Dusty/Dust (40).jpg,val,Dusty,Dust (40).jpg,.jpg,297.5537109375,True,,2000,1333,1.5003750937734435,128.053955078125,aab0f6616be23bb642a3d7f4f484e59bab5980ac68f25a7c0bbbf7e8db40c775
/kaggle/input/datasets/alicjalena/pv-panel-defect-dataset/val/Dusty/Dust (43).jpg,val,Dusty,Dust (43).jpg,.jpg,86.544921875,True,,720,960,0.75,148.0899200439453,109fa4aab97f4761c7cfe5767dce5fb2d243c0dcdd5bff9017133555aa31f7d6
/kaggle/input/datasets/alicjalena/pv-panel-defect-dataset/val/Dusty/Dust (67).jpg,val,Dusty,Dust (67).jpg,.jpg,109.5380859375,True,,960,720,1.3333333333333333,130.50518798828125,1be63114272d308b0a07f7e076759d0354fb79274ba384a0227e2f8da413f6d8
/kaggle/input/datasets/alicjalena/pv-panel-defect-dataset/val/Dusty/Dust (79).jpg,val,Dusty,Dust (79).jpg,.jpg,84.662109375,True,,720,960,0.75,119.38251495361328,ed67457f3795c52e9ec33a4b61a607c2981e235dfb1cd18accc0b6877bdd2a2e
/kaggle/input/datasets/alicjalena/pv-panel-defect-dataset/val/Dusty/Dust (91).jpg,val,Dusty,Dust (91).jpg,.jpg,341.64453125,True,,2048,1152,1.7777777777777777,101.27339935302734,b20c3d4457fe32eafab6357b3c50654400383417507d08049c1c5b5a95e1424c
/kaggle/input/datasets/alicjalena/pv-panel-defect-dataset/val/Dusty/Dust (94).jpg,val,Dusty,Dust (94).jpg,.jpg,420.7666015625,True,,2048,1152,1.7777777777777777,116.05042266845703,a82995dca9bb2ed7a116cf963e328e0560b9977cecf374e1abca29dea20ab0dd
/kaggle/input/datasets/alicjalena/pv-panel-defect-dataset/val/Dusty/Dust (98).jpg,val,Dusty,Dust (98).jpg,.jpg,2672.7646484375,True,,3024,3024,1.0,111.9494400024414,916a7a8830af97cb65b8cf94fcf9f04a0ddc98425a06c0b0eddf9b78573af19a
/kaggle/input/datasets/alicjalena/pv-panel-defect-dataset/test/Electrical-damage/Electrical (103).jpg,test,Electrical-damage,Electrical (103).jpg,.jpg,237.3115234375,True,,1625,916,1.7740174672489082,88.31484985351562,c222d133cf051dc58dca00c9dd054a0d23b5c9bd7d416147a2361ac672a882cf
/kaggle/input/datasets/alicjalena/pv-panel-defect-dataset/test/Electrical-damage/Electrical (132).jpg,test,Electrical-damage,Electrical (132).jpg,.jpg,500.8818359375,True,,3024,2592,1.1666666666666667,178.01759338378906,327224d60900d7cd268322e9e9bd6eb51b4630730a612545b7cf03c685b1e3fc
/kaggle/input/datasets/alicjalena/pv-panel-defect-dataset/test/Electrical-damage/Electrical (18).jpg,test,Electrical-damage,Electrical (18).jpg,.jpg,25.1484375,True,,300,300,1.0,84.3499984741211,ef66c457ffdf52232fae619da9750988372dafc5b3fb64c0571b97e7ca3309b5
/kaggle/input/datasets/alicjalena/pv-panel-defect-dataset/test/Electrical-damage/Electrical (19).jpg,test,Electrical-damage,Electrical (19).jpg,.jpg,64.9375,True,,677,332,2.039156626506024,119.68977355957031,cdcd8bbb50e010dad71991ca4854675a75925f2f9acf63efb1bf17c83d89a8c4
/kaggle/input/datasets/alicjalena/pv-panel-defect-dataset/test/Electrical-damage/Electrical (28).jpg,test,Electrical-damage,Electrical (28).jpg,.jpg,164.1875,True,,1034,466,2.218884120171674,127.16150665283203,12fa30583c2d638068a511f63a6b8ddf8a6c11feca5a34432b69d428bb1546eb
/kaggle/input/datasets/alicjalena/pv-panel-defect-dataset/test/Electrical-damage/Electrical (3).jpg,test,Electrical-damage,Electrical (3).jpg,.jpg,470.6015625,True,,1536,2048,0.75,84.57071685791016,e56e864f856b321860d1706c212d77d968aea3e609fbd7076e00229a8d589c8c
/kaggle/input/datasets/alicjalena/pv-panel-defect-dataset/test/Electrical-damage/Electrical (31).jpg,test,Electrical-damage,Electrical (31).jpg,.jpg,69.80078125,True,,474,632,0.75,116.38999938964844,3d107ed74f29c261c02f8d503a39e575ac87668c4d8bd7b9fe6eb15e2254a290
/kaggle/input/datasets/alicjalena/pv-panel-defect-dataset/test/Electrical-damage/Electrical (44).jpg,test,Electrical-damage,Electrical (44).jpg,.jpg,31.6826171875,True,,462,294,1.5714285714285714,75.31825256347656,2ece85824da6ce1e7055534add1b40a87e73c03fc1235f0cf7b8b00644983993
/kaggle/input/datasets/alicjalena/pv-panel-defect-dataset/test/Electrical-damage/Electrical (50).jpg,test,Electrical-damage,Electrical (50).jpg,.jpg,100.48046875,True,,300,450,0.6666666666666666,88.16522979736328,9423b74fe2ac91b6cc4098aca8e7a3517027fde6844ea4e6804a939b7d3eea20
/kaggle/input/datasets/alicjalena/pv-panel-defect-dataset/test/Electrical-damage/Electrical (66).jpg,test,Electrical-damage,Electrical (66).jpg,.jpg,31.8408203125,True,,390,310,1.2580645161290323,84.80453491210938,46bd3f75e97ed4b8e50c19ec4ecf9e7eecdbdd8e19413546896fef888a53ea41
/kaggle/input/datasets/alicjalena/pv-panel-defect-dataset/test/Electrical-damage/Electrical (73).jpg,test,Electrical-damage,Electrical (73).jpg,.jpg,83.25390625,True,,640,450,1.4222222222222223,73.94108581542969,9a7932dbab6d7f4d1900f1c73e9e4ae925cc6cad4e77768b44c0a180d9fb5290
/kaggle/input/datasets/alicjalena/pv-panel-defect-dataset/test/Electrical-damage/Electrical (84).jpg,test,Electrical-damage,Electrical (84).jpg,.jpg,23.6904296875,True,,474,226,2.0973451327433628,130.59408569335938,7422b21020c7f1a1c555a43d9c7db69fbbe0636558e4115c33e4cb007c63e3bb
/kaggle/input/datasets/alicjalena/pv-panel-defect-dataset/test/Electrical-damage/Electrical (88).jpg,test,Electrical-damage,Electrical (88).jpg,.jpg,111.4638671875,True,,602,564,1.0673758865248226,107.31890106201172,c140e80fa89fd3da5c13220d6ae98aa2d4dbdc9aadc21ca5a61733397472eb44
/kaggle/input/datasets/alicjalena/pv-panel-defect-dataset/train/Electrical-damage/Electrical (1).jpg,train,Electrical-damage,Electrical (1).jpg,.jpg,12.4755859375,True,,318,158,2.0126582278481013,114.70552825927734,53c1fe99f67a27503feb5fae255269d7b1d147197104d7bf663e559b128228b8
/kaggle/input/datasets/alicjalena/pv-panel-defect-dataset/train/Electrical-damage/Electrical (1).png,train,Electrical-damage,Electrical (1).png,.png,282.1884765625,True,,400,288,1.3888888888888888,102.32484436035156,f69922e031ad52ccd452d5139dc0ae4176a847532955292c9bb1682fc646974f
/kaggle/input/datasets/alicjalena/pv-panel-defect-dataset/train/Electrical-damage/Electrical (10).jpg,train,Electrical-damage,Electrical (10).jpg,.jpg,36.0263671875,True,,474,355,1.3352112676056338,84.48179626464844,598ef680fbc173585a7ae1e265f805c55cb464382dea6f333ad2cdde9b587681
/kaggle/input/datasets/alicjalena/pv-panel-defect-dataset/train/Electrical-damage/Electrical (101).jpg,train,Electrical-damage,Electrical (101).jpg,.jpg,31.08984375,True,,333,250,1.332,107.42745971679688,13818afffa4b657bfd86cfc114cdd4d55754f382602b81f5719972c48da922bf
/kaggle/input/datasets/alicjalena/pv-panel-defect-dataset/train/Electrical-damage/Electrical (106).jpg,train,Electrical-damage,Electrical (106).jpg,.jpg,50.9404296875,True,,384,512,0.75,75.29991149902344,de2390a17dc4bd755d19350407541446faea2356dc94a355949a28e299c8b69d
/kaggle/input/datasets/alicjalena/pv-panel-defect-dataset/train/Electrical-damage/Electrical (108).jpg,train,Electrical-damage,Electrical (108).jpg,.jpg,489.6484375,True,,2400,1600,1.5,74.10655975341797,138183ebf954e0a4a25f4d3b7c4dff37fbd58b9abd22b6726291f7b55e5f2bd5
/kaggle/input/datasets/alicjalena/pv-panel-defect-dataset/train/Electrical-damage/Electrical (109).jpg,train,Electrical-damage,Electrical (109).jpg,.jpg,58.9169921875,True,,622,415,1.4987951807228916,138.87545776367188,596982d4c6bb62082802e1fbbc5a50506808689bb818bb0ab6f7cc113599e557
/kaggle/input/datasets/alicjalena/pv-panel-defect-dataset/train/Electrical-damage/Electrical (11).jpg,train,Electrical-damage,Electrical (11).jpg,.jpg,108.7900390625,True,,1200,800,1.5,97.3655014038086,1c18753d2788338cf6eefa600dc900eec52a1fc88549dbb7eb9ef4e144144ef4
/kaggle/input/datasets/alicjalena/pv-panel-defect-dataset/train/Electrical-damage/Electrical (110).jpg,train,Electrical-damage,Electrical (110).jpg,.jpg,3299.6748046875,True,,3024,4032,0.75,95.67410278320312,5761859b24cd45fa3e2cb16999542e2d391573db34085ce8262bafc1441a8e34
/kaggle/input/datasets/alicjalena/pv-panel-defect-dataset/train/Electrical-damage/Electrical (112).jpg,train,Electrical-damage,Electrical (112).jpg,.jpg,14.7001953125,True,,320,157,2.038216560509554,85.0220718383789,9497e62e7db539f40ca22a028de01728f5ca5a956dbf89b8c0b0c91d9cbd16a6
/kaggle/input/datasets/alicjalena/pv-panel-defect-dataset/train/Electrical-damage/Electrical (113).jpg,train,Electrical-damage,Electrical (113).jpg,.jpg,18.8583984375,True,,474,231,2.051948051948052,109.45501708984375,267580a653ee99ca73911507760da47f9b84bc0e58083eb90a7ee11139dd395f
/kaggle/input/datasets/alicjalena/pv-panel-defect-dataset/train/Electrical-damage/Electrical (116).jpg,train,Electrical-damage,Electrical (116).jpg,.jpg,304.1328125,True,,1200,806,1.488833746898263,113.32855224609375,da979cc7b5ec5808f83aa9906335c038607aa8ed6ba54648869034969818c521
/kaggle/input/datasets/alicjalena/pv-panel-defect-dataset/train/Electrical-damage/Electrical (117).jpg,train,Electrical-damage,Electrical (117).jpg,.jpg,76.3818359375,True,,730,317,2.302839116719243,114.05650329589844,3769be651aacd65cf34f53b43cdd573896dd182518456126d0fd0fa6a1429b49
/kaggle/input/datasets/alicjalena/pv-panel-defect-dataset/train/Electrical-damage/Electrical (118).jpg,train,Electrical-damage,Electrical (118).jpg,.jpg,12.615234375,True,,272,204,1.3333333333333333,60.76394271850586,639bf01779ec4738c3758d035c1203011a3bc626474e56d73e4a721305142430
/kaggle/input/datasets/alicjalena/pv-panel-defect-dataset/train/Electrical-damage/Electrical (119).jpg,train,Electrical-damage,Electrical (119).jpg,.jpg,14.57421875,True,,300,200,1.5,102.71979522705078,151557af791c3d33fa98cb8bc50d1651563f1766ffc7e53b73e0eab5495c8bb7
/kaggle/input/datasets/alicjalena/pv-panel-defect-dataset/train/Electrical-damage/Electrical (120).jpg,train,Electrical-damage,Electrical (120).jpg,.jpg,59.6572265625,True,,474,631,0.751188589540412,80.93991088867188,957ce8c3e780570d4e6b63328e2114bb06f274bd390630e72145e6c1c86d9eec
/kaggle/input/datasets/alicjalena/pv-panel-defect-dataset/train/Electrical-damage/Electrical (123).jpg,train,Electrical-damage,Electrical (123).jpg,.jpg,8.3837890625,True,,246,301,0.8172757475083057,110.85505676269531,eb5e83b64ac28ebcda4fa51db110974b56468e6d8134c33d008ff0768fc411e9
/kaggle/input/datasets/alicjalena/pv-panel-defect-dataset/train/Electrical-damage/Electrical (125).jpg,train,Electrical-damage,Electrical (125).jpg,.jpg,71.6826171875,True,,600,450,1.3333333333333333,85.09101104736328,8892e6942bbaeacab6597914881c9a3a988f832f5460c755fc75665565fd5ced
/kaggle/input/datasets/alicjalena/pv-panel-defect-dataset/train/Electrical-damage/Electrical (127).jpg,train,Electrical-damage,Electrical (127).jpg,.jpg,36.9853515625,True,,384,402,0.9552238805970149,74.85405731201172,4cf55bd27f478caf1e049831e2ec44f3015fb3f83ed5e0b75d0b567a001841f4
/kaggle/input/datasets/alicjalena/pv-panel-defect-dataset/train/Electrical-damage/Electrical (129).jpg,train,Electrical-damage,Electrical (129).jpg,.jpg,8.826171875,True,,259,194,1.3350515463917525,83.48983001708984,1763d11c6e27223eea84c22730fdd9491f5e4eddef58095733a203ebb81422d4
/kaggle/input/datasets/alicjalena/pv-panel-defect-dataset/train/Electrical-damage/Electrical (13).jpg,train,Electrical-damage,Electrical (13).jpg,.jpg,39.740234375,True,,460,345,1.3333333333333333,78.45692443847656,a22112dde466ebc14b8e3059a924132c855eeb1f33c5a2e38d66a5050f33cf87
/kaggle/input/datasets/alicjalena/pv-panel-defect-dataset/train/Electrical-damage/Electrical (130).jpg,train,Electrical-damage,Electrical (130).jpg,.jpg,120.0458984375,True,,564,770,0.7324675324675325,67.7372817993164,83ac6eafdd1f39a57b6caa32871ce552d6fb0ce404c61c1721d7af1d965956e0
/kaggle/input/datasets/alicjalena/pv-panel-defect-dataset/train/Electrical-damage/Electrical (133).jpg,train,Electrical-damage,Electrical (133).jpg,.jpg,26.900390625,True,,474,317,1.4952681388012619,119.57449340820312,31e24c7b5ef26762739ee2ba30068e0476cea5c1d285f4dfd735d7abf49ebd3a
/kaggle/input/datasets/alicjalena/pv-panel-defect-dataset/train/Electrical-damage/Electrical (135).jpg,train,Electrical-damage,Electrical (135).jpg,.jpg,22.0458984375,True,,443,222,1.9954954954954955,129.3925323486328,9967442e897c80c988e44d7960d8544acb48899050910884d8395d7e6f91957c
/kaggle/input/datasets/alicjalena/pv-panel-defect-dataset/train/Electrical-damage/Electrical (137).jpg,train,Electrical-damage,Electrical (137).jpg,.jpg,340.5791015625,True,,4000,3000,1.3333333333333333,86.13954162597656,f9ce754df6f586eb14b99def19332687f07f0b0ce861d64d7c7ead43d6065422
/kaggle/input/datasets/alicjalena/pv-panel-defect-dataset/train/Electrical-damage/Electrical (138).jpg,train,Electrical-damage,Electrical (138).jpg,.jpg,78.181640625,True,,513,405,1.2666666666666666,106.06698608398438,4d6df6db7539a122a2db12049e316068179a7c8e88198ad0aa3fbf32ce09ecf8
/kaggle/input/datasets/alicjalena/pv-panel-defect-dataset/train/Electrical-damage/Electrical (139).jpg,train,Electrical-damage,Electrical (139).jpg,.jpg,46.1767578125,True,,492,364,1.3516483516483517,100.54037475585938,e15a5d4273290a01166a1ec7d3730d5f52a8715acb5dc12a74bea0319183627f
/kaggle/input/datasets/alicjalena/pv-panel-defect-dataset/train/Electrical-damage/Electrical (140).jpg,train,Electrical-damage,Electrical (140).jpg,.jpg,66.4912109375,True,,482,230,2.0956521739130434,130.579833984375,63374881f770a19fc1daf2be7b93bd5cdf3e1406306a5a154e86783a3b17c0ae
/kaggle/input/datasets/alicjalena/pv-panel-defect-dataset/train/Electrical-damage/Electrical (141).jpg,train,Electrical-damage,Electrical (141).jpg,.jpg,224.5126953125,True,,850,566,1.5017667844522968,107.34426879882812,66eb16748ebd8dd82ef44028dd1eb3bba37752d1e3382a4231f36cea79c6cc8f
/kaggle/input/datasets/alicjalena/pv-panel-defect-dataset/train/Electrical-damage/Electrical (146).jpg,train,Electrical-damage,Electrical (146).jpg,.jpg,5020.3837890625,True,,3024,5376,0.5625,112.97305297851562,cb074141f8b39c364a820d66dda367c81322e07757667ecfb0fca6345f78d1bb
/kaggle/input/datasets/alicjalena/pv-panel-defect-dataset/train/Electrical-damage/Electrical (147).jpg,train,Electrical-damage,Electrical (147).jpg,.jpg,34.8154296875,True,,430,205,2.097560975609756,130.7335662841797,d5001ed10c3e73adc1a18a80ed9d85ef780b0f7d5dbf10ecd918772ea285b860
/kaggle/input/datasets/alicjalena/pv-panel-defect-dataset/train/Electrical-damage/Electrical (148).jpg,train,Electrical-damage,Electrical (148).jpg,.jpg,66.818359375,True,,474,632,0.75,91.98497009277344,0b1c663fc85fe9d2b48fa6b3d25304c6b1b901c918848c3a24eaa89083b0aff4
/kaggle/input/datasets/alicjalena/pv-panel-defect-dataset/train/Electrical-damage/Electrical (150).jpg,train,Electrical-damage,Electrical (150).jpg,.jpg,46.6396484375,True,,387,275,1.4072727272727272,101.9637680053711,198444bce6ace0ea24d4888158d004966dc43fef83c7157b1259cde89e78609c
/kaggle/input/datasets/alicjalena/pv-panel-defect-dataset/train/Electrical-damage/Electrical (151).jpg,train,Electrical-damage,Electrical (151).jpg,.jpg,67.6904296875,True,,530,785,0.6751592356687898,108.16490936279297,fa0c3cc3dee515894c6931883f9397371846942c5c464c71585394f21195bcdc
/kaggle/input/datasets/alicjalena/pv-panel-defect-dataset/train/Electrical-damage/Electrical (152).jpg,train,Electrical-damage,Electrical (152).jpg,.jpg,90.5888671875,True,,578,778,0.7429305912596401,103.4906234741211,7474f871ddae20aa6aa879baa80a6eedfe37b35a799ad72db4745fc1516802fd
/kaggle/input/datasets/alicjalena/pv-panel-defect-dataset/train/Electrical-damage/Electrical (153).jpg,train,Electrical-damage,Electrical (153).jpg,.jpg,154.1240234375,True,,589,769,0.7659297789336801,74.24442291259766,b0ba086419208d0e193fb6d5b978f2d5c697b10ba0604f4840e9cd6ebf1f7aed
/kaggle/input/datasets/alicjalena/pv-panel-defect-dataset/train/Electrical-damage/Electrical (16).jpg,train,Electrical-damage,Electrical (16).jpg,.jpg,33.537109375,True,,474,297,1.595959595959596,88.791015625,df255af64d1806348db7770b3b4ee550f48c68aaabf45fd6c20976dce5b41e5f
/kaggle/input/datasets/alicjalena/pv-panel-defect-dataset/train/Electrical-damage/Electrical (2).png,train,Electrical-damage,Electrical (2).png,.png,93.3076171875,True,,564,734,0.7683923705722071,143.23548889160156,896f2ef5904d66b871d3703b538ce187875c84792d5d77811ad2e69105334702
/kaggle/input/datasets/alicjalena/pv-panel-defect-dataset/train/Electrical-damage/Electrical (20).jpg,train,Electrical-damage,Electrical (20).jpg,.jpg,73.5673828125,True,,456,398,1.1457286432160805,119.4531478881836,7768663c182cf43bbc386c604fec6bdcd07621dc7657afc2473eb894b54a0f73
/kaggle/input/datasets/alicjalena/pv-panel-defect-dataset/train/Electrical-damage/Electrical (21).jpg,train,Electrical-damage,Electrical (21).jpg,.jpg,1741.4365234375,True,,4032,3024,1.3333333333333333,95.54497528076172,ea9ce0512a7a505c2a6a2282b5f82ca6d76604ee532d319f8a1fa416f94432bd
/kaggle/input/datasets/alicjalena/pv-panel-defect-dataset/train/Electrical-damage/Electrical (22).jpg,train,Electrical-damage,Electrical (22).jpg,.jpg,7.470703125,True,,221,136,1.625,116.31035614013672,637dc47764a117264d9cbf787ccebf0049e2734626f4bc2748de9c7c5759f202
/kaggle/input/datasets/alicjalena/pv-panel-defect-dataset/train/Electrical-damage/Electrical (23).jpg,train,Electrical-damage,Electrical (23).jpg,.jpg,8.4169921875,True,,240,175,1.3714285714285714,129.1463165283203,5734725aac953b347a82f4d5e07a6498679d7e6c78d29a590aa2778c4cb771ab
/kaggle/input/datasets/alicjalena/pv-panel-defect-dataset/train/Electrical-damage/Electrical (24).jpg,train,Electrical-damage,Electrical (24).jpg,.jpg,9.375,True,,259,195,1.3282051282051281,84.67475128173828,0b528975f3c0ae67c9f0df9db9d2bede736d106b9f3eb7fa4e4f0170461111b0
/kaggle/input/datasets/alicjalena/pv-panel-defect-dataset/train/Electrical-damage/Electrical (26).jpg,train,Electrical-damage,Electrical (26).jpg,.jpg,103.7734375,True,,602,561,1.0730837789661318,126.89933776855469,46a336c2bb3a1ffa7df60361edee44e561ab1ffd8b4d991c20cda4e65028b81a
/kaggle/input/datasets/alicjalena/pv-panel-defect-dataset/train/Electrical-damage/Electrical (32).jpg,train,Electrical-damage,Electrical (32).jpg,.jpg,10.1142578125,True,,450,125,3.6,106.32986450195312,0a5479c6f9953f90dd9aeff5f56a190a89d0365c4b9dd7e25f4b20b1a2604cb6
/kaggle/input/datasets/alicjalena/pv-panel-defect-dataset/train/Electrical-damage/Electrical (34).jpg,train,Electrical-damage,Electrical (34).jpg,.jpg,29.974609375,True,,474,316,1.5,97.5064926147461,7be9bc4860a7ecbcc962e560b3679aa85530f4fb738a3b9b0b3ab09ea8c60687
/kaggle/input/datasets/alicjalena/pv-panel-defect-dataset/train/Electrical-damage/Electrical (36).jpg,train,Electrical-damage,Electrical (36).jpg,.jpg,26.248046875,True,,474,316,1.5,102.7668228149414,1b15776aea048ee10c0bc6de8e1e70006778c820d2b6576ac093a0dc74a8bf43
/kaggle/input/datasets/alicjalena/pv-panel-defect-dataset/train/Electrical-damage/Electrical (37).jpg,train,Electrical-damage,Electrical (37).jpg,.jpg,47.6494140625,True,,600,280,2.142857142857143,124.1568603515625,a145fdc4ec61399f98457e9ff7b528ddcf5caeb87a2e09a0304ede7462e97db4
/kaggle/input/datasets/alicjalena/pv-panel-defect-dataset/train/Electrical-damage/Electrical (4).jpg,train,Electrical-damage,Electrical (4).jpg,.jpg,110.4990234375,True,,1038,785,1.3222929936305732,86.33480834960938,d006bceacf7e2e08599b1f5399e4fcebf19e119c60d2ae859449bd2f7b0fa909
/kaggle/input/datasets/alicjalena/pv-panel-defect-dataset/train/Electrical-damage/Electrical (42).jpg,train,Electrical-damage,Electrical (42).jpg,.jpg,28.3779296875,True,,458,191,2.397905759162304,122.90419006347656,cbea0340a96ba2630293d35511c497d14169b1e52ce3352c29875911fdbe5c01
/kaggle/input/datasets/alicjalena/pv-panel-defect-dataset/train/Electrical-damage/Electrical (43).jpg,train,Electrical-damage,Electrical (43).jpg,.jpg,30.6904296875,True,,474,316,1.5,97.43017578125,5a010aba5df328011f984b69a41fe3102ad0bed31cd3b2f0efc1e7ce7a14d1d1
/kaggle/input/datasets/alicjalena/pv-panel-defect-dataset/train/Electrical-damage/Electrical (45).jpg,train,Electrical-damage,Electrical (45).jpg,.jpg,32.5185546875,True,,474,305,1.5540983606557377,126.51390838623047,0689646e66f6c4654cc9db18529d5af6e5b18000d0ed939e58f4476ad3f51e72
/kaggle/input/datasets/alicjalena/pv-panel-defect-dataset/train/Electrical-damage/Electrical (51).jpg,train,Electrical-damage,Electrical (51).jpg,.jpg,41.7421875,True,,384,512,0.75,75.19718170166016,3a3916ab580ffbc1538a34674e66dfa3af2a7962a08385518e1f75a5c4ff5d91
/kaggle/input/datasets/alicjalena/pv-panel-defect-dataset/train/Electrical-damage/Electrical (53).jpg,train,Electrical-damage,Electrical (53).jpg,.jpg,35.630859375,True,,384,402,0.9552238805970149,75.03955078125,2d192fd3335534cbeba1fabd0efdf8917075520d6ddd6c10bf628f8d4072d205
/kaggle/input/datasets/alicjalena/pv-panel-defect-dataset/train/Electrical-damage/Electrical (55).jpg,train,Electrical-damage,Electrical (55).jpg,.jpg,63.8056640625,True,,334,499,0.6693386773547094,110.47765350341797,14bf258c3d9c0d38009d73f549051ce2a3fb21ef9131ff12ba9be709022ae12e
/kaggle/input/datasets/alicjalena/pv-panel-defect-dataset/train/Electrical-damage/Electrical (58).jpg,train,Electrical-damage,Electrical (58).jpg,.jpg,19.8857421875,True,,400,269,1.486988847583643,119.36685180664062,69bfd382dcde4ccff6c0046fec59004b1239b6adda71f8dd7d9a880720726bbc
/kaggle/input/datasets/alicjalena/pv-panel-defect-dataset/train/Electrical-damage/Electrical (6).jpg,train,Electrical-damage,Electrical (6).jpg,.jpg,83.3740234375,True,,768,366,2.098360655737705,157.62713623046875,b0949946108d26e65bcccf8d8658f036e4b98e5290a74ad113360e51c6eea7d7
/kaggle/input/datasets/alicjalena/pv-panel-defect-dataset/train/Electrical-damage/Electrical (60).jpg,train,Electrical-damage,Electrical (60).jpg,.jpg,22.478515625,True,,411,313,1.3130990415335464,145.567626953125,0c7c2251c6a3b5b372322e5b633fe6b9c967a63e3616455209c83f87477ce435
/kaggle/input/datasets/alicjalena/pv-panel-defect-dataset/train/Electrical-damage/Electrical (61).jpg,train,Electrical-damage,Electrical (61).jpg,.jpg,269.9462890625,True,,690,345,2.0,92.61026763916016,037a04612ca21bd7a9710453b6073ecbff3a6d6a6170d6c678d75115aac7ae61
/kaggle/input/datasets/alicjalena/pv-panel-defect-dataset/train/Electrical-damage/Electrical (63).jpg,train,Electrical-damage,Electrical (63).jpg,.jpg,34.6376953125,True,,456,398,1.1457286432160805,119.3584213256836,2ea87ee73bc6bcce45dbad9fb484f9c31381d7bdd4cbf74e24c17141a178943a
/kaggle/input/datasets/alicjalena/pv-panel-defect-dataset/train/Electrical-damage/Electrical (65).jpg,train,Electrical-damage,Electrical (65).jpg,.jpg,24.2705078125,True,,474,266,1.781954887218045,105.19672393798828,31108ea9a488b37e75449116a124609a0e99e871a10ad948e9864d8817e43b7d
/kaggle/input/datasets/alicjalena/pv-panel-defect-dataset/train/Electrical-damage/Electrical (69).jpg,train,Electrical-damage,Electrical (69).jpg,.jpg,37.4853515625,True,,334,499,0.6693386773547094,110.16669464111328,5da669b9c137d8ab37602c802ecf253f28047bd90cc9e8ee00f36a9e7d147573
/kaggle/input/datasets/alicjalena/pv-panel-defect-dataset/train/Electrical-damage/Electrical (70).jpg,train,Electrical-damage,Electrical (70).jpg,.jpg,26.5615234375,True,,474,266,1.781954887218045,108.28284454345703,1cfcdbb70de44a630bd5ce98d885761caf0034a9a1d73fe4d679dbe7f6c8b8d0
/kaggle/input/datasets/alicjalena/pv-panel-defect-dataset/train/Electrical-damage/Electrical (72).jpg,train,Electrical-damage,Electrical (72).jpg,.jpg,24.787109375,True,,474,266,1.781954887218045,119.18544006347656,cc1b2a8c5cc9da2ea775f529476c983601d223c1cbbcce2778f846eaf9b8a003
/kaggle/input/datasets/alicjalena/pv-panel-defect-dataset/train/Electrical-damage/Electrical (74).jpg,train,Electrical-damage,Electrical (74).jpg,.jpg,467.423828125,True,,3840,2592,1.4814814814814814,115.91246032714844,6939783b9264288e2ae0ef27a31d67d0d9f9b1c27089881665ab71c20d280908
/kaggle/input/datasets/alicjalena/pv-panel-defect-dataset/train/Electrical-damage/Electrical (75).jpg,train,Electrical-damage,Electrical (75).jpg,.jpg,30.353515625,True,,489,367,1.332425068119891,99.70149993896484,274e77bf9ce204a0c9268bbb8a8d0368c33474d1f53e3821b65a14a58f6b652c
/kaggle/input/datasets/alicjalena/pv-panel-defect-dataset/train/Electrical-damage/Electrical (77).jpg,train,Electrical-damage,Electrical (77).jpg,.jpg,116.662109375,True,,940,627,1.4992025518341308,102.96317291259766,a60cfca73d517c435d2b6467ae4122026db69a70664a04475fe6ae9cc1526158
/kaggle/input/datasets/alicjalena/pv-panel-defect-dataset/train/Electrical-damage/Electrical (78).jpg,train,Electrical-damage,Electrical (78).jpg,.jpg,100.978515625,True,,1024,766,1.3368146214099217,73.48866271972656,88f24114baf14cad6f947e73e812cd791019cf8316e5644dd096a95b4067f0cf
/kaggle/input/datasets/alicjalena/pv-panel-defect-dataset/train/Electrical-damage/Electrical (79).jpg,train,Electrical-damage,Electrical (79).jpg,.jpg,108.8525390625,True,,1024,682,1.501466275659824,98.95122528076172,066043f4c38010d8e5ef6ca3293f596551159a6122cf56415b4b39e6ae939323
/kaggle/input/datasets/alicjalena/pv-panel-defect-dataset/train/Electrical-damage/Electrical (8).jpg,train,Electrical-damage,Electrical (8).jpg,.jpg,12.544921875,True,,318,159,2.0,93.5640869140625,c0b45581fb247665d92029091a0779f7c10b6aa9905e23cbc75b6e63c145d2fd
/kaggle/input/datasets/alicjalena/pv-panel-defect-dataset/train/Electrical-damage/Electrical (81).jpg,train,Electrical-damage,Electrical (81).jpg,.jpg,221.59375,True,,1920,1200,1.6,108.3045883178711,193b1e47d367f82c03ed5ac4f14e6b953d3bd42ce08b183f1f913c1316b89d79
/kaggle/input/datasets/alicjalena/pv-panel-defect-dataset/train/Electrical-damage/Electrical (85).jpg,train,Electrical-damage,Electrical (85).jpg,.jpg,14.6240234375,True,,164,300,0.5466666666666666,108.73098754882812,6d30ac036403f6abdeff03c9347cb348feb53c3054c9b078a3489eee0b80a07c
/kaggle/input/datasets/alicjalena/pv-panel-defect-dataset/train/Electrical-damage/Electrical (90).jpg,train,Electrical-damage,Electrical (90).jpg,.jpg,170.12109375,True,,640,480,1.3333333333333333,74.60885620117188,33535943c1711a2785a024921c5247df6d2c753f92bceeb406aefac083377a30
/kaggle/input/datasets/alicjalena/pv-panel-defect-dataset/train/Electrical-damage/Electrical (92).jpg,train,Electrical-damage,Electrical (92).jpg,.jpg,45.896484375,True,,474,632,0.75,104.63275909423828,dc5da332712c148d57cca304a65a8af8b44fb2bc7ed5c4c3722777b388e932a8
/kaggle/input/datasets/alicjalena/pv-panel-defect-dataset/train/Electrical-damage/Electrical (94).jpg,train,Electrical-damage,Electrical (94).jpg,.jpg,766.3720703125,True,,2560,1536,1.6666666666666667,88.96746826171875,e80b8c63cd84373bbaaf9d229aa930ce1527b218c714a0505bb15184ac8e863e
/kaggle/input/datasets/alicjalena/pv-panel-defect-dataset/train/Electrical-damage/Electrical (97).jpg,train,Electrical-damage,Electrical (97).jpg,.jpg,27.35546875,True,,448,336,1.3333333333333333,97.25057220458984,76d8ba0eb1d238b8741b1c123e2d20cb2dac8ae64dbfa7da80b7e5d528252f5e
/kaggle/input/datasets/alicjalena/pv-panel-defect-dataset/train/Electrical-damage/Electrical (98).jpg,train,Electrical-damage,Electrical (98).jpg,.jpg,27.861328125,True,,482,279,1.7275985663082438,115.4811019897461,46483cbf0452f029fd8bb652812ffc63a21aaeac726be724713d9d0fc8a9228e
/kaggle/input/datasets/alicjalena/pv-panel-defect-dataset/train/Electrical-damage/Electrical (99).jpg,train,Electrical-damage,Electrical (99).jpg,.jpg,49.49609375,True,,474,435,1.089655172413793,109.85777282714844,b27377e4f9f92cac75e3a0bc6402ff6e6561399ece34735a319a1abde1e92141
/kaggle/input/datasets/alicjalena/pv-panel-defect-dataset/val/Electrical-damage/Electrical (142).jpg,val,Electrical-damage,Electrical (142).jpg,.jpg,40.26953125,True,,474,355,1.3352112676056338,136.16751098632812,65c21d90574a9559b555d8bcdfbd09cb79109797fb734feceb3be1cac9266cd6
/kaggle/input/datasets/alicjalena/pv-panel-defect-dataset/val/Electrical-damage/Electrical (144).jpg,val,Electrical-damage,Electrical (144).jpg,.jpg,27.943359375,True,,450,285,1.5789473684210527,147.08355712890625,c253ad5c971a009050779eeff99e0d63893c3c933eee484ac5c46a657d004e3a
/kaggle/input/datasets/alicjalena/pv-panel-defect-dataset/val/Electrical-damage/Electrical (145).jpg,val,Electrical-damage,Electrical (145).jpg,.jpg,11.837890625,True,,365,138,2.6449275362318843,97.10459899902344,7fd02f6b7742d6fe2c7fa514871a07adc8cda0fba829ac3b5071deca9561acbb
/kaggle/input/datasets/alicjalena/pv-panel-defect-dataset/val/Electrical-damage/Electrical (4).png,val,Electrical-damage,Electrical (4).png,.png,304.75,True,,500,313,1.597444089456869,73.85719299316406,b7e0747f540cbe3ec326371839c8ec08d8eb8570eb645e05038c327fcc58316b
/kaggle/input/datasets/alicjalena/pv-panel-defect-dataset/val/Electrical-damage/Electrical (71).jpg,val,Electrical-damage,Electrical (71).jpg,.jpg,46.78515625,True,,624,416,1.5,101.79678344726562,e8b4e1de30888f9396eab6c760a8770e6c37213b02a642bf4dd4be94af069dd4
/kaggle/input/datasets/alicjalena/pv-panel-defect-dataset/val/Electrical-damage/Electrical (96).jpg,val,Electrical-damage,Electrical (96).jpg,.jpg,57.646484375,True,,450,273,1.6483516483516483,129.95997619628906,24b9acf58c16965716815213d4ff7778a8c52c5e3f2d6d4b311f0d2094c1e957
/kaggle/input/datasets/alicjalena/pv-panel-defect-dataset/test/Physical-Damage/Physical (10).jpg,test,Physical-Damage,Physical (10).jpg,.jpg,166.6796875,True,,1000,667,1.4992503748125936,73.45753479003906,2d835a268675d9bec8ba5aee35a3e843dce372420646c48f0f5b8b78b1b8b055
/kaggle/input/datasets/alicjalena/pv-panel-defect-dataset/test/Physical-Damage/Physical (106).jpg,test,Physical-Damage,Physical (106).jpg,.jpg,266.5283203125,True,,500,261,1.9157088122605364,112.70576477050781,f374921f57ddf1dbde0e626bcd47f51741c81605257c334711d951c27ee830bc
/kaggle/input/datasets/alicjalena/pv-panel-defect-dataset/test/Physical-Damage/Physical (108).jpg,test,Physical-Damage,Physical (108).jpg,.jpg,34.595703125,True,,474,324,1.462962962962963,125.24359130859375,ce9a1a624ed52e8a7176cc332cb38ac35c072072ba011d263fec5dd3628cdd00
/kaggle/input/datasets/alicjalena/pv-panel-defect-dataset/test/Physical-Damage/Physical (109).jpg,test,Physical-Damage,Physical (109).jpg,.jpg,36.76953125,True,,300,200,1.5,103.40462493896484,efee92390a07028a63f4f14247194352c97bbf4e9c9756d08c3c170765c7aa86
/kaggle/input/datasets/alicjalena/pv-panel-defect-dataset/test/Physical-Damage/Physical (115).jpg,test,Physical-Damage,Physical (115).jpg,.jpg,38.1533203125,True,,474,316,1.5,106.01299285888672,bc2a9c890fadf23ab6fa660e9af33204d2dd1133a8dc0324758db5f16df089d6
/kaggle/input/datasets/alicjalena/pv-panel-defect-dataset/test/Physical-Damage/Physical (122).jpg,test,Physical-Damage,Physical (122).jpg,.jpg,195.560546875,True,,1600,900,1.7777777777777777,122.34993743896484,1c7e3d587cc2c0a04c97da24ae9ddc528be68b94dc5d97d2f02e8b9ccfb7e861
/kaggle/input/datasets/alicjalena/pv-panel-defect-dataset/test/Physical-Damage/Physical (146).jpg,test,Physical-Damage,Physical (146).jpg,.jpg,223.8251953125,True,,700,525,1.3333333333333333,129.52793884277344,cd87e9d1645e752bfe505cda42c842af46e9cbe611e762c251896852367ad55f
/kaggle/input/datasets/alicjalena/pv-panel-defect-dataset/test/Physical-Damage/Physical (149).jpg,test,Physical-Damage,Physical (149).jpg,.jpg,80.4150390625,True,,565,319,1.7711598746081505,125.45287322998047,bb5e98ed2d34b033b4b44412bc500fd145bd794d093435888a9e2b78c5915e7d
/kaggle/input/datasets/alicjalena/pv-panel-defect-dataset/test/Physical-Damage/Physical (18).jpg,test,Physical-Damage,Physical (18).jpg,.jpg,215.7255859375,True,,849,450,1.8866666666666667,114.18091583251953,36c38b22d4eb3f242926f2094e7f5ac6e9abe5bf767c41aaddf264e307cb7237
/kaggle/input/datasets/alicjalena/pv-panel-defect-dataset/test/Physical-Damage/Physical (20).jpg,test,Physical-Damage,Physical (20).jpg,.jpg,162.3193359375,True,,1200,630,1.9047619047619047,127.21611022949219,a51b7eb3063e4a061dc291dedc5072c9ddbfae68c34436127ab36e353eefd79b
/kaggle/input/datasets/alicjalena/pv-panel-defect-dataset/test/Physical-Damage/Physical (30).jpg,test,Physical-Damage,Physical (30).jpg,.jpg,123.9462890625,True,,780,585,1.3333333333333333,121.42789459228516,67fbfbd0667236a0d8a80fe4cdc66d3f34121a0556272a6a9ac30085851d5c7a
/kaggle/input/datasets/alicjalena/pv-panel-defect-dataset/test/Physical-Damage/Physical (36).jpg,test,Physical-Damage,Physical (36).jpg,.jpg,710.68359375,True,,1536,2048,0.75,103.02411651611328,266bee8e953bdd3fdcaef3b83b5168f95b7faf25c5f5827f6f654a4ef9c56054
/kaggle/input/datasets/alicjalena/pv-panel-defect-dataset/test/Physical-Damage/Physical (49).jpg,test,Physical-Damage,Physical (49).jpg,.jpg,11.140625,True,,275,183,1.5027322404371584,86.36715698242188,a5cb99ca9c19783e66c13f918f9caaaccee668943793d725e945d5d8000d197b
/kaggle/input/datasets/alicjalena/pv-panel-defect-dataset/test/Physical-Damage/Physical (58).jpg,test,Physical-Damage,Physical (58).jpg,.jpg,128.9697265625,True,,846,476,1.7773109243697478,124.36975860595703,7f7be6b68e77ac731b8d8e8c72ec10f407aa12b3c06da8ddc40096d94d167806
/kaggle/input/datasets/alicjalena/pv-panel-defect-dataset/test/Physical-Damage/Physical (82).jpg,test,Physical-Damage,Physical (82).jpg,.jpg,116.5390625,True,,500,241,2.074688796680498,127.10979461669922,d45877f705e134c3397f6f430cd4956195f7171903ff56b2961d059beb3c2294
/kaggle/input/datasets/alicjalena/pv-panel-defect-dataset/train/Physical-Damage/Physical (100).jpg,train,Physical-Damage,Physical (100).jpg,.jpg,32.875,True,,474,228,2.0789473684210527,127.13848114013672,6c3d54227eb2a168d854ec8aa1a4f3864da6c15b2e941adccafae8a159a54233
/kaggle/input/datasets/alicjalena/pv-panel-defect-dataset/train/Physical-Damage/Physical (102).jpg,train,Physical-Damage,Physical (102).jpg,.jpg,97.470703125,True,,430,700,0.6142857142857143,112.79335021972656,8e4a8abbd2b9c784ad16e84852fa62c82bc96f6c9bab2201475873ff400d01b0
/kaggle/input/datasets/alicjalena/pv-panel-defect-dataset/train/Physical-Damage/Physical (104).jpg,train,Physical-Damage,Physical (104).jpg,.jpg,89.828125,True,,474,632,0.75,93.47762298583984,48c871417542efbb21ff65f9ee41c626ecc0d1c79dce7e7cb2f13da25ff49540
/kaggle/input/datasets/alicjalena/pv-panel-defect-dataset/train/Physical-Damage/Physical (107).jpg,train,Physical-Damage,Physical (107).jpg,.jpg,39.3447265625,True,,474,406,1.167487684729064,92.34630584716797,c69a39368f5495e96de8eef6db3f6cb4837ff3881a565cf47434c7070a7dad6e
/kaggle/input/datasets/alicjalena/pv-panel-defect-dataset/train/Physical-Damage/Physical (111).jpg,train,Physical-Damage,Physical (111).jpg,.jpg,225.130859375,True,,1024,768,1.3333333333333333,91.225341796875,900fff29c672868c6003b603c4525ba1bc53379844de4a6f1e5fb05d51ebef3f
/kaggle/input/datasets/alicjalena/pv-panel-defect-dataset/train/Physical-Damage/Physical (112).jpg,train,Physical-Damage,Physical (112).jpg,.jpg,91.2431640625,True,,600,600,1.0,88.76885986328125,1c86af2ba5070f44d74701f752c6ff174f1ca0970018b9c1eb467592dd69647c
/kaggle/input/datasets/alicjalena/pv-panel-defect-dataset/train/Physical-Damage/Physical (116).jpg,train,Physical-Damage,Physical (116).jpg,.jpg,39.4296875,True,,474,279,1.6989247311827957,123.63903045654297,bc1f55ba6e5e648b2639ad9731942ae5c2e3349fe1370b52f8e7444a828f0665
/kaggle/input/datasets/alicjalena/pv-panel-defect-dataset/train/Physical-Damage/Physical (117).jpg,train,Physical-Damage,Physical (117).jpg,.jpg,123.92578125,True,,1280,720,1.7777777777777777,105.20894622802734,b06fc39c1853b27e12a8d8d78816d4f6956acfc0eeca642c662533be146ca827
/kaggle/input/datasets/alicjalena/pv-panel-defect-dataset/train/Physical-Damage/Physical (12).jpg,train,Physical-Damage,Physical (12).jpg,.jpg,314.7333984375,True,,406,406,1.0,118.645751953125,e56942fac64ec000f40855f594c893a939786df9729f1c2c43cdf5400e64fa97
/kaggle/input/datasets/alicjalena/pv-panel-defect-dataset/train/Physical-Damage/Physical (125).jpg,train,Physical-Damage,Physical (125).jpg,.jpg,39.3017578125,True,,474,352,1.3465909090909092,109.16705322265625,b131a978b3b52879e6ffaa87dc5e56711520e9b48a0c28148ac7099e226817bd
/kaggle/input/datasets/alicjalena/pv-panel-defect-dataset/train/Physical-Damage/Physical (126).jpg,train,Physical-Damage,Physical (126).jpg,.jpg,18.7119140625,True,,302,227,1.330396475770925,124.02476501464844,7759978dc60b79b78edfbe13a33cdc9cdf01cecc563cb8f0d4424870d1cc9d7b
/kaggle/input/datasets/alicjalena/pv-panel-defect-dataset/train/Physical-Damage/Physical (129).jpg,train,Physical-Damage,Physical (129).jpg,.jpg,29.732421875,True,,474,248,1.9112903225806452,109.84317016601562,dc4eb3ad619256cb4da192122a6540997074d7d45f61ce94bbdbb1c4a8641832
/kaggle/input/datasets/alicjalena/pv-panel-defect-dataset/train/Physical-Damage/Physical (130).jpg,train,Physical-Damage,Physical (130).jpg,.jpg,140.453125,True,,1000,720,1.3888888888888888,119.1905288696289,951bf052406473f41e36a94067b32e1590e9b465bb38e5a716b2b823fe33ca5f
/kaggle/input/datasets/alicjalena/pv-panel-defect-dataset/train/Physical-Damage/Physical (131).jpg,train,Physical-Damage,Physical (131).jpg,.jpg,76.9150390625,True,,592,400,1.48,122.95088195800781,093fb42890550d085c434686479a88d1e8026426f67895cc786db5e2429e8a37
/kaggle/input/datasets/alicjalena/pv-panel-defect-dataset/train/Physical-Damage/Physical (133).jpg,train,Physical-Damage,Physical (133).jpg,.jpg,111.48828125,True,,825,547,1.5082266910420474,119.09025573730469,01f207cceebec3e8057bf9af8ae376dae82be7ddbb6f07bca064c7c82084a1f7
/kaggle/input/datasets/alicjalena/pv-panel-defect-dataset/train/Physical-Damage/Physical (135).jpg,train,Physical-Damage,Physical (135).jpg,.jpg,58.2421875,True,,500,391,1.278772378516624,127.42913818359375,cfa55a1e40b2a7459e99b0a7d3fed6f9444be056a148e6935c8a23cce51a5303
/kaggle/input/datasets/alicjalena/pv-panel-defect-dataset/train/Physical-Damage/Physical (14).jpg,train,Physical-Damage,Physical (14).jpg,.jpg,40.501953125,True,,300,200,1.5,83.18936920166016,fb796c6950c1d487934678c700faf52b4878eaaeb353fd87a7a088ca34fa95e3
/kaggle/input/datasets/alicjalena/pv-panel-defect-dataset/train/Physical-Damage/Physical (143).jpg,train,Physical-Damage,Physical (143).jpg,.jpg,894.5654296875,True,,1280,1280,1.0,86.8637924194336,a7118dea0f87c3dfc28178c5c4085ecf4375665377ed91d4e42bd3c22a30fd47
/kaggle/input/datasets/alicjalena/pv-panel-defect-dataset/train/Physical-Damage/Physical (145).jpg,train,Physical-Damage,Physical (145).jpg,.jpg,69.3603515625,True,,640,480,1.3333333333333333,140.13124084472656,47065ebe86720b2cc834e0962c206bb48eaf8095eadf003a4b9b09b2d613ace3
/kaggle/input/datasets/alicjalena/pv-panel-defect-dataset/train/Physical-Damage/Physical (147).jpg,train,Physical-Damage,Physical (147).jpg,.jpg,31.2890625,True,,340,327,1.039755351681957,82.11470794677734,5745d63c66d454ecd026ee270bd0616c9d3708d89452da9b039ef3f4b674ba24
/kaggle/input/datasets/alicjalena/pv-panel-defect-dataset/train/Physical-Damage/Physical (15).jpg,train,Physical-Damage,Physical (15).jpg,.jpg,75.6533203125,True,,768,512,1.5,84.27159881591797,1bb0a55262b26b9ac1346ef438adbabd6158438978da264391ee39d0a8058a7c
/kaggle/input/datasets/alicjalena/pv-panel-defect-dataset/train/Physical-Damage/Physical (19).jpg,train,Physical-Damage,Physical (19).jpg,.jpg,272.052734375,True,,1024,768,1.3333333333333333,130.16424560546875,09c8ec711dd3dbb465450d3f7a62712e0f2ad825c785f57ef96ff34d325fb650
/kaggle/input/datasets/alicjalena/pv-panel-defect-dataset/train/Physical-Damage/Physical (2).jpg,train,Physical-Damage,Physical (2).jpg,.jpg,101.5810546875,True,,768,480,1.6,120.73408508300781,47187ebf2be44f2d793cdae4b072fbe31e87a948ebf2193dbc3a29fad4415f36
/kaggle/input/datasets/alicjalena/pv-panel-defect-dataset/train/Physical-Damage/Physical (22).jpg,train,Physical-Damage,Physical (22).jpg,.jpg,91.0908203125,True,,720,473,1.522198731501057,104.04424285888672,12771595c002bfc420020ff917cbb3e3adcf566a4d063d7d3f912bde272afb8d
/kaggle/input/datasets/alicjalena/pv-panel-defect-dataset/train/Physical-Damage/Physical (26).jpg,train,Physical-Damage,Physical (26).jpg,.jpg,20.146484375,True,,300,159,1.8867924528301887,113.76888275146484,72e11f7359ccf1355e72a2ab86e7609629d00a8549a16d56fccdb1485de789a2
/kaggle/input/datasets/alicjalena/pv-panel-defect-dataset/train/Physical-Damage/Physical (31).jpg,train,Physical-Damage,Physical (31).jpg,.jpg,282.185546875,True,,1000,720,1.3888888888888888,120.10685729980469,897169f0fa2d22325bb6b0294e9e995c0186dcf47cad460faa7ad2c51d8884b9
/kaggle/input/datasets/alicjalena/pv-panel-defect-dataset/train/Physical-Damage/Physical (32).jpg,train,Physical-Damage,Physical (32).jpg,.jpg,42.3955078125,True,,400,300,1.3333333333333333,100.86282348632812,1b3505a34392390f0a769b74d98a8fef05e6a838b7f5237131ffb22a8e616747
/kaggle/input/datasets/alicjalena/pv-panel-defect-dataset/train/Physical-Damage/Physical (33).jpg,train,Physical-Damage,Physical (33).jpg,.jpg,10.71484375,True,,266,190,1.4,110.25145721435547,aaaa54fdd331d604cd385a63a04f7509c3091fa00a34837f1f1e0bb9375bd849
/kaggle/input/datasets/alicjalena/pv-panel-defect-dataset/train/Physical-Damage/Physical (35).jpg,train,Physical-Damage,Physical (35).jpg,.jpg,11.44140625,True,,275,183,1.5027322404371584,147.89248657226562,fb67a4639417a1263738a05f6c810b7640407210df15f076001810efc16eff4e
/kaggle/input/datasets/alicjalena/pv-panel-defect-dataset/train/Physical-Damage/Physical (38).jpg,train,Physical-Damage,Physical (38).jpg,.jpg,9.4453125,True,,275,183,1.5027322404371584,102.89047241210938,0d7e174f059310a3142a24a59e25150d62f76021857376d4d1056524d906dceb
/kaggle/input/datasets/alicjalena/pv-panel-defect-dataset/train/Physical-Damage/Physical (39).jpg,train,Physical-Damage,Physical (39).jpg,.jpg,13.95703125,True,,300,168,1.7857142857142858,145.29322814941406,56e467cdde4269f159c3fb3a0fc38c4bc0a7f84250ed43d685f662610b558255
/kaggle/input/datasets/alicjalena/pv-panel-defect-dataset/train/Physical-Damage/Physical (4).jpg,train,Physical-Damage,Physical (4).jpg,.jpg,2735.0087890625,True,,3024,4032,0.75,90.95732879638672,7d05d73a5f9e3a95e0774c7de5db4c38eab608b7a069815b24d02a3f31126082
/kaggle/input/datasets/alicjalena/pv-panel-defect-dataset/train/Physical-Damage/Physical (40).jpg,train,Physical-Damage,Physical (40).jpg,.jpg,14.9384765625,True,,262,192,1.3645833333333333,105.83158874511719,a324e44daa0508f02eb8c9a6d5eb05d33590a47efa3cd4dd9989923c114abd86
/kaggle/input/datasets/alicjalena/pv-panel-defect-dataset/train/Physical-Damage/Physical (41).jpg,train,Physical-Damage,Physical (41).jpg,.jpg,10.66015625,True,,259,194,1.3350515463917525,130.047607421875,b963550c8186785fcacc92218f6f423035092ad0553f077304eb4789307a4cb4
/kaggle/input/datasets/alicjalena/pv-panel-defect-dataset/train/Physical-Damage/Physical (42).jpg,train,Physical-Damage,Physical (42).jpg,.jpg,10.2265625,True,,300,168,1.7857142857142858,77.4607925415039,de7ee35a04368f8bac7947ba5b8cdffe228664939ff5814224309746d968e052
/kaggle/input/datasets/alicjalena/pv-panel-defect-dataset/train/Physical-Damage/Physical (43).jpg,train,Physical-Damage,Physical (43).jpg,.jpg,12.3271484375,True,,324,155,2.0903225806451613,132.90957641601562,7b6e4e9d8d6ec428a67983ecbddb56e9cb19e69fb8fd62c650e1fea32b642c57
/kaggle/input/datasets/alicjalena/pv-panel-defect-dataset/train/Physical-Damage/Physical (44).jpg,train,Physical-Damage,Physical (44).jpg,.jpg,6.3388671875,True,,308,164,1.8780487804878048,121.43742370605469,bd548afc538d1bf8e71a257293708ba477ebe607cde385ddcdd95127277d858c
/kaggle/input/datasets/alicjalena/pv-panel-defect-dataset/train/Physical-Damage/Physical (45).jpg,train,Physical-Damage,Physical (45).jpg,.jpg,14.185546875,True,,330,153,2.156862745098039,107.31298828125,eb52fc599d4d36d9d073ada9a9a7f6430ae53f817733a45d480446728fe42dbd
/kaggle/input/datasets/alicjalena/pv-panel-defect-dataset/train/Physical-Damage/Physical (46).jpg,train,Physical-Damage,Physical (46).jpg,.jpg,13.466796875,True,,300,168,1.7857142857142858,119.1258316040039,16b9c103e746a5ca908e65d098d258ec6acdeb2a6f0ffedced570de2f7cd5bb3
/kaggle/input/datasets/alicjalena/pv-panel-defect-dataset/train/Physical-Damage/Physical (48).jpg,train,Physical-Damage,Physical (48).jpg,.jpg,13.4716796875,True,,317,159,1.9937106918238994,118.3895263671875,4c2a7bdba0ab00d0dbe12bfb86f0203d9abbad92f672635bd1db4433bc12068e
/kaggle/input/datasets/alicjalena/pv-panel-defect-dataset/train/Physical-Damage/Physical (50).jpg,train,Physical-Damage,Physical (50).jpg,.jpg,9.5302734375,True,,299,168,1.7797619047619047,111.72909545898438,06fe59516fd978aff6c54c9a31fa8306cacaabb66dd1d0c0bb4c4356fd20ea9b
/kaggle/input/datasets/alicjalena/pv-panel-defect-dataset/train/Physical-Damage/Physical (51).jpg,train,Physical-Damage,Physical (51).jpg,.jpg,14.5576171875,True,,306,165,1.8545454545454545,106.0255126953125,426041ecd9629acc9a77ab95e7ac097c2b4437e670eb2e2c9be7b84fadb00d2e
/kaggle/input/datasets/alicjalena/pv-panel-defect-dataset/train/Physical-Damage/Physical (52).jpg,train,Physical-Damage,Physical (52).jpg,.jpg,9.7646484375,True,,350,144,2.4305555555555554,135.02874755859375,3a991969ae10dd07a32c4a4f98b9c3ff88dc6a0a865225f6c5adc9cad5591a1b
/kaggle/input/datasets/alicjalena/pv-panel-defect-dataset/train/Physical-Damage/Physical (54).jpg,train,Physical-Damage,Physical (54).jpg,.jpg,13.97265625,True,,300,168,1.7857142857142858,105.95391845703125,ca70d81bf148a7835ca2ff5bbc5c89f6e811e484c1ac33e10c5eb3effd4ed72e
/kaggle/input/datasets/alicjalena/pv-panel-defect-dataset/train/Physical-Damage/Physical (56).jpg,train,Physical-Damage,Physical (56).jpg,.jpg,16.330078125,True,,265,190,1.394736842105263,122.33514404296875,d7e216d338432444809f534f4af874752063dfd3feb0d7a76e751a7cb7b55739
/kaggle/input/datasets/alicjalena/pv-panel-defect-dataset/train/Physical-Damage/Physical (59).jpg,train,Physical-Damage,Physical (59).jpg,.jpg,147.986328125,True,,746,559,1.334525939177102,99.75094604492188,786972dada7393b7ac269105f80602ffaaa7c49330aaed5d239b41c23c771e2d
/kaggle/input/datasets/alicjalena/pv-panel-defect-dataset/train/Physical-Damage/Physical (61).jpg,train,Physical-Damage,Physical (61).jpg,.jpg,119.1640625,True,,1024,576,1.7777777777777777,105.41706085205078,bcb3a0bed1f9ad74c4102d45163593c3135cf2472c87a1339b1bec641fc90951
/kaggle/input/datasets/alicjalena/pv-panel-defect-dataset/train/Physical-Damage/Physical (62).jpg,train,Physical-Damage,Physical (62).jpg,.jpg,166.0498046875,True,,768,1024,0.75,114.79581451416016,e651a046f667c58fa4a73c8b1e82ba08b7e34d2d2a7dfb50b5bd13bfb4199aa4
/kaggle/input/datasets/alicjalena/pv-panel-defect-dataset/train/Physical-Damage/Physical (65).jpg,train,Physical-Damage,Physical (65).jpg,.jpg,620.96875,True,,1024,768,1.3333333333333333,100.14442443847656,a0e1f9acd3344c4f045bb48d9c14368967dee4d2030b3bbd7c666dece8648983
/kaggle/input/datasets/alicjalena/pv-panel-defect-dataset/train/Physical-Damage/Physical (66).jpg,train,Physical-Damage,Physical (66).jpg,.jpg,76.3486328125,True,,370,160,2.3125,105.77069091796875,e14cb6dc7804386aff6e80a82aabce99efadd0e0df4ef06d015ee6a8eb5e5f9a
/kaggle/input/datasets/alicjalena/pv-panel-defect-dataset/train/Physical-Damage/Physical (67).jpg,train,Physical-Damage,Physical (67).jpg,.jpg,68.1767578125,True,,768,521,1.4740882917466411,124.3126220703125,1c9d272f501ef125fdcbd419cd23b3fd9b8636aaf417a8f1df0f4ffd2a5819c7
/kaggle/input/datasets/alicjalena/pv-panel-defect-dataset/train/Physical-Damage/Physical (68).jpg,train,Physical-Damage,Physical (68).jpg,.jpg,535.5615234375,True,,1400,1008,1.3888888888888888,120.06971740722656,e3515c69c15800371477990cefb7b0f044434fa103a3f9fe1a56908745d14c2a
/kaggle/input/datasets/alicjalena/pv-panel-defect-dataset/train/Physical-Damage/Physical (69).jpg,train,Physical-Damage,Physical (69).jpg,.jpg,442.1572265625,True,,705,529,1.332703213610586,99.84786987304688,e2f25fa5bdaff51e0c3a645d08cee32a4040b993f498a80d593d97ccb8355511
/kaggle/input/datasets/alicjalena/pv-panel-defect-dataset/train/Physical-Damage/Physical (7).jpg,train,Physical-Damage,Physical (7).jpg,.jpg,135.15234375,True,,638,406,1.5714285714285714,66.08866882324219,c289df57c5df688ec0ce5060cdcb516199a733d1a561af78c70976cd7e300eb6
/kaggle/input/datasets/alicjalena/pv-panel-defect-dataset/train/Physical-Damage/Physical (70).jpg,train,Physical-Damage,Physical (70).jpg,.jpg,325.1796875,True,,1024,737,1.389416553595658,120.15992736816406,22cde3f67fa29d40334722b72a6b0dc5f9db84dc3b94cccacff7f09f72f6ee56
/kaggle/input/datasets/alicjalena/pv-panel-defect-dataset/train/Physical-Damage/Physical (72).jpg,train,Physical-Damage,Physical (72).jpg,.jpg,78.0087890625,True,,445,784,0.5676020408163265,124.99707794189453,31f2b9429ea2b4eac219a6f0020030d9236b3cb5ed58c2c4550b72279efb1e56
/kaggle/input/datasets/alicjalena/pv-panel-defect-dataset/train/Physical-Damage/Physical (74).jpg,train,Physical-Damage,Physical (74).jpg,.jpg,19.1728515625,True,,260,136,1.911764705882353,112.67156219482422,9480dafe087cea2d5bac8ff3ab29ac11131fc2c54d023c1f5e2595362ea9d424
/kaggle/input/datasets/alicjalena/pv-panel-defect-dataset/train/Physical-Damage/Physical (75).jpg,train,Physical-Damage,Physical (75).jpg,.jpg,235.4912109375,True,,1168,769,1.518855656697009,126.72212982177734,a4286571087a346009b183f9cb9e3c177aa3d79040cda2d4cdf4d955a467f913
/kaggle/input/datasets/alicjalena/pv-panel-defect-dataset/train/Physical-Damage/Physical (77).jpg,train,Physical-Damage,Physical (77).jpg,.jpg,102.1748046875,True,,1030,687,1.4992721979621544,88.81228637695312,cec547b6ba7dd5390acb87e1a7ec0262c139c6beacd1a40668f0190b1938c227
/kaggle/input/datasets/alicjalena/pv-panel-defect-dataset/train/Physical-Damage/Physical (83).jpg,train,Physical-Damage,Physical (83).jpg,.jpg,119.5751953125,True,,768,576,1.3333333333333333,125.06222534179688,b0717fe7c29ae39706b0088687fff83b5b6dc8d48023f3610abee3f191315752
/kaggle/input/datasets/alicjalena/pv-panel-defect-dataset/train/Physical-Damage/Physical (86).jpg,train,Physical-Damage,Physical (86).jpg,.jpg,53.5947265625,True,,450,253,1.7786561264822134,129.41221618652344,33879f322755eeb0aa400367447ecb9556ddb227dcca75aa5e10f7de9f4ab9b9
/kaggle/input/datasets/alicjalena/pv-panel-defect-dataset/train/Physical-Damage/Physical (88).jpg,train,Physical-Damage,Physical (88).jpg,.jpg,18.5078125,True,,300,201,1.492537313432836,107.3045654296875,31e40afd617a9d276e5f18d1db71162b58a78bf87a0d7aea7ba8cf68e6fdd3f5
/kaggle/input/datasets/alicjalena/pv-panel-defect-dataset/train/Physical-Damage/Physical (9).jpg,train,Physical-Damage,Physical (9).jpg,.jpg,149.47265625,True,,600,600,1.0,89.5359115600586,975b5c7f176ca7e88652165ee701ab8650c15720360d67b3420a64727c78b021
/kaggle/input/datasets/alicjalena/pv-panel-defect-dataset/train/Physical-Damage/Physical (90).jpg,train,Physical-Damage,Physical (90).jpg,.jpg,151.830078125,True,,1280,720,1.7777777777777777,85.70269012451172,e87d7009de48f1aa9f67df9dddd45aa833997f4cc29e3abe6de1e122960cca9d
/kaggle/input/datasets/alicjalena/pv-panel-defect-dataset/train/Physical-Damage/Physical (96).jpg,train,Physical-Damage,Physical (96).jpg,.jpg,174.8515625,True,,750,1000,0.75,92.56472778320312,5816db351197871da90f9a7f327a867886a5c6401d8ed6cd72c784f7f89459c3
/kaggle/input/datasets/alicjalena/pv-panel-defect-dataset/val/Physical-Damage/Physical (1).jpg,val,Physical-Damage,Physical (1).jpg,.jpg,9.345703125,True,,272,185,1.4702702702702704,124.89909362792969,ea260f2c1cf06903b180e8dec112eba79e123706634ddae3cd6d8af52546f8a3
/kaggle/input/datasets/alicjalena/pv-panel-defect-dataset/val/Physical-Damage/Physical (34).jpg,val,Physical-Damage,Physical (34).jpg,.jpg,12.802734375,True,,259,195,1.3282051282051281,101.90239715576172,f634c7e4f3dfd6aeac9768a429b2cabf65d875308666a1f92659d5f94efca585
/kaggle/input/datasets/alicjalena/pv-panel-defect-dataset/val/Physical-Damage/Physical (37).jpg,val,Physical-Damage,Physical (37).jpg,.jpg,13.306640625,True,,275,183,1.5027322404371584,109.17310333251953,4decfbd61b02e518619fd7def11b907137d0ebac98aab118ba98844cc00fbe68
/kaggle/input/datasets/alicjalena/pv-panel-defect-dataset/val/Physical-Damage/Physical (85).jpg,val,Physical-Damage,Physical (85).jpg,.jpg,47.4384765625,True,,448,336,1.3333333333333333,165.98809814453125,a7305135ef21382cc303e39ab5021ccf2f49c15628f9c681026f03004f457cf2
/kaggle/input/datasets/alicjalena/pv-panel-defect-dataset/test/Snow-Covered/Snow (109).jpg,test,Snow-Covered,Snow (109).jpg,.jpg,184.1005859375,True,,1200,797,1.5056461731493098,118.24056243896484,0d4b60b0f48a3c4760f4f4c3ff5a036c60c7c1f6f7dc4ac519bc9beb82c46e9a
/kaggle/input/datasets/alicjalena/pv-panel-defect-dataset/test/Snow-Covered/Snow (12).jpg,test,Snow-Covered,Snow (12).jpg,.jpg,104.8017578125,True,,1000,665,1.5037593984962405,151.5126190185547,4abd97a6028fb7c9edf80b752a0886107d1b6f6f363d1fe3d21e471391feb6f2
/kaggle/input/datasets/alicjalena/pv-panel-defect-dataset/test/Snow-Covered/Snow (121).jpg,test,Snow-Covered,Snow (121).jpg,.jpg,63.0380859375,True,,800,392,2.0408163265306123,128.37860107421875,9dc310b6addc9e9f59087a337e8d384d90f869a6735a26b8d3a6b1711c87981e
/kaggle/input/datasets/alicjalena/pv-panel-defect-dataset/test/Snow-Covered/Snow (122).jpg,test,Snow-Covered,Snow (122).jpg,.jpg,33.484375,True,,650,366,1.7759562841530054,177.67556762695312,3cae7c53acda9d82f0f50db25f261617935e8c9615f6217d71d2cacacd684877
/kaggle/input/datasets/alicjalena/pv-panel-defect-dataset/test/Snow-Covered/Snow (134).jpg,test,Snow-Covered,Snow (134).jpg,.jpg,10.30078125,True,,259,194,1.3350515463917525,156.11395263671875,531a2727640ea78a01cdf02efb23257610f478d54f52112773eac44fc268641b
/kaggle/input/datasets/alicjalena/pv-panel-defect-dataset/test/Snow-Covered/Snow (138).jpg,test,Snow-Covered,Snow (138).jpg,.jpg,6.09765625,True,,275,183,1.5027322404371584,163.50631713867188,529ed575ebf5bf0593be8beb2b191acf2870375108a1fa41c4b4ce503830ed5e
/kaggle/input/datasets/alicjalena/pv-panel-defect-dataset/test/Snow-Covered/Snow (159).jpg,test,Snow-Covered,Snow (159).jpg,.jpg,8.5615234375,True,,259,194,1.3350515463917525,145.20553588867188,ed4b722d49e7c790fe297740a8329a7897a28a6e01b2e740b7ac96b06e30b3b7
/kaggle/input/datasets/alicjalena/pv-panel-defect-dataset/test/Snow-Covered/Snow (16).jpg,test,Snow-Covered,Snow (16).jpg,.jpg,33.224609375,True,,570,371,1.536388140161725,171.07215881347656,3739d9692dd308dd6934bf87b7217215ef5a984b72d63d9a1a3cc6b1a057f6aa
/kaggle/input/datasets/alicjalena/pv-panel-defect-dataset/test/Snow-Covered/Snow (164).jpg,test,Snow-Covered,Snow (164).jpg,.jpg,30.3408203125,True,,602,348,1.7298850574712643,142.43504333496094,ce02453ac5d081c836a5855c87a48d98a3f14d67c22241852d690396138b0fba
/kaggle/input/datasets/alicjalena/pv-panel-defect-dataset/test/Snow-Covered/Snow (38).jpg,test,Snow-Covered,Snow (38).jpg,.jpg,57.1279296875,True,,720,499,1.4428857715430863,201.1155242919922,047d2fc15757645769a91cbab1dee9bc65f3a33926af539850680bdc9b38644e
/kaggle/input/datasets/alicjalena/pv-panel-defect-dataset/test/Snow-Covered/Snow (5).jpg,test,Snow-Covered,Snow (5).jpg,.jpg,139.9189453125,True,,680,671,1.0134128166915053,129.2699432373047,c621d0f58e4ccd2f58cc66744d8da8f3535c8903b78bf97638bcbf8d8ee5d95a
/kaggle/input/datasets/alicjalena/pv-panel-defect-dataset/test/Snow-Covered/Snow (69).jpg,test,Snow-Covered,Snow (69).jpg,.jpg,28.7373046875,True,,630,415,1.5180722891566265,200.1669464111328,6ab94180d342b83bc82ca0b293603702a29393d7eb32c05ad1ea471a90fabe5e
/kaggle/input/datasets/alicjalena/pv-panel-defect-dataset/test/Snow-Covered/Snow (7).jpg,test,Snow-Covered,Snow (7).jpg,.jpg,576.8095703125,True,,1000,750,1.3333333333333333,132.94618225097656,ff7a92196527a9eedabf2be456f7cc71831b8b9ca60fd591680df213bd6bcfd2
/kaggle/input/datasets/alicjalena/pv-panel-defect-dataset/test/Snow-Covered/Snow (75).jpg,test,Snow-Covered,Snow (75).jpg,.jpg,9.21484375,True,,275,183,1.5027322404371584,175.7085723876953,1b355c67bd6d4c3fd21844101050a86a802271afbee2b5ba52fcf6a8b3f03404
/kaggle/input/datasets/alicjalena/pv-panel-defect-dataset/test/Snow-Covered/Snow (79).jpg,test,Snow-Covered,Snow (79).jpg,.jpg,135.462890625,True,,1000,665,1.5037593984962405,152.24822998046875,53f59d4b85611b78068add0a90c719c4e0a575293f60ab18774ddef6e7fbdba5
/kaggle/input/datasets/alicjalena/pv-panel-defect-dataset/test/Snow-Covered/Snow (81).jpg,test,Snow-Covered,Snow (81).jpg,.jpg,23.93359375,True,,474,281,1.686832740213523,147.02960205078125,59c833ea0898338c4ba1cb9cd6fd21f554b46e0ffa45c5f35b3cece195d04a60
/kaggle/input/datasets/alicjalena/pv-panel-defect-dataset/train/Snow-Covered/Snow (1).jpg,train,Snow-Covered,Snow (1).jpg,.jpg,331.7080078125,True,,3000,2250,1.3333333333333333,176.91064453125,f6f4a25fd1e0962e1ff8f757e60f4c4a7fe5b76cda76a08165d26f039d0da2f1
/kaggle/input/datasets/alicjalena/pv-panel-defect-dataset/train/Snow-Covered/Snow (10).jpg,train,Snow-Covered,Snow (10).jpg,.jpg,625.2529296875,True,,1920,1280,1.5,113.0691146850586,0a620b4a159b6d2cf45ca14ad97c3f0a61b57b6d8c22578c2ca93adc39cd71e2
/kaggle/input/datasets/alicjalena/pv-panel-defect-dataset/train/Snow-Covered/Snow (100).jpg,train,Snow-Covered,Snow (100).jpg,.jpg,37.9228515625,True,,474,465,1.0193548387096774,144.80323791503906,8d0259ea2ddbebc0bc66bfa1213e2c76d2baeafd58b5c01a347f5b436e704306
/kaggle/input/datasets/alicjalena/pv-panel-defect-dataset/train/Snow-Covered/Snow (101).jpg,train,Snow-Covered,Snow (101).jpg,.jpg,96.5126953125,True,,800,600,1.3333333333333333,203.78396606445312,120a2c52a8978db2b2922f8aa06b5ba922cc749f168128630b48997c5ec09fb3
/kaggle/input/datasets/alicjalena/pv-panel-defect-dataset/train/Snow-Covered/Snow (102).jpg,train,Snow-Covered,Snow (102).jpg,.jpg,328.3916015625,True,,1228,816,1.5049019607843137,114.93333435058594,9c44c286e53f204c073db421c5f295b7969d0298ccac4ca09817ceae207aa863
/kaggle/input/datasets/alicjalena/pv-panel-defect-dataset/train/Snow-Covered/Snow (103).jpg,train,Snow-Covered,Snow (103).jpg,.jpg,23.3994140625,True,,320,480,0.6666666666666666,193.2548065185547,7ef2af4b41e9c2f4ebd1f653aa18ed647f3ca3b2edec842528ca5e594a38ab4a
/kaggle/input/datasets/alicjalena/pv-panel-defect-dataset/train/Snow-Covered/Snow (104).jpg,train,Snow-Covered,Snow (104).jpg,.jpg,82.4140625,True,,768,554,1.3862815884476534,148.938720703125,5236897193ac086fe77fbaa8ed8890e00974e99be21c19adfc130d643470f285
/kaggle/input/datasets/alicjalena/pv-panel-defect-dataset/train/Snow-Covered/Snow (106).jpg,train,Snow-Covered,Snow (106).jpg,.jpg,219.8876953125,True,,660,440,1.5,120.24822235107422,1b9f21c84826577aede4306152b7534205416c3371a24048254468456de0887e
/kaggle/input/datasets/alicjalena/pv-panel-defect-dataset/train/Snow-Covered/Snow (107).jpg,train,Snow-Covered,Snow (107).jpg,.jpg,88.1650390625,True,,300,200,1.5,158.96707153320312,c910e207ec37cd80bcfa49ee8db1236e2aa3e032bcb92e65c20fde29c2ba0c82
/kaggle/input/datasets/alicjalena/pv-panel-defect-dataset/train/Snow-Covered/Snow (108).jpg,train,Snow-Covered,Snow (108).jpg,.jpg,212.8388671875,True,,1000,668,1.4970059880239521,169.90261840820312,30c3938eceedcecfde3995be90b0b7f09fdc4ed1bb1ab3c23dd8578a4879846a
/kaggle/input/datasets/alicjalena/pv-panel-defect-dataset/train/Snow-Covered/Snow (11).jpg,train,Snow-Covered,Snow (11).jpg,.jpg,516.029296875,True,,1000,665,1.5037593984962405,152.2472686767578,d431fdc6b363c8a9098fed9defc271d7f1e99828327be5ac7c512184fdb4a5d0
/kaggle/input/datasets/alicjalena/pv-panel-defect-dataset/train/Snow-Covered/Snow (111).jpg,train,Snow-Covered,Snow (111).jpg,.jpg,77.0771484375,True,,1106,830,1.3325301204819278,170.9291229248047,af53f2c66990eb09002b643973e0251117b1bc049ed8f30bbc3324e346293a09
/kaggle/input/datasets/alicjalena/pv-panel-defect-dataset/train/Snow-Covered/Snow (113).jpg,train,Snow-Covered,Snow (113).jpg,.jpg,87.15625,True,,1018,393,2.590330788804071,134.51939392089844,897b4f3ca7b95180c1edc6a28adc388dc5a7843589ae2974dd7e86a407b18af4
/kaggle/input/datasets/alicjalena/pv-panel-defect-dataset/train/Snow-Covered/Snow (114).jpg,train,Snow-Covered,Snow (114).jpg,.jpg,47.4521484375,True,,900,554,1.6245487364620939,141.86045837402344,3651bb5bb528a70571e631480a517c2593aed1e423cb9b6ad393a3a07c859291
/kaggle/input/datasets/alicjalena/pv-panel-defect-dataset/train/Snow-Covered/Snow (115).jpg,train,Snow-Covered,Snow (115).jpg,.jpg,113.564453125,True,,626,417,1.501199040767386,124.70263671875,384806c3ae6cb110516510d543200bd01f9c0574e2575c86b00693630bbabda5
/kaggle/input/datasets/alicjalena/pv-panel-defect-dataset/train/Snow-Covered/Snow (116).jpg,train,Snow-Covered,Snow (116).jpg,.jpg,115.5771484375,True,,1000,667,1.4992503748125936,171.38949584960938,342ad9165838c17a414fd87718ad94f3e9ef217011b5515eec3682f846805c68
/kaggle/input/datasets/alicjalena/pv-panel-defect-dataset/train/Snow-Covered/Snow (119).jpg,train,Snow-Covered,Snow (119).jpg,.jpg,45.4775390625,True,,821,285,2.880701754385965,124.88665771484375,bd4acdbf86d314a54b3084f0e7f248fe6b90b3d1b4dbcf8bb798091a19fe6a93
/kaggle/input/datasets/alicjalena/pv-panel-defect-dataset/train/Snow-Covered/Snow (120).jpg,train,Snow-Covered,Snow (120).jpg,.jpg,36.78125,True,,450,300,1.5,155.83921813964844,bc73cf291ab3b2c7ec5177b3e3ee227f4912ced4506d9ba733dc23f97796a4a4
/kaggle/input/datasets/alicjalena/pv-panel-defect-dataset/train/Snow-Covered/Snow (123).jpg,train,Snow-Covered,Snow (123).jpg,.jpg,72.6318359375,True,,616,777,0.7927927927927928,107.88441467285156,843dac21e07f2a53f28cb5ac5f423ed335295901078901920aa9e43cf57a9293
/kaggle/input/datasets/alicjalena/pv-panel-defect-dataset/train/Snow-Covered/Snow (124).jpg,train,Snow-Covered,Snow (124).jpg,.jpg,82.3125,True,,784,560,1.4,148.41053771972656,a801c5c80268807491024babc359cfcabb31464e13ecd8ede832e0c4c462ae42
/kaggle/input/datasets/alicjalena/pv-panel-defect-dataset/train/Snow-Covered/Snow (125).jpg,train,Snow-Covered,Snow (125).jpg,.jpg,148.740234375,True,,1280,720,1.7777777777777777,140.82701110839844,12dfb8b9ee6c57088fd1e6f46d7b0de9e4ec771cd0c88d350b2afa28764f9089
/kaggle/input/datasets/alicjalena/pv-panel-defect-dataset/train/Snow-Covered/Snow (126).jpg,train,Snow-Covered,Snow (126).jpg,.jpg,36.5654296875,True,,768,432,1.7777777777777777,134.05099487304688,1929aef39b9c8fba04bf3384e9d8305fe946a8bd4c64efc386d070ae11d6ccdd
/kaggle/input/datasets/alicjalena/pv-panel-defect-dataset/train/Snow-Covered/Snow (127).jpg,train,Snow-Covered,Snow (127).jpg,.jpg,30.166015625,True,,486,323,1.5046439628482973,121.58023834228516,0a200aa3dfe237ef0b47751f2cef4d854b463954d51d164564f9c604cdfc82d5
/kaggle/input/datasets/alicjalena/pv-panel-defect-dataset/train/Snow-Covered/Snow (128).jpg,train,Snow-Covered,Snow (128).jpg,.jpg,819.7685546875,True,,2100,1575,1.3333333333333333,73.34990692138672,bde8500896dbf3072ee7747f486c5e27ade921da6c4accd9bcb97aaeea531635
/kaggle/input/datasets/alicjalena/pv-panel-defect-dataset/train/Snow-Covered/Snow (129).jpg,train,Snow-Covered,Snow (129).jpg,.jpg,75.8212890625,True,,800,553,1.4466546112115732,117.87307739257812,2d753a343d232369de52c29ae28a3a9ca1fdb4bbf8ab1a3a828ef8427d693843
/kaggle/input/datasets/alicjalena/pv-panel-defect-dataset/train/Snow-Covered/Snow (13).jpg,train,Snow-Covered,Snow (13).jpg,.jpg,69.7080078125,True,,600,400,1.5,132.09423828125,f2c3f141b35a90a810e52a4fd19affbbcc6c6b829fc4697ad29a71d68a8e62fa
/kaggle/input/datasets/alicjalena/pv-panel-defect-dataset/train/Snow-Covered/Snow (130).jpg,train,Snow-Covered,Snow (130).jpg,.jpg,78.0849609375,True,,1000,592,1.6891891891891893,145.7719268798828,709bd37dac6b6598aa2ce611ba7128116c0d69c41a2ef8a1f44a34455a06d9a7
/kaggle/input/datasets/alicjalena/pv-panel-defect-dataset/train/Snow-Covered/Snow (131).jpg,train,Snow-Covered,Snow (131).jpg,.jpg,15.3203125,True,,270,194,1.3917525773195876,143.11480712890625,483bd29dfe8ea73865e0061de4298d577ca29b03658441d1743352d5960ab51b
/kaggle/input/datasets/alicjalena/pv-panel-defect-dataset/train/Snow-Covered/Snow (132).jpg,train,Snow-Covered,Snow (132).jpg,.jpg,67.865234375,True,,768,576,1.3333333333333333,71.91761779785156,e98418ddc86a3e511e7b35d589a8e079283fd1fc3c76df23217b5f8cd8367a01
/kaggle/input/datasets/alicjalena/pv-panel-defect-dataset/train/Snow-Covered/Snow (133).jpg,train,Snow-Covered,Snow (133).jpg,.jpg,40.01171875,True,,474,315,1.5047619047619047,118.2680435180664,a73edcfa4638ff56b814657fd237b8620ca1b8a8c192819a327ab6aab4bf6fb7
/kaggle/input/datasets/alicjalena/pv-panel-defect-dataset/train/Snow-Covered/Snow (136).jpg,train,Snow-Covered,Snow (136).jpg,.jpg,117.5576171875,True,,1043,468,2.2286324786324787,114.4747314453125,67874c3f12a5895e48d48bfb28917a61343a0c6a48fa888ec95f1df7f6c7e896
/kaggle/input/datasets/alicjalena/pv-panel-defect-dataset/train/Snow-Covered/Snow (137).jpg,train,Snow-Covered,Snow (137).jpg,.jpg,8.509765625,True,,262,192,1.3645833333333333,105.06820678710938,1460e1a704c881577b74cab976d6692eb399a184df6749ecc8be9dffb6b40272
/kaggle/input/datasets/alicjalena/pv-panel-defect-dataset/train/Snow-Covered/Snow (14).jpg,train,Snow-Covered,Snow (14).jpg,.jpg,20.42578125,True,,474,326,1.4539877300613497,169.8953857421875,14521e1776111a35e85ebc22b66bdc5f0797dd1dd8c9a029be3d8efa1f6006db
/kaggle/input/datasets/alicjalena/pv-panel-defect-dataset/train/Snow-Covered/Snow (140).jpg,train,Snow-Covered,Snow (140).jpg,.jpg,6.0322265625,True,,278,181,1.5359116022099448,144.76321411132812,fdfb55cd5ffc28a8b24dc61614fcb2e328f7ad49cb2a9cde277e1c764b4944bb
/kaggle/input/datasets/alicjalena/pv-panel-defect-dataset/train/Snow-Covered/Snow (141).jpg,train,Snow-Covered,Snow (141).jpg,.jpg,12.7490234375,True,,324,155,2.0903225806451613,171.47528076171875,d2a8e07c6c4cc218fd456145756746b8674414e8da40c2a286bb176cbe793e12
/kaggle/input/datasets/alicjalena/pv-panel-defect-dataset/train/Snow-Covered/Snow (142).jpg,train,Snow-Covered,Snow (142).jpg,.jpg,7.89453125,True,,275,183,1.5027322404371584,159.34371948242188,841bb46c0c13f340f9e3522d17fc1a7389e5087f83677751ae9fa809d1d997ec
/kaggle/input/datasets/alicjalena/pv-panel-defect-dataset/train/Snow-Covered/Snow (144).jpg,train,Snow-Covered,Snow (144).jpg,.jpg,97.7333984375,True,,1013,754,1.343501326259947,130.3966827392578,d36f1b43bcd284041d9d7ac5b6803ec55b71ddc25627df84a561b10084d7ae21
/kaggle/input/datasets/alicjalena/pv-panel-defect-dataset/train/Snow-Covered/Snow (145).jpg,train,Snow-Covered,Snow (145).jpg,.jpg,31.62890625,True,,660,373,1.769436997319035,184.3671112060547,81187f9428ffe883429cb068efe68d134d7b3d8b4e19baa8bf2271329b44c002
/kaggle/input/datasets/alicjalena/pv-panel-defect-dataset/train/Snow-Covered/Snow (146).jpg,train,Snow-Covered,Snow (146).jpg,.jpg,8.294921875,True,,265,190,1.394736842105263,174.88238525390625,837d18df9846d833af16ffdaa6727126a4c02de4f0df68b77374a9a96ad2a63b
/kaggle/input/datasets/alicjalena/pv-panel-defect-dataset/train/Snow-Covered/Snow (147).jpg,train,Snow-Covered,Snow (147).jpg,.jpg,10.642578125,True,,248,203,1.2216748768472907,161.03160095214844,4c03adff6fc2f5211593a20f3eeabde6a08b5bb75920182232a2cc06034ecadf
/kaggle/input/datasets/alicjalena/pv-panel-defect-dataset/train/Snow-Covered/Snow (148).jpg,train,Snow-Covered,Snow (148).jpg,.jpg,15.6552734375,True,,275,183,1.5027322404371584,95.05490112304688,243446fd5b4ce3fd3893345e8bc4dfdbbe21ecdea7e4a68ac6f56ab94c3a1b96
/kaggle/input/datasets/alicjalena/pv-panel-defect-dataset/train/Snow-Covered/Snow (149).jpg,train,Snow-Covered,Snow (149).jpg,.jpg,129.4736328125,True,,1024,568,1.8028169014084507,157.0478973388672,1a620e0df419edad4a08f504d0227d17193c45382cdefd83ab3a5746f249450d
/kaggle/input/datasets/alicjalena/pv-panel-defect-dataset/train/Snow-Covered/Snow (150).jpg,train,Snow-Covered,Snow (150).jpg,.jpg,97.283203125,True,,900,640,1.40625,147.265625,113cbb2372f6643a3db7d9d0b1ade5bdc9d4b57cc63147d6996eaf63596aa176
/kaggle/input/datasets/alicjalena/pv-panel-defect-dataset/train/Snow-Covered/Snow (151).jpg,train,Snow-Covered,Snow (151).jpg,.jpg,14.2529296875,True,,294,171,1.719298245614035,144.5196075439453,7ace4092dfb3c2098f63f88560ff31f4859d6bd5ac006fd12841a858cf16b258
/kaggle/input/datasets/alicjalena/pv-panel-defect-dataset/train/Snow-Covered/Snow (153).jpg,train,Snow-Covered,Snow (153).jpg,.jpg,607.10546875,True,,900,600,1.5,147.2042236328125,2aee016e51464bde21eb596895b8d2af142986351b06f2c3df1f5e6bb478cfc2
/kaggle/input/datasets/alicjalena/pv-panel-defect-dataset/train/Snow-Covered/Snow (154).jpg,train,Snow-Covered,Snow (154).jpg,.jpg,9.3447265625,True,,262,192,1.3645833333333333,118.2244873046875,76a443eb7a8d7aea8353dbad955ff492df117ea1b7edde1f5964aebda477cf22
/kaggle/input/datasets/alicjalena/pv-panel-defect-dataset/train/Snow-Covered/Snow (155).jpg,train,Snow-Covered,Snow (155).jpg,.jpg,196.296875,True,,2048,1536,1.3333333333333333,154.75213623046875,3ce03cd0f0239bff0292b486360497ed7e8de121987d87ba500e36e2823ad5fe
/kaggle/input/datasets/alicjalena/pv-panel-defect-dataset/train/Snow-Covered/Snow (156).jpg,train,Snow-Covered,Snow (156).jpg,.jpg,9.6748046875,True,,275,183,1.5027322404371584,113.21176147460938,f63023eef127f6ad910488c5365b3115ba8e57a2026583dbda0c29d86154452f
/kaggle/input/datasets/alicjalena/pv-panel-defect-dataset/train/Snow-Covered/Snow (157).jpg,train,Snow-Covered,Snow (157).jpg,.jpg,11.09375,True,,275,183,1.5027322404371584,140.2840118408203,d90ec9e00cb0bba35bec877c522b6882008446c600c3213b60badfc52602f6a2
/kaggle/input/datasets/alicjalena/pv-panel-defect-dataset/train/Snow-Covered/Snow (158).jpg,train,Snow-Covered,Snow (158).jpg,.jpg,8.6982421875,True,,319,158,2.018987341772152,105.15951538085938,735ac1dd4099148e63bb4432df9069abe3c896a1692bd561c5d718b9494eb508
/kaggle/input/datasets/alicjalena/pv-panel-defect-dataset/train/Snow-Covered/Snow (160).jpg,train,Snow-Covered,Snow (160).jpg,.jpg,16.1279296875,True,,354,188,1.8829787234042554,114.75398254394531,399b511b6bb9377569ec8dbe79e192f8c30938911d2319250a1eaa4fbee8ad6d
/kaggle/input/datasets/alicjalena/pv-panel-defect-dataset/train/Snow-Covered/Snow (161).jpg,train,Snow-Covered,Snow (161).jpg,.jpg,8.4697265625,True,,225,225,1.0,179.3302459716797,53b903093744892c171b55f67d8f8a07c90a058b5134c89a1451ce6f7263a534
/kaggle/input/datasets/alicjalena/pv-panel-defect-dataset/train/Snow-Covered/Snow (162).jpg,train,Snow-Covered,Snow (162).jpg,.jpg,11.2373046875,True,,275,183,1.5027322404371584,162.15940856933594,6de19e4e2029cbd12e23a746cd6b27c661c682f506ceb8ffec880036a3fe2a21
/kaggle/input/datasets/alicjalena/pv-panel-defect-dataset/train/Snow-Covered/Snow (163).jpg,train,Snow-Covered,Snow (163).jpg,.jpg,12.787109375,True,,353,143,2.4685314685314683,141.69015502929688,b870f990593d4dd5eb00f4fc5e18a868e6a9b8b50849c93b994de2506ed40f92
/kaggle/input/datasets/alicjalena/pv-panel-defect-dataset/train/Snow-Covered/Snow (165).jpg,train,Snow-Covered,Snow (165).jpg,.jpg,12.77734375,True,,329,153,2.150326797385621,134.46783447265625,16b9640a9cb12cd87e3de7375b342fb8ef50eb6b2d0b6419c32883e67c0334f9
/kaggle/input/datasets/alicjalena/pv-panel-defect-dataset/train/Snow-Covered/Snow (166).jpg,train,Snow-Covered,Snow (166).jpg,.jpg,317.28125,True,,2304,1728,1.3333333333333333,120.30343627929688,1f79c90557f39712660046167f27ad3ec8def1c2f8bbd3fc96409104c77769db
/kaggle/input/datasets/alicjalena/pv-panel-defect-dataset/train/Snow-Covered/Snow (167).jpg,train,Snow-Covered,Snow (167).jpg,.jpg,11.2578125,True,,301,167,1.8023952095808384,157.74842834472656,813bfde62f712f17de8f0ee6fd13f2c012058a2cae98c5f95f225c0a6b8c2b47
/kaggle/input/datasets/alicjalena/pv-panel-defect-dataset/train/Snow-Covered/Snow (168).jpg,train,Snow-Covered,Snow (168).jpg,.jpg,7.2138671875,True,,290,174,1.6666666666666667,151.43087768554688,4c1ad1495dafe96a476baa940734d57da8baf63185fd90b2ceec327941a1f924
/kaggle/input/datasets/alicjalena/pv-panel-defect-dataset/train/Snow-Covered/Snow (169).jpg,train,Snow-Covered,Snow (169).jpg,.jpg,67.25390625,True,,800,533,1.5009380863039399,181.53538513183594,a73fcc72836d85aa9f0816e1b42274c4296b76fd63a207113c5fb75a80d2e871
/kaggle/input/datasets/alicjalena/pv-panel-defect-dataset/train/Snow-Covered/Snow (17).jpg,train,Snow-Covered,Snow (17).jpg,.jpg,71.7431640625,True,,973,456,2.133771929824561,153.35086059570312,2faa57369b091e85f2d2f34c36a22411006288d480ace6eb99fa7b1a978a686b
/kaggle/input/datasets/alicjalena/pv-panel-defect-dataset/train/Snow-Covered/Snow (170).jpg,train,Snow-Covered,Snow (170).jpg,.jpg,87.9423828125,True,,800,534,1.4981273408239701,170.1052703857422,bd719ccff609ac0d6921399a58fc9a69a55cf27ff8502030ad30abbacc8ef3cf
/kaggle/input/datasets/alicjalena/pv-panel-defect-dataset/train/Snow-Covered/Snow (173).jpg,train,Snow-Covered,Snow (173).jpg,.jpg,27.951171875,True,,320,241,1.3278008298755186,142.81890869140625,7b47b7b72debbd5f599af3345f889919c16250a7c27a93075f2e883afa5c0293
/kaggle/input/datasets/alicjalena/pv-panel-defect-dataset/train/Snow-Covered/Snow (174).jpg,train,Snow-Covered,Snow (174).jpg,.jpg,34.3193359375,True,,600,400,1.5,162.40682983398438,da7e104fc13138a21cfe1f2221986b0db3b5ea5b5b6d17fdacd9a91eca210115
/kaggle/input/datasets/alicjalena/pv-panel-defect-dataset/train/Snow-Covered/Snow (175).jpg,train,Snow-Covered,Snow (175).jpg,.jpg,91.6513671875,True,,1012,686,1.4752186588921283,130.29083251953125,57aa302c90d85e1157c789f4df6e50a4d5151c23f26b23cd265b37d2d162f28f
/kaggle/input/datasets/alicjalena/pv-panel-defect-dataset/train/Snow-Covered/Snow (176).jpg,train,Snow-Covered,Snow (176).jpg,.jpg,6.796875,True,,196,110,1.7818181818181817,150.91546630859375,b6fc87f369c2a5e42004a24d82c012b606ad4e03656188f2ded04be488c05381
/kaggle/input/datasets/alicjalena/pv-panel-defect-dataset/train/Snow-Covered/Snow (19).jpg,train,Snow-Covered,Snow (19).jpg,.jpg,78.740234375,True,,630,415,1.5180722891566265,201.2982940673828,c89f5ed7bf79f0fc2f25174d2068cb79ffbd7cfb7133cd3140d0f69ed3dea706
/kaggle/input/datasets/alicjalena/pv-panel-defect-dataset/train/Snow-Covered/Snow (2).jpg,train,Snow-Covered,Snow (2).jpg,.jpg,6.3828125,True,,297,170,1.7470588235294118,190.7598876953125,9636ccbb16cbb6cc8483af94943ed195a225456866866e635da2437952f1696a
/kaggle/input/datasets/alicjalena/pv-panel-defect-dataset/train/Snow-Covered/Snow (20).jpg,train,Snow-Covered,Snow (20).jpg,.jpg,140.5458984375,True,,871,550,1.5836363636363637,144.60525512695312,57f2b807edac85109ca5b300a31ec6d1291aae2bd3d96e0291817fb9288db869
/kaggle/input/datasets/alicjalena/pv-panel-defect-dataset/train/Snow-Covered/Snow (21).jpg,train,Snow-Covered,Snow (21).jpg,.jpg,78.7236328125,True,,354,188,1.8829787234042554,114.52742004394531,42ac85b54ff43a2e7cadd08a25c4211834d0a6168537c359a08fc1e5a4863d85
/kaggle/input/datasets/alicjalena/pv-panel-defect-dataset/train/Snow-Covered/Snow (22).jpg,train,Snow-Covered,Snow (22).jpg,.jpg,72.6455078125,True,,980,551,1.778584392014519,193.1825408935547,6607ffe5211090fcb49b3ecdd4ec49f1d03f95b9dec219d422c968621a5e53e9
/kaggle/input/datasets/alicjalena/pv-panel-defect-dataset/train/Snow-Covered/Snow (23).jpg,train,Snow-Covered,Snow (23).jpg,.jpg,160.666015625,True,,908,770,1.1792207792207792,141.28509521484375,eaf0bfffe04a8ccf34896075ad19c6e3f992e9cc005a69a46180f9d138f5f540
/kaggle/input/datasets/alicjalena/pv-panel-defect-dataset/train/Snow-Covered/Snow (24).jpg,train,Snow-Covered,Snow (24).jpg,.jpg,90.0888671875,True,,920,307,2.996742671009772,152.58587646484375,3bf5fa5656f2fe8978c1e4ef47981e99fe298f7595a05edba95182b5a25df4a1
/kaggle/input/datasets/alicjalena/pv-panel-defect-dataset/train/Snow-Covered/Snow (25).jpg,train,Snow-Covered,Snow (25).jpg,.jpg,9.4052734375,True,,275,183,1.5027322404371584,132.63670349121094,814697dc03fbc0d4eaef4dfdbec8cfd89397416a0f8e60500c15170922cc8507
/kaggle/input/datasets/alicjalena/pv-panel-defect-dataset/train/Snow-Covered/Snow (26).jpg,train,Snow-Covered,Snow (26).jpg,.jpg,208.2919921875,True,,920,690,1.3333333333333333,122.02444458007812,5732147e3af04e3f880d8e73b5e4938883c9ef32d96478bc185084c803bd48a6
/kaggle/input/datasets/alicjalena/pv-panel-defect-dataset/train/Snow-Covered/Snow (27).jpg,train,Snow-Covered,Snow (27).jpg,.jpg,752.4765625,True,,2560,1709,1.4979520187244002,170.24427795410156,b5411e320800c1b6cafb67b0ec65d8dbef03c92a1b8ee17d86d7cb5266cdd2de
/kaggle/input/datasets/alicjalena/pv-panel-defect-dataset/train/Snow-Covered/Snow (28).jpg,train,Snow-Covered,Snow (28).jpg,.jpg,194.4248046875,True,,1080,668,1.6167664670658684,160.38221740722656,ea5b1279e40fa30f152afcc34ff3f4d78c42b5fe0691cf10d02c2db81963c2c8
/kaggle/input/datasets/alicjalena/pv-panel-defect-dataset/train/Snow-Covered/Snow (29).jpg,train,Snow-Covered,Snow (29).jpg,.jpg,40.3056640625,True,,600,450,1.3333333333333333,177.03350830078125,cf837e42d6d4d61264ccc3da3026453323f112e30a90b9a7aef193dc205b3d82
/kaggle/input/datasets/alicjalena/pv-panel-defect-dataset/train/Snow-Covered/Snow (3).jpg,train,Snow-Covered,Snow (3).jpg,.jpg,18.0888671875,True,,369,312,1.1826923076923077,142.45997619628906,1f926364cf558783f8e455f5a5d4d5e4103cc2044459a0abb57f3207542e2c6c
/kaggle/input/datasets/alicjalena/pv-panel-defect-dataset/train/Snow-Covered/Snow (30).jpg,train,Snow-Covered,Snow (30).jpg,.jpg,66.646484375,True,,550,413,1.3317191283292977,100.12950134277344,63c56392dd3147f6402f8e86886a142e87f5f91d39e5dc533b2a88c260baaebb
/kaggle/input/datasets/alicjalena/pv-panel-defect-dataset/train/Snow-Covered/Snow (31).jpg,train,Snow-Covered,Snow (31).jpg,.jpg,125.5234375,True,,800,533,1.5009380863039399,121.46559143066406,bbf5a405e0c9906283bd452bd8a6cb58340bbe130b30c510c03ebc8e6edc2881
/kaggle/input/datasets/alicjalena/pv-panel-defect-dataset/train/Snow-Covered/Snow (32).jpg,train,Snow-Covered,Snow (32).jpg,.jpg,73.9306640625,True,,763,431,1.7703016241299303,97.10626220703125,895644ca12b0baa981421f79beba62bae944c012381337cf0d4c8091efc164ed
/kaggle/input/datasets/alicjalena/pv-panel-defect-dataset/train/Snow-Covered/Snow (33).jpg,train,Snow-Covered,Snow (33).jpg,.jpg,61.40625,True,,768,512,1.5,134.3227081298828,3f9279538980d35d96ddf5557b1b1ccee396b0ca328efd1e3b9893b8803c21f3
/kaggle/input/datasets/alicjalena/pv-panel-defect-dataset/train/Snow-Covered/Snow (34).jpg,train,Snow-Covered,Snow (34).jpg,.jpg,15.2705078125,True,,300,224,1.3392857142857142,96.17266082763672,76843fef1f802d43cb9407c367aed367aa44e23cd104f9b53c52ffb702a7456a
/kaggle/input/datasets/alicjalena/pv-panel-defect-dataset/train/Snow-Covered/Snow (35).jpg,train,Snow-Covered,Snow (35).jpg,.jpg,111.5751953125,True,,599,499,1.2004008016032064,123.83802795410156,493065c62dda6805b1d2f0859faad7fe6c667597df16ccc08789de0fcc8bfcf3
/kaggle/input/datasets/alicjalena/pv-panel-defect-dataset/train/Snow-Covered/Snow (36).jpg,train,Snow-Covered,Snow (36).jpg,.jpg,124.3642578125,True,,900,600,1.5,172.2245635986328,a817f210465622b0d1a9ba9b8621fadbebb0303bde18e6fbc52711637869d336
/kaggle/input/datasets/alicjalena/pv-panel-defect-dataset/train/Snow-Covered/Snow (37).jpg,train,Snow-Covered,Snow (37).jpg,.jpg,112.2568359375,True,,1280,720,1.7777777777777777,125.71361541748047,5e9a6be882663579f8fa0ca927e195c85ebd9d94b3f46055fe8e40f0b2963e6c
/kaggle/input/datasets/alicjalena/pv-panel-defect-dataset/train/Snow-Covered/Snow (39).jpg,train,Snow-Covered,Snow (39).jpg,.jpg,11.1083984375,True,,268,188,1.425531914893617,162.4295654296875,0102d1f23676b56e0cc4fc6b3d347a2e729fd1b31392fd59ec39637950a2e57e
/kaggle/input/datasets/alicjalena/pv-panel-defect-dataset/train/Snow-Covered/Snow (4).jpg,train,Snow-Covered,Snow (4).jpg,.jpg,105.447265625,True,,300,299,1.0033444816053512,95.64376068115234,94ff5d6304d4c77491f02a9ab9b7b941c9e16807232416416d41722fc35dadaf
/kaggle/input/datasets/alicjalena/pv-panel-defect-dataset/train/Snow-Covered/Snow (40).jpg,train,Snow-Covered,Snow (40).jpg,.jpg,23.9716796875,True,,500,282,1.7730496453900708,157.4569549560547,aa90cba16e16c6e3ea99d03ed67a3fb3446a389453f1d202beb91b8e71040f51
/kaggle/input/datasets/alicjalena/pv-panel-defect-dataset/train/Snow-Covered/Snow (41).jpg,train,Snow-Covered,Snow (41).jpg,.jpg,92.3212890625,True,,1006,703,1.4310099573257469,130.73382568359375,1a0fbd545b4bffbb6296bcda5f0d9bc6efeec5522860593f38ec2aa34a44c202
/kaggle/input/datasets/alicjalena/pv-panel-defect-dataset/train/Snow-Covered/Snow (42).jpg,train,Snow-Covered,Snow (42).jpg,.jpg,101.392578125,True,,792,591,1.3401015228426396,123.50995635986328,84c7b7a4331f49749366e52d7960a75ad53ed4c1eb890810303f5e822411f012
/kaggle/input/datasets/alicjalena/pv-panel-defect-dataset/train/Snow-Covered/Snow (43).jpg,train,Snow-Covered,Snow (43).jpg,.jpg,937.0810546875,True,,2560,1707,1.4997070884592854,135.7279052734375,dde8492795547d402235f20363b2537e20570080a4425f1aa916e133d148b7a7
/kaggle/input/datasets/alicjalena/pv-panel-defect-dataset/train/Snow-Covered/Snow (44).jpg,train,Snow-Covered,Snow (44).jpg,.jpg,110.2646484375,True,,884,340,2.6,90.23033905029297,f030658ef1297b333620a9858030bd4682534a28e584596afa2a576fde15cbd3
/kaggle/input/datasets/alicjalena/pv-panel-defect-dataset/train/Snow-Covered/Snow (45).jpg,train,Snow-Covered,Snow (45).jpg,.jpg,11.33203125,True,,265,190,1.394736842105263,123.2774887084961,3bbfaba797a389c9343306ea18e98bb8e9525120b265072edaec476d713aabdf
/kaggle/input/datasets/alicjalena/pv-panel-defect-dataset/train/Snow-Covered/Snow (46).jpg,train,Snow-Covered,Snow (46).jpg,.jpg,10.6328125,True,,275,183,1.5027322404371584,91.7405014038086,0b51b154e0c44a9346399b69eb6da389fa680388df7a6938116fff498241e55b
/kaggle/input/datasets/alicjalena/pv-panel-defect-dataset/train/Snow-Covered/Snow (47).jpg,train,Snow-Covered,Snow (47).jpg,.jpg,98.3271484375,True,,1000,750,1.3333333333333333,132.3209686279297,8a5a53b10cebe2a300b36e81c65f5b26e061519d9e9e57ad540449c591b462ba
/kaggle/input/datasets/alicjalena/pv-panel-defect-dataset/train/Snow-Covered/Snow (48).jpg,train,Snow-Covered,Snow (48).jpg,.jpg,12.7119140625,True,,275,183,1.5027322404371584,123.15425872802734,7c348f172efbd9fb6479d07161421ec9ce4886bf1b1c0e3f4dcc8cce26412086
/kaggle/input/datasets/alicjalena/pv-panel-defect-dataset/train/Snow-Covered/Snow (49).jpg,train,Snow-Covered,Snow (49).jpg,.jpg,6.5302734375,True,,318,158,2.0126582278481013,199.1138458251953,8b62e8f06ab9b6e9fc552df1f7ea50e053c71c09b6600c4bad7a4ef094925eb8
/kaggle/input/datasets/alicjalena/pv-panel-defect-dataset/train/Snow-Covered/Snow (50).jpg,train,Snow-Covered,Snow (50).jpg,.jpg,31.591796875,True,,624,351,1.7777777777777777,147.0534210205078,be8f9712a24a02b559109822e5716bef54ca71023356624b79c4534b851c3d41
/kaggle/input/datasets/alicjalena/pv-panel-defect-dataset/train/Snow-Covered/Snow (51).jpg,train,Snow-Covered,Snow (51).jpg,.jpg,11.83984375,True,,301,167,1.8023952095808384,154.9948272705078,540ff91448c50e33719e1d0344e521de55fb35e77867ad66d7d864e46a078631
/kaggle/input/datasets/alicjalena/pv-panel-defect-dataset/train/Snow-Covered/Snow (52).jpg,train,Snow-Covered,Snow (52).jpg,.jpg,7.400390625,True,,276,183,1.5081967213114753,153.46286010742188,1b81c995e9a7f2cc0a41e3f513d41155e7bec4be8ba579ca2cbb92dd05351e60
/kaggle/input/datasets/alicjalena/pv-panel-defect-dataset/train/Snow-Covered/Snow (53).jpg,train,Snow-Covered,Snow (53).jpg,.jpg,10.7138671875,True,,259,194,1.3350515463917525,142.7215118408203,2471ead54920e050a2c48c3d3a456aafb1170178f7697ce4241afcad729c8321
/kaggle/input/datasets/alicjalena/pv-panel-defect-dataset/train/Snow-Covered/Snow (55).jpg,train,Snow-Covered,Snow (55).jpg,.jpg,10.044921875,True,,269,187,1.4385026737967914,156.26422119140625,16d9ff0a0c483faa7d05a794cfd00f8db9f8af3743cc538294dba82797eae3a1
/kaggle/input/datasets/alicjalena/pv-panel-defect-dataset/train/Snow-Covered/Snow (56).jpg,train,Snow-Covered,Snow (56).jpg,.jpg,14.2529296875,True,,297,170,1.7470588235294118,156.18057250976562,702ce55658e917ea098c27b6c9486ad16b7591531b1bd25dd970985390984796
/kaggle/input/datasets/alicjalena/pv-panel-defect-dataset/train/Snow-Covered/Snow (57).jpg,train,Snow-Covered,Snow (57).jpg,.jpg,4.2275390625,True,,289,174,1.660919540229885,188.86505126953125,3ed0afe0e9713585c7b724d3016936041af4a2a68b1c0c535cb59a8effb97e76
/kaggle/input/datasets/alicjalena/pv-panel-defect-dataset/train/Snow-Covered/Snow (58).jpg,train,Snow-Covered,Snow (58).jpg,.jpg,20.7119140625,True,,474,289,1.6401384083044983,194.54209899902344,9a9330fab95604e703aa3f47526a1addc49c6776956ef6c16a2f1b77f8b56e0f
/kaggle/input/datasets/alicjalena/pv-panel-defect-dataset/train/Snow-Covered/Snow (59).jpg,train,Snow-Covered,Snow (59).jpg,.jpg,10.77734375,True,,286,176,1.625,156.68190002441406,795cc30617ee028f113534778d2e2230d58429166118e526e0ef3a0178d35f24
/kaggle/input/datasets/alicjalena/pv-panel-defect-dataset/train/Snow-Covered/Snow (61).jpg,train,Snow-Covered,Snow (61).jpg,.jpg,10.166015625,True,,311,162,1.9197530864197532,120.03327178955078,db7d85b49ee041b8045f3ae449050abb82243b34763718fcbbc3ef83fd2e02be
/kaggle/input/datasets/alicjalena/pv-panel-defect-dataset/train/Snow-Covered/Snow (62).jpg,train,Snow-Covered,Snow (62).jpg,.jpg,9.1416015625,True,,265,190,1.394736842105263,209.9264373779297,9833ec831f3d5ad082f17c45744e841b733acb1d223a0c1d9cde67638b008baf
/kaggle/input/datasets/alicjalena/pv-panel-defect-dataset/train/Snow-Covered/Snow (63).jpg,train,Snow-Covered,Snow (63).jpg,.jpg,5.2216796875,True,,308,163,1.8895705521472392,165.57191467285156,3491d0e425410a5135da7f1ff63e0f415d90569e3acbe1681357ae616ea54ff5
/kaggle/input/datasets/alicjalena/pv-panel-defect-dataset/train/Snow-Covered/Snow (64).jpg,train,Snow-Covered,Snow (64).jpg,.jpg,156.6650390625,True,,800,600,1.3333333333333333,86.65399932861328,88a8072dc974c80da83788c81313cb07e3394da4a23ba988ec1d21dd51470585
/kaggle/input/datasets/alicjalena/pv-panel-defect-dataset/train/Snow-Covered/Snow (65).jpg,train,Snow-Covered,Snow (65).jpg,.jpg,7.7900390625,True,,306,165,1.8545454545454545,178.02059936523438,54d219a8b487f17588087a617e55cf6997254b2024a157c7e15135c7b9f5f49b
/kaggle/input/datasets/alicjalena/pv-panel-defect-dataset/train/Snow-Covered/Snow (66).jpg,train,Snow-Covered,Snow (66).jpg,.jpg,10.8056640625,True,,300,168,1.7857142857142858,176.3622283935547,1dece0c48e9dbc46ec78c30d0d94434d31ca62bc3940a537e3e6ca0590e5529f
/kaggle/input/datasets/alicjalena/pv-panel-defect-dataset/train/Snow-Covered/Snow (67).jpg,train,Snow-Covered,Snow (67).jpg,.jpg,12.65625,True,,318,159,2.0,135.5658721923828,e492a0b09dcabb166bb0d9466c53d25bb255e5df2e30e046bc27dc4a1b807148
/kaggle/input/datasets/alicjalena/pv-panel-defect-dataset/train/Snow-Covered/Snow (68).jpg,train,Snow-Covered,Snow (68).jpg,.jpg,8.4013671875,True,,263,192,1.3697916666666667,152.29747009277344,9f6b9885a76bde281d37a1aa1b501b7c299c126d00544e21bb73a28fbcdf7722
/kaggle/input/datasets/alicjalena/pv-panel-defect-dataset/train/Snow-Covered/Snow (70).jpg,train,Snow-Covered,Snow (70).jpg,.jpg,8.2744140625,True,,275,183,1.5027322404371584,184.39874267578125,200ad8331514ab25cc6d87b296b0f2c0bae870d66a21f7642036ee815fc21f48
/kaggle/input/datasets/alicjalena/pv-panel-defect-dataset/train/Snow-Covered/Snow (72).jpg,train,Snow-Covered,Snow (72).jpg,.jpg,1698.3154296875,True,,2261,1507,1.5003317850033178,169.9715118408203,a6f42b0cb8d82b8a3e258e18fe7c210e01831e3ced06d723b1b0f7c873eac9a2
/kaggle/input/datasets/alicjalena/pv-panel-defect-dataset/train/Snow-Covered/Snow (73).jpg,train,Snow-Covered,Snow (73).jpg,.jpg,63.693359375,True,,600,380,1.5789473684210527,156.19473266601562,2ac5294f0d1db03c23a5d1befe0dbf2cb92e4c8e0f2c8b55233dc7900d0c7377
/kaggle/input/datasets/alicjalena/pv-panel-defect-dataset/train/Snow-Covered/Snow (74).jpg,train,Snow-Covered,Snow (74).jpg,.jpg,66.94140625,True,,588,748,0.786096256684492,110.9136734008789,6641c2ccaf6e6d248ee010543e5bb04d2cb2cfdf8bfb2e34b36a73db29b435cd
/kaggle/input/datasets/alicjalena/pv-panel-defect-dataset/train/Snow-Covered/Snow (77).jpg,train,Snow-Covered,Snow (77).jpg,.jpg,24.9091796875,True,,474,237,2.0,157.7527313232422,e5b67e82a1ccd0028ff2a357cba0bc30862cf00aadaded5409ba7d322ba6ac41
/kaggle/input/datasets/alicjalena/pv-panel-defect-dataset/train/Snow-Covered/Snow (78).jpg,train,Snow-Covered,Snow (78).jpg,.jpg,49.6376953125,True,,800,600,1.3333333333333333,152.8978729248047,3b55dd11d5af64330d2174e20f18f73ec5283188467361f0fd29466e5629bc2c
/kaggle/input/datasets/alicjalena/pv-panel-defect-dataset/train/Snow-Covered/Snow (8).jpg,train,Snow-Covered,Snow (8).jpg,.jpg,90.5361328125,True,,882,663,1.330316742081448,142.4208984375,b0f7152426b676c9d7426c5d9a13f7097ba0c46ae4ff41fdd52d12f85fdbbbd4
/kaggle/input/datasets/alicjalena/pv-panel-defect-dataset/train/Snow-Covered/Snow (82).jpg,train,Snow-Covered,Snow (82).jpg,.jpg,38.404296875,True,,650,366,1.7759562841530054,137.03219604492188,78f4693b7caf3437376586cc4ab8928298fccaf97357f3e0e21bfb31454dd4b9
/kaggle/input/datasets/alicjalena/pv-panel-defect-dataset/train/Snow-Covered/Snow (83).jpg,train,Snow-Covered,Snow (83).jpg,.jpg,54.7138671875,True,,600,400,1.5,163.40354919433594,f17a9c1d06a83626e8440a06e96d59139a6798a89acd0c47dc56ecad77283a66
/kaggle/input/datasets/alicjalena/pv-panel-defect-dataset/train/Snow-Covered/Snow (86).jpg,train,Snow-Covered,Snow (86).jpg,.jpg,26.4921875,True,,474,266,1.781954887218045,77.33000946044922,e4c67b74565051080c5e9b9751eaee91053eea6e3600fc982b86758bf1514762
/kaggle/input/datasets/alicjalena/pv-panel-defect-dataset/train/Snow-Covered/Snow (87).jpg,train,Snow-Covered,Snow (87).jpg,.jpg,195.6533203125,True,,960,500,1.92,110.15116119384766,d2dc0ff90c621b9db01e1044958547b20c1bee0f5d2e43672bd358eb150e813d
/kaggle/input/datasets/alicjalena/pv-panel-defect-dataset/train/Snow-Covered/Snow (88).jpg,train,Snow-Covered,Snow (88).jpg,.jpg,80.224609375,True,,523,392,1.3341836734693877,146.15367126464844,912655f8b7ae65ab9c35913e2f6e1496525918d5f6242d0148ead96d1325fcfd
/kaggle/input/datasets/alicjalena/pv-panel-defect-dataset/train/Snow-Covered/Snow (89).jpg,train,Snow-Covered,Snow (89).jpg,.jpg,51.5302734375,True,,744,387,1.9224806201550388,111.54722595214844,4530a6ad09ad7e88d06e645d6903a490e1a9766c8106dc8c2822255b67e02579
/kaggle/input/datasets/alicjalena/pv-panel-defect-dataset/train/Snow-Covered/Snow (9).jpg,train,Snow-Covered,Snow (9).jpg,.jpg,405.2880859375,True,,1400,400,3.5,123.20235443115234,de32c48c884b790357d39ff6e0f9a55f9bef888f5ab6194e2125667ceb61b349
/kaggle/input/datasets/alicjalena/pv-panel-defect-dataset/train/Snow-Covered/Snow (90).jpg,train,Snow-Covered,Snow (90).jpg,.jpg,81.25,True,,1024,768,1.3333333333333333,130.506591796875,89f27c33375fd9656b7118e3934a9af21a965dc7f3ce45d9c8162691d53692de
/kaggle/input/datasets/alicjalena/pv-panel-defect-dataset/train/Snow-Covered/Snow (91).jpg,train,Snow-Covered,Snow (91).jpg,.jpg,35.396484375,True,,356,200,1.78,125.46083068847656,e18b8382f554941a6e126b7df5fddc0939fa0bb58ad0c41327e5bb0a1c832018
/kaggle/input/datasets/alicjalena/pv-panel-defect-dataset/train/Snow-Covered/Snow (92).jpg,train,Snow-Covered,Snow (92).jpg,.jpg,439.0439453125,True,,1280,960,1.3333333333333333,105.41737365722656,7bd6f0b1ff2042108befa35d22885ee808297ce8cf0e1dc01775bf6d8a10d0f3
/kaggle/input/datasets/alicjalena/pv-panel-defect-dataset/train/Snow-Covered/Snow (96).jpg,train,Snow-Covered,Snow (96).jpg,.jpg,37.57421875,True,,374,458,0.8165938864628821,121.99273681640625,73349c2a68064ba2e678b5b064af0f7f9dbe0f4afc86e0ca902fa133f57188ca
/kaggle/input/datasets/alicjalena/pv-panel-defect-dataset/train/Snow-Covered/Snow (97).jpg,train,Snow-Covered,Snow (97).jpg,.jpg,73.45703125,True,,800,600,1.3333333333333333,137.00515747070312,9a0b024b91cb835d7d6f26f3929e817432dba83fdfd29519aa14d6d4e62ba99b
/kaggle/input/datasets/alicjalena/pv-panel-defect-dataset/train/Snow-Covered/Snow (99).jpg,train,Snow-Covered,Snow (99).jpg,.jpg,31.8818359375,True,,701,324,2.1635802469135803,192.93521118164062,9d49f90c99b2047dbfab37a81359882d3668325838f5186ce20277eb95e60d72
/kaggle/input/datasets/alicjalena/pv-panel-defect-dataset/val/Snow-Covered/Snow (105).jpg,val,Snow-Covered,Snow (105).jpg,.jpg,7.0048828125,True,,299,168,1.7797619047619047,184.21824645996094,293ebb5845bd9940466e795807d8d0189907ef6439594b4f6794adf21853d1c8
/kaggle/input/datasets/alicjalena/pv-panel-defect-dataset/val/Snow-Covered/Snow (110).jpg,val,Snow-Covered,Snow (110).jpg,.jpg,136.859375,True,,800,600,1.3333333333333333,146.17501831054688,4f8b89d0b444894744d9547e5b35779381c53f70df8b30ea239368782b3cf7d3
/kaggle/input/datasets/alicjalena/pv-panel-defect-dataset/val/Snow-Covered/Snow (112).jpg,val,Snow-Covered,Snow (112).jpg,.jpg,108.1943359375,True,,640,426,1.5023474178403755,114.78369903564453,de42bc59922236ef84f739cb92521df030f6a95691c9419acb95478068b2fd9d
/kaggle/input/datasets/alicjalena/pv-panel-defect-dataset/val/Snow-Covered/Snow (117).jpg,val,Snow-Covered,Snow (117).jpg,.jpg,80.25,True,,757,525,1.4419047619047618,147.6678009033203,8831141c361a815c464d91e49a9164456f531ec6fa995aeb47719553386e162b
/kaggle/input/datasets/alicjalena/pv-panel-defect-dataset/val/Snow-Covered/Snow (135).jpg,val,Snow-Covered,Snow (135).jpg,.jpg,33.1689453125,True,,620,349,1.7765042979942693,100.5438003540039,9d9cc5d1cdb123a1263599a63e28cd1adfb9a05bfcd21f3b7bb51959009a5459
/kaggle/input/datasets/alicjalena/pv-panel-defect-dataset/val/Snow-Covered/Snow (139).jpg,val,Snow-Covered,Snow (139).jpg,.jpg,8.1123046875,True,,299,168,1.7797619047619047,154.46510314941406,8c9a8dc34613c36e3675c86b9eab9a53e740f3acd8e12c8efcfac4f3d0479b1a
/kaggle/input/datasets/alicjalena/pv-panel-defect-dataset/val/Snow-Covered/Snow (143).jpg,val,Snow-Covered,Snow (143).jpg,.jpg,7.509765625,True,,277,182,1.521978021978022,201.1999969482422,7174eb3881369788e6663353b8defd5778ee6ba2f869017debce6bb742772afa
/kaggle/input/datasets/alicjalena/pv-panel-defect-dataset/val/Snow-Covered/Snow (15).jpg,val,Snow-Covered,Snow (15).jpg,.jpg,9.611328125,True,,275,183,1.5027322404371584,147.8640594482422,f19df0d9f64112f8175e5dbbd9b06ff6a048f45c9fe1d34d8ca3200f51d1f5fe
/kaggle/input/datasets/alicjalena/pv-panel-defect-dataset/val/Snow-Covered/Snow (152).jpg,val,Snow-Covered,Snow (152).jpg,.jpg,6.6455078125,True,,300,168,1.7857142857142858,141.9942169189453,da7583fccc6e0b4bb29a68723618516fca9d732459a72525d35b86795676f6ed
/kaggle/input/datasets/alicjalena/pv-panel-defect-dataset/val/Snow-Covered/Snow (172).jpg,val,Snow-Covered,Snow (172).jpg,.jpg,16.92578125,True,,227,300,0.7566666666666667,160.60421752929688,3790187991f8ff06d0f6cf313c8d82d4fffcdcf2adc415c06097899c4d81f563
/kaggle/input/datasets/alicjalena/pv-panel-defect-dataset/val/Snow-Covered/Snow (54).jpg,val,Snow-Covered,Snow (54).jpg,.jpg,6.24609375,True,,275,183,1.5027322404371584,157.86123657226562,354ef86372ee16cd9c899fef591c8b56f3e1bdf7d26c29400454e36019bb0b4b
/kaggle/input/datasets/alicjalena/pv-panel-defect-dataset/val/Snow-Covered/Snow (6).jpg,val,Snow-Covered,Snow (6).jpg,.jpg,224.4912109375,True,,2048,1373,1.4916241806263657,150.88902282714844,46f4cd0cd94dba8dd14f51f1625c5c22938cd2b67213ef1fcc881f643363df1a
/kaggle/input/datasets/alicjalena/pv-panel-defect-dataset/val/Snow-Covered/Snow (60).jpg,val,Snow-Covered,Snow (60).jpg,.jpg,11.6513671875,True,,299,168,1.7797619047619047,135.28016662597656,7635ca2b7f4ab44eda6f717e0d108aaec48ef05facaf9d0bcf46b5dd44073b12
/kaggle/input/datasets/alicjalena/pv-panel-defect-dataset/val/Snow-Covered/Snow (93).jpg,val,Snow-Covered,Snow (93).jpg,.jpg,7.572265625,True,,275,183,1.5027322404371584,172.1990509033203,f48486ecd1600785db7c82ebbf2e39602cefb58fa4e9df44d8b0633bdd2d5d7d
