path,source_split,label,filename,suffix
/kaggle/input/datasets/alicjalena/pv-panel-defect-dataset/train/Bird-drop/Bird (204).JPG,train,Bird-drop,Bird (204).JPG,.jpg
/kaggle/input/datasets/alicjalena/pv-panel-defect-dataset/train/Bird-drop/Bird (18).jpg,train,Bird-drop,Bird (18).jpg,.jpg
/kaggle/input/datasets/alicjalena/pv-panel-defect-dataset/train/Bird-drop/Bird (38).jpg,train,Bird-drop,Bird (38).jpg,.jpg
/kaggle/input/datasets/alicjalena/pv-panel-defect-dataset/train/Bird-drop/Bird (195).jpg,train,Bird-drop,Bird (195).jpg,.jpg
/kaggle/input/datasets/alicjalena/pv-panel-defect-dataset/train/Bird-drop/Bird (182).jpg,train,Bird-drop,Bird (182).jpg,.jpg
/kaggle/input/datasets/alicjalena/pv-panel-defect-dataset/train/Bird-drop/Bird (210).JPG,train,Bird-drop,Bird (210).JPG,.jpg
/kaggle/input/datasets/alicjalena/pv-panel-defect-dataset/train/Bird-drop/Bird (173).jpg,train,Bird-drop,Bird (173).jpg,.jpg
/kaggle/input/datasets/alicjalena/pv-panel-defect-dataset/train/Bird-drop/Bird (29).jpg,train,Bird-drop,Bird (29).jpg,.jpg
/kaggle/input/datasets/alicjalena/pv-panel-defect-dataset/train/Bird-drop/Bird (55).jpg,train,Bird-drop,Bird (55).jpg,.jpg
/kaggle/input/datasets/alicjalena/pv-panel-defect-dataset/train/Bird-drop/Bird (149).jpg,train,Bird-drop,Bird (149).jpg,.jpg
/kaggle/input/datasets/alicjalena/pv-panel-defect-dataset/train/Bird-drop/Bird (101).jpg,train,Bird-drop,Bird (101).jpg,.jpg
/kaggle/input/datasets/alicjalena/pv-panel-defect-dataset/train/Bird-drop/Bird (163).jpg,train,Bird-drop,Bird (163).jpg,.jpg
/kaggle/input/datasets/alicjalena/pv-panel-defect-dataset/train/Bird-drop/Bird (82).jpg,train,Bird-drop,Bird (82).jpg,.jpg
/kaggle/input/datasets/alicjalena/pv-panel-defect-dataset/train/Bird-drop/Bird (115).jpg,train,Bird-drop,Bird (115).jpg,.jpg
/kaggle/input/datasets/alicjalena/pv-panel-defect-dataset/train/Bird-drop/Bird (213).JPG,train,Bird-drop,Bird (213).JPG,.jpg
/kaggle/input/datasets/alicjalena/pv-panel-defect-dataset/train/Bird-drop/Bird (8).jpg,train,Bird-drop,Bird (8).jpg,.jpg
/kaggle/input/datasets/alicjalena/pv-panel-defect-dataset/train/Bird-drop/Bird (53).jpg,train,Bird-drop,Bird (53).jpg,.jpg
/kaggle/input/datasets/alicjalena/pv-panel-defect-dataset/train/Bird-drop/Bird (137).JPG,train,Bird-drop,Bird (137).JPG,.jpg
/kaggle/input/datasets/alicjalena/pv-panel-defect-dataset/train/Bird-drop/Bird (41).jpg,train,Bird-drop,Bird (41).jpg,.jpg
/kaggle/input/datasets/alicjalena/pv-panel-defect-dataset/train/Bird-drop/Bird (181).jpg,train,Bird-drop,Bird (181).jpg,.jpg
/kaggle/input/datasets/alicjalena/pv-panel-defect-dataset/train/Bird-drop/Bird (199).JPG,train,Bird-drop,Bird (199).JPG,.jpg
/kaggle/input/datasets/alicjalena/pv-panel-defect-dataset/train/Bird-drop/Bird (95).jpg,train,Bird-drop,Bird (95).jpg,.jpg
/kaggle/input/datasets/alicjalena/pv-panel-defect-dataset/train/Bird-drop/Bird (136).JPG,train,Bird-drop,Bird (136).JPG,.jpg
/kaggle/input/datasets/alicjalena/pv-panel-defect-dataset/train/Bird-drop/Bird (78).jpg,train,Bird-drop,Bird (78).jpg,.jpg
/kaggle/input/datasets/alicjalena/pv-panel-defect-dataset/train/Bird-drop/Bird (189).jpg,train,Bird-drop,Bird (189).jpg,.jpg
/kaggle/input/datasets/alicjalena/pv-panel-defect-dataset/train/Bird-drop/Bird (77).jpg,train,Bird-drop,Bird (77).jpg,.jpg
/kaggle/input/datasets/alicjalena/pv-panel-defect-dataset/train/Bird-drop/Bird (62).jpg,train,Bird-drop,Bird (62).jpg,.jpg
/kaggle/input/datasets/alicjalena/pv-panel-defect-dataset/train/Bird-drop/Bird (37).jpg,train,Bird-drop,Bird (37).jpg,.jpg
/kaggle/input/datasets/alicjalena/pv-panel-defect-dataset/train/Bird-drop/Bird (99).jpg,train,Bird-drop,Bird (99).jpg,.jpg
/kaggle/input/datasets/alicjalena/pv-panel-defect-dataset/train/Bird-drop/Bird (198).JPG,train,Bird-drop,Bird (198).JPG,.jpg
/kaggle/input/datasets/alicjalena/pv-panel-defect-dataset/train/Bird-drop/Bird (36).jpg,train,Bird-drop,Bird (36).jpg,.jpg
/kaggle/input/datasets/alicjalena/pv-panel-defect-dataset/train/Bird-drop/Bird (83).jpg,train,Bird-drop,Bird (83).jpg,.jpg
/kaggle/input/datasets/alicjalena/pv-panel-defect-dataset/train/Bird-drop/Bird (147).jpg,train,Bird-drop,Bird (147).jpg,.jpg
/kaggle/input/datasets/alicjalena/pv-panel-defect-dataset/train/Bird-drop/Bird (184).jpg,train,Bird-drop,Bird (184).jpg,.jpg
/kaggle/input/datasets/alicjalena/pv-panel-defect-dataset/train/Bird-drop/Bird (144).jpg,train,Bird-drop,Bird (144).jpg,.jpg
/kaggle/input/datasets/alicjalena/pv-panel-defect-dataset/train/Bird-drop/Bird (93).jpg,train,Bird-drop,Bird (93).jpg,.jpg
/kaggle/input/datasets/alicjalena/pv-panel-defect-dataset/train/Bird-drop/Bird (46).jpg,train,Bird-drop,Bird (46).jpg,.jpg
/kaggle/input/datasets/alicjalena/pv-panel-defect-dataset/train/Bird-drop/Bird (10).jpg,train,Bird-drop,Bird (10).jpg,.jpg
/kaggle/input/datasets/alicjalena/pv-panel-defect-dataset/train/Bird-drop/Bird (161).jpg,train,Bird-drop,Bird (161).jpg,.jpg
/kaggle/input/datasets/alicjalena/pv-panel-defect-dataset/train/Bird-drop/Bird (92).jpg,train,Bird-drop,Bird (92).jpg,.jpg
/kaggle/input/datasets/alicjalena/pv-panel-defect-dataset/train/Bird-drop/Bird (141).jpg,train,Bird-drop,Bird (141).jpg,.jpg
/kaggle/input/datasets/alicjalena/pv-panel-defect-dataset/train/Bird-drop/Bird (6).jpg,train,Bird-drop,Bird (6).jpg,.jpg
/kaggle/input/datasets/alicjalena/pv-panel-defect-dataset/train/Bird-drop/Bird (140).jpg,train,Bird-drop,Bird (140).jpg,.jpg
/kaggle/input/datasets/alicjalena/pv-panel-defect-dataset/train/Bird-drop/Bird (88).jpg,train,Bird-drop,Bird (88).jpg,.jpg
/kaggle/input/datasets/alicjalena/pv-panel-defect-dataset/train/Bird-drop/Bird (75).jpg,train,Bird-drop,Bird (75).jpg,.jpg
/kaggle/input/datasets/alicjalena/pv-panel-defect-dataset/train/Bird-drop/Bird (108).jpg,train,Bird-drop,Bird (108).jpg,.jpg
/kaggle/input/datasets/alicjalena/pv-panel-defect-dataset/train/Bird-drop/Bird (71).jpg,train,Bird-drop,Bird (71).jpg,.jpg
/kaggle/input/datasets/alicjalena/pv-panel-defect-dataset/train/Bird-drop/Bird (25).jpg,train,Bird-drop,Bird (25).jpg,.jpg
/kaggle/input/datasets/alicjalena/pv-panel-defect-dataset/train/Bird-drop/Bird (170).JPG,train,Bird-drop,Bird (170).JPG,.jpg
/kaggle/input/datasets/alicjalena/pv-panel-defect-dataset/train/Bird-drop/Bird (135).jpg,train,Bird-drop,Bird (135).jpg,.jpg
/kaggle/input/datasets/alicjalena/pv-panel-defect-dataset/train/Bird-drop/Bird (150).jpg,train,Bird-drop,Bird (150).jpg,.jpg
/kaggle/input/datasets/alicjalena/pv-panel-defect-dataset/train/Bird-drop/Bird (59).jpg,train,Bird-drop,Bird (59).jpg,.jpg
/kaggle/input/datasets/alicjalena/pv-panel-defect-dataset/train/Bird-drop/Bird (81).jpg,train,Bird-drop,Bird (81).jpg,.jpg
/kaggle/input/datasets/alicjalena/pv-panel-defect-dataset/train/Bird-drop/Bird (131).jpg,train,Bird-drop,Bird (131).jpg,.jpg
/kaggle/input/datasets/alicjalena/pv-panel-defect-dataset/train/Bird-drop/Bird (70).jpg,train,Bird-drop,Bird (70).jpg,.jpg
/kaggle/input/datasets/alicjalena/pv-panel-defect-dataset/train/Bird-drop/Bird (104).jpg,train,Bird-drop,Bird (104).jpg,.jpg
/kaggle/input/datasets/alicjalena/pv-panel-defect-dataset/train/Bird-drop/Bird (2).JPG,train,Bird-drop,Bird (2).JPG,.jpg
/kaggle/input/datasets/alicjalena/pv-panel-defect-dataset/train/Bird-drop/Bird (212).JPG,train,Bird-drop,Bird (212).JPG,.jpg
/kaggle/input/datasets/alicjalena/pv-panel-defect-dataset/train/Bird-drop/Bird (56).jpg,train,Bird-drop,Bird (56).jpg,.jpg
/kaggle/input/datasets/alicjalena/pv-panel-defect-dataset/train/Bird-drop/Bird (17).jpg,train,Bird-drop,Bird (17).jpg,.jpg
/kaggle/input/datasets/alicjalena/pv-panel-defect-dataset/train/Bird-drop/Bird (30).jpg,train,Bird-drop,Bird (30).jpg,.jpg
/kaggle/input/datasets/alicjalena/pv-panel-defect-dataset/train/Bird-drop/Bird (63).jpg,train,Bird-drop,Bird (63).jpg,.jpg
/kaggle/input/datasets/alicjalena/pv-panel-defect-dataset/train/Bird-drop/Bird (97).jpg,train,Bird-drop,Bird (97).jpg,.jpg
/kaggle/input/datasets/alicjalena/pv-panel-defect-dataset/train/Bird-drop/Bird (23).JPG,train,Bird-drop,Bird (23).JPG,.jpg
/kaggle/input/datasets/alicjalena/pv-panel-defect-dataset/train/Bird-drop/Bird (206).JPG,train,Bird-drop,Bird (206).JPG,.jpg
/kaggle/input/datasets/alicjalena/pv-panel-defect-dataset/train/Bird-drop/Bird (159).jpg,train,Bird-drop,Bird (159).jpg,.jpg
/kaggle/input/datasets/alicjalena/pv-panel-defect-dataset/train/Bird-drop/Bird (116).jpg,train,Bird-drop,Bird (116).jpg,.jpg
/kaggle/input/datasets/alicjalena/pv-panel-defect-dataset/train/Bird-drop/Bird (197).jpg,train,Bird-drop,Bird (197).jpg,.jpg
/kaggle/input/datasets/alicjalena/pv-panel-defect-dataset/train/Bird-drop/Bird (89).jpg,train,Bird-drop,Bird (89).jpg,.jpg
/kaggle/input/datasets/alicjalena/pv-panel-defect-dataset/train/Bird-drop/Bird (138).JPG,train,Bird-drop,Bird (138).JPG,.jpg
/kaggle/input/datasets/alicjalena/pv-panel-defect-dataset/train/Bird-drop/Bird (148).jpg,train,Bird-drop,Bird (148).jpg,.jpg
/kaggle/input/datasets/alicjalena/pv-panel-defect-dataset/train/Bird-drop/Bird (107).jpg,train,Bird-drop,Bird (107).jpg,.jpg
/kaggle/input/datasets/alicjalena/pv-panel-defect-dataset/train/Bird-drop/Bird (21).jpg,train,Bird-drop,Bird (21).jpg,.jpg
/kaggle/input/datasets/alicjalena/pv-panel-defect-dataset/train/Bird-drop/Bird (68).jpg,train,Bird-drop,Bird (68).jpg,.jpg
/kaggle/input/datasets/alicjalena/pv-panel-defect-dataset/train/Bird-drop/Bird (91).jpg,train,Bird-drop,Bird (91).jpg,.jpg
/kaggle/input/datasets/alicjalena/pv-panel-defect-dataset/train/Bird-drop/Bird (31).JPG,train,Bird-drop,Bird (31).JPG,.jpg
/kaggle/input/datasets/alicjalena/pv-panel-defect-dataset/train/Bird-drop/Bird (177).jpg,train,Bird-drop,Bird (177).jpg,.jpg
/kaggle/input/datasets/alicjalena/pv-panel-defect-dataset/train/Bird-drop/Bird (208).JPG,train,Bird-drop,Bird (208).JPG,.jpg
/kaggle/input/datasets/alicjalena/pv-panel-defect-dataset/train/Bird-drop/Bird (183).jpg,train,Bird-drop,Bird (183).jpg,.jpg
/kaggle/input/datasets/alicjalena/pv-panel-defect-dataset/train/Bird-drop/Bird (125).jpg,train,Bird-drop,Bird (125).jpg,.jpg
/kaggle/input/datasets/alicjalena/pv-panel-defect-dataset/train/Bird-drop/Bird (129).jpg,train,Bird-drop,Bird (129).jpg,.jpg
/kaggle/input/datasets/alicjalena/pv-panel-defect-dataset/train/Bird-drop/Bird (209).JPG,train,Bird-drop,Bird (209).JPG,.jpg
/kaggle/input/datasets/alicjalena/pv-panel-defect-dataset/train/Bird-drop/Bird (112).jpg,train,Bird-drop,Bird (112).jpg,.jpg
/kaggle/input/datasets/alicjalena/pv-panel-defect-dataset/train/Bird-drop/Bird (52).jpg,train,Bird-drop,Bird (52).jpg,.jpg
/kaggle/input/datasets/alicjalena/pv-panel-defect-dataset/train/Bird-drop/Bird (51).jpg,train,Bird-drop,Bird (51).jpg,.jpg
/kaggle/input/datasets/alicjalena/pv-panel-defect-dataset/train/Bird-drop/Bird (143).jpg,train,Bird-drop,Bird (143).jpg,.jpg
/kaggle/input/datasets/alicjalena/pv-panel-defect-dataset/train/Bird-drop/Bird (196).jpg,train,Bird-drop,Bird (196).jpg,.jpg
/kaggle/input/datasets/alicjalena/pv-panel-defect-dataset/train/Bird-drop/Bird (40).jpg,train,Bird-drop,Bird (40).jpg,.jpg
/kaggle/input/datasets/alicjalena/pv-panel-defect-dataset/train/Bird-drop/Bird (119).jpg,train,Bird-drop,Bird (119).jpg,.jpg
/kaggle/input/datasets/alicjalena/pv-panel-defect-dataset/train/Bird-drop/Bird (134).JPG,train,Bird-drop,Bird (134).JPG,.jpg
/kaggle/input/datasets/alicjalena/pv-panel-defect-dataset/train/Bird-drop/Bird (96).jpg,train,Bird-drop,Bird (96).jpg,.jpg
/kaggle/input/datasets/alicjalena/pv-panel-defect-dataset/train/Bird-drop/Bird (171).JPG,train,Bird-drop,Bird (171).JPG,.jpg
/kaggle/input/datasets/alicjalena/pv-panel-defect-dataset/train/Bird-drop/Bird (127).jpg,train,Bird-drop,Bird (127).jpg,.jpg
/kaggle/input/datasets/alicjalena/pv-panel-defect-dataset/train/Bird-drop/Bird (103).jpg,train,Bird-drop,Bird (103).jpg,.jpg
/kaggle/input/datasets/alicjalena/pv-panel-defect-dataset/train/Bird-drop/Bird (64).jpg,train,Bird-drop,Bird (64).jpg,.jpg
/kaggle/input/datasets/alicjalena/pv-panel-defect-dataset/train/Bird-drop/Bird (188).jpg,train,Bird-drop,Bird (188).jpg,.jpg
/kaggle/input/datasets/alicjalena/pv-panel-defect-dataset/train/Bird-drop/Bird (117).jpg,train,Bird-drop,Bird (117).jpg,.jpg
/kaggle/input/datasets/alicjalena/pv-panel-defect-dataset/train/Bird-drop/Bird (69).JPG,train,Bird-drop,Bird (69).JPG,.jpg
/kaggle/input/datasets/alicjalena/pv-panel-defect-dataset/train/Bird-drop/Bird (164).jpg,train,Bird-drop,Bird (164).jpg,.jpg
/kaggle/input/datasets/alicjalena/pv-panel-defect-dataset/train/Bird-drop/Bird (22).jpg,train,Bird-drop,Bird (22).jpg,.jpg
/kaggle/input/datasets/alicjalena/pv-panel-defect-dataset/train/Bird-drop/Bird (15).JPG,train,Bird-drop,Bird (15).JPG,.jpg
/kaggle/input/datasets/alicjalena/pv-panel-defect-dataset/train/Bird-drop/Bird (190).jpg,train,Bird-drop,Bird (190).jpg,.jpg
/kaggle/input/datasets/alicjalena/pv-panel-defect-dataset/train/Bird-drop/Bird (162).jpg,train,Bird-drop,Bird (162).jpg,.jpg
/kaggle/input/datasets/alicjalena/pv-panel-defect-dataset/train/Bird-drop/Bird (80).jpg,train,Bird-drop,Bird (80).jpg,.jpg
/kaggle/input/datasets/alicjalena/pv-panel-defect-dataset/train/Bird-drop/Bird (192).jpg,train,Bird-drop,Bird (192).jpg,.jpg
/kaggle/input/datasets/alicjalena/pv-panel-defect-dataset/train/Bird-drop/Bird (85).jpg,train,Bird-drop,Bird (85).jpg,.jpg
/kaggle/input/datasets/alicjalena/pv-panel-defect-dataset/train/Bird-drop/Bird (84).jpg,train,Bird-drop,Bird (84).jpg,.jpg
/kaggle/input/datasets/alicjalena/pv-panel-defect-dataset/train/Bird-drop/Bird (193).jpg,train,Bird-drop,Bird (193).jpg,.jpg
/kaggle/input/datasets/alicjalena/pv-panel-defect-dataset/train/Bird-drop/Bird (205).JPG,train,Bird-drop,Bird (205).JPG,.jpg
/kaggle/input/datasets/alicjalena/pv-panel-defect-dataset/train/Bird-drop/Bird (207).JPG,train,Bird-drop,Bird (207).JPG,.jpg
/kaggle/input/datasets/alicjalena/pv-panel-defect-dataset/train/Bird-drop/Bird (110).jpg,train,Bird-drop,Bird (110).jpg,.jpg
/kaggle/input/datasets/alicjalena/pv-panel-defect-dataset/train/Bird-drop/Bird (169).jpg,train,Bird-drop,Bird (169).jpg,.jpg
/kaggle/input/datasets/alicjalena/pv-panel-defect-dataset/train/Bird-drop/Bird (123).jpg,train,Bird-drop,Bird (123).jpg,.jpg
/kaggle/input/datasets/alicjalena/pv-panel-defect-dataset/train/Bird-drop/Bird (9).jpg,train,Bird-drop,Bird (9).jpg,.jpg
/kaggle/input/datasets/alicjalena/pv-panel-defect-dataset/train/Bird-drop/Bird (5).jpg,train,Bird-drop,Bird (5).jpg,.jpg
/kaggle/input/datasets/alicjalena/pv-panel-defect-dataset/train/Bird-drop/Bird (120).jpg,train,Bird-drop,Bird (120).jpg,.jpg
/kaggle/input/datasets/alicjalena/pv-panel-defect-dataset/train/Bird-drop/Bird (124).jpg,train,Bird-drop,Bird (124).jpg,.jpg
/kaggle/input/datasets/alicjalena/pv-panel-defect-dataset/train/Bird-drop/Bird (3).jpg,train,Bird-drop,Bird (3).jpg,.jpg
/kaggle/input/datasets/alicjalena/pv-panel-defect-dataset/train/Bird-drop/Bird (178).jpg,train,Bird-drop,Bird (178).jpg,.jpg
/kaggle/input/datasets/alicjalena/pv-panel-defect-dataset/train/Bird-drop/Bird (34).jpg,train,Bird-drop,Bird (34).jpg,.jpg
/kaggle/input/datasets/alicjalena/pv-panel-defect-dataset/train/Bird-drop/Bird (132).jpg,train,Bird-drop,Bird (132).jpg,.jpg
/kaggle/input/datasets/alicjalena/pv-panel-defect-dataset/train/Bird-drop/Bird (175).jpg,train,Bird-drop,Bird (175).jpg,.jpg
/kaggle/input/datasets/alicjalena/pv-panel-defect-dataset/train/Bird-drop/Bird (166).jpg,train,Bird-drop,Bird (166).jpg,.jpg
/kaggle/input/datasets/alicjalena/pv-panel-defect-dataset/train/Bird-drop/Bird (187).jpg,train,Bird-drop,Bird (187).jpg,.jpg
/kaggle/input/datasets/alicjalena/pv-panel-defect-dataset/train/Bird-drop/Bird (76).jpg,train,Bird-drop,Bird (76).jpg,.jpg
/kaggle/input/datasets/alicjalena/pv-panel-defect-dataset/train/Bird-drop/Bird (27).JPG,train,Bird-drop,Bird (27).JPG,.jpg
/kaggle/input/datasets/alicjalena/pv-panel-defect-dataset/train/Bird-drop/Bird (160).jpg,train,Bird-drop,Bird (160).jpg,.jpg
/kaggle/input/datasets/alicjalena/pv-panel-defect-dataset/train/Bird-drop/Bird (176).jpg,train,Bird-drop,Bird (176).jpg,.jpg
/kaggle/input/datasets/alicjalena/pv-panel-defect-dataset/train/Bird-drop/Bird (33).jpg,train,Bird-drop,Bird (33).jpg,.jpg
/kaggle/input/datasets/alicjalena/pv-panel-defect-dataset/train/Bird-drop/Bird (60).jpg,train,Bird-drop,Bird (60).jpg,.jpg
/kaggle/input/datasets/alicjalena/pv-panel-defect-dataset/train/Bird-drop/Bird (118).jpg,train,Bird-drop,Bird (118).jpg,.jpg
/kaggle/input/datasets/alicjalena/pv-panel-defect-dataset/train/Bird-drop/Bird (35).jpg,train,Bird-drop,Bird (35).jpg,.jpg
/kaggle/input/datasets/alicjalena/pv-panel-defect-dataset/train/Bird-drop/Bird (168).jpg,train,Bird-drop,Bird (168).jpg,.jpg
/kaggle/input/datasets/alicjalena/pv-panel-defect-dataset/train/Bird-drop/Bird (42).jpg,train,Bird-drop,Bird (42).jpg,.jpg
/kaggle/input/datasets/alicjalena/pv-panel-defect-dataset/train/Bird-drop/Bird (66).jpg,train,Bird-drop,Bird (66).jpg,.jpg
/kaggle/input/datasets/alicjalena/pv-panel-defect-dataset/train/Bird-drop/Bird (114).jpg,train,Bird-drop,Bird (114).jpg,.jpg
/kaggle/input/datasets/alicjalena/pv-panel-defect-dataset/train/Bird-drop/Bird (3).jpeg,train,Bird-drop,Bird (3).jpeg,.jpeg
/kaggle/input/datasets/alicjalena/pv-panel-defect-dataset/train/Bird-drop/Bird (20).jpg,train,Bird-drop,Bird (20).jpg,.jpg
/kaggle/input/datasets/alicjalena/pv-panel-defect-dataset/train/Bird-drop/Bird (172).jpg,train,Bird-drop,Bird (172).jpg,.jpg
/kaggle/input/datasets/alicjalena/pv-panel-defect-dataset/train/Bird-drop/Bird (200).JPG,train,Bird-drop,Bird (200).JPG,.jpg
/kaggle/input/datasets/alicjalena/pv-panel-defect-dataset/train/Bird-drop/Bird (105).jpg,train,Bird-drop,Bird (105).jpg,.jpg
/kaggle/input/datasets/alicjalena/pv-panel-defect-dataset/train/Bird-drop/Bird (72).jpg,train,Bird-drop,Bird (72).jpg,.jpg
/kaggle/input/datasets/alicjalena/pv-panel-defect-dataset/train/Bird-drop/Bird (87).jpg,train,Bird-drop,Bird (87).jpg,.jpg
/kaggle/input/datasets/alicjalena/pv-panel-defect-dataset/train/Bird-drop/Bird (109).jpg,train,Bird-drop,Bird (109).jpg,.jpg
/kaggle/input/datasets/alicjalena/pv-panel-defect-dataset/train/Bird-drop/Bird (73).jpg,train,Bird-drop,Bird (73).jpg,.jpg
/kaggle/input/datasets/alicjalena/pv-panel-defect-dataset/train/Bird-drop/Bird (90).jpg,train,Bird-drop,Bird (90).jpg,.jpg
/kaggle/input/datasets/alicjalena/pv-panel-defect-dataset/train/Bird-drop/Bird (7).jpg,train,Bird-drop,Bird (7).jpg,.jpg
/kaggle/input/datasets/alicjalena/pv-panel-defect-dataset/train/Bird-drop/Bird (121).jpg,train,Bird-drop,Bird (121).jpg,.jpg
/kaggle/input/datasets/alicjalena/pv-panel-defect-dataset/train/Bird-drop/Bird (86).jpg,train,Bird-drop,Bird (86).jpg,.jpg
/kaggle/input/datasets/alicjalena/pv-panel-defect-dataset/train/Bird-drop/Bird (128).jpg,train,Bird-drop,Bird (128).jpg,.jpg
/kaggle/input/datasets/alicjalena/pv-panel-defect-dataset/train/Bird-drop/Bird (202).JPG,train,Bird-drop,Bird (202).JPG,.jpg
/kaggle/input/datasets/alicjalena/pv-panel-defect-dataset/train/Bird-drop/Bird (98).jpg,train,Bird-drop,Bird (98).jpg,.jpg
/kaggle/input/datasets/alicjalena/pv-panel-defect-dataset/train/Bird-drop/Bird (186).jpg,train,Bird-drop,Bird (186).jpg,.jpg
/kaggle/input/datasets/alicjalena/pv-panel-defect-dataset/train/Bird-drop/Bird (16).JPG,train,Bird-drop,Bird (16).JPG,.jpg
/kaggle/input/datasets/alicjalena/pv-panel-defect-dataset/train/Bird-drop/Bird (67).jpg,train,Bird-drop,Bird (67).jpg,.jpg
/kaggle/input/datasets/alicjalena/pv-panel-defect-dataset/train/Bird-drop/Bird (130).jpg,train,Bird-drop,Bird (130).jpg,.jpg
/kaggle/input/datasets/alicjalena/pv-panel-defect-dataset/train/Bird-drop/Bird (24).JPG,train,Bird-drop,Bird (24).JPG,.jpg
/kaggle/input/datasets/alicjalena/pv-panel-defect-dataset/train/Bird-drop/Bird (185).jpg,train,Bird-drop,Bird (185).jpg,.jpg
/kaggle/input/datasets/alicjalena/pv-panel-defect-dataset/train/Bird-drop/Bird (180).jpg,train,Bird-drop,Bird (180).jpg,.jpg
/kaggle/input/datasets/alicjalena/pv-panel-defect-dataset/train/Bird-drop/Bird (126).jpg,train,Bird-drop,Bird (126).jpg,.jpg
/kaggle/input/datasets/alicjalena/pv-panel-defect-dataset/train/Bird-drop/Bird (113).jpg,train,Bird-drop,Bird (113).jpg,.jpg
/kaggle/input/datasets/alicjalena/pv-panel-defect-dataset/train/Bird-drop/Bird (214).JPG,train,Bird-drop,Bird (214).JPG,.jpg
/kaggle/input/datasets/alicjalena/pv-panel-defect-dataset/train/Bird-drop/Bird (39).jpg,train,Bird-drop,Bird (39).jpg,.jpg
/kaggle/input/datasets/alicjalena/pv-panel-defect-dataset/train/Bird-drop/Bird (48).jpg,train,Bird-drop,Bird (48).jpg,.jpg
/kaggle/input/datasets/alicjalena/pv-panel-defect-dataset/train/Bird-drop/Bird (61).jpg,train,Bird-drop,Bird (61).jpg,.jpg
/kaggle/input/datasets/alicjalena/pv-panel-defect-dataset/train/Bird-drop/Bird (4).jpg,train,Bird-drop,Bird (4).jpg,.jpg
/kaggle/input/datasets/alicjalena/pv-panel-defect-dataset/train/Bird-drop/Bird (179).JPG,train,Bird-drop,Bird (179).JPG,.jpg
/kaggle/input/datasets/alicjalena/pv-panel-defect-dataset/train/Bird-drop/Bird (203).JPG,train,Bird-drop,Bird (203).JPG,.jpg
/kaggle/input/datasets/alicjalena/pv-panel-defect-dataset/train/Bird-drop/Bird (45).jpg,train,Bird-drop,Bird (45).jpg,.jpg
/kaggle/input/datasets/alicjalena/pv-panel-defect-dataset/train/Bird-drop/Bird (111).jpg,train,Bird-drop,Bird (111).jpg,.jpg
/kaggle/input/datasets/alicjalena/pv-panel-defect-dataset/train/Bird-drop/Bird (11).jpg,train,Bird-drop,Bird (11).jpg,.jpg
/kaggle/input/datasets/alicjalena/pv-panel-defect-dataset/train/Bird-drop/Bird (94).jpg,train,Bird-drop,Bird (94).jpg,.jpg
/kaggle/input/datasets/alicjalena/pv-panel-defect-dataset/train/Bird-drop/Bird (47).jpg,train,Bird-drop,Bird (47).jpg,.jpg
/kaggle/input/datasets/alicjalena/pv-panel-defect-dataset/train/Bird-drop/Bird (1).jpeg,train,Bird-drop,Bird (1).jpeg,.jpeg
/kaggle/input/datasets/alicjalena/pv-panel-defect-dataset/train/Bird-drop/Bird (19).jpg,train,Bird-drop,Bird (19).jpg,.jpg
/kaggle/input/datasets/alicjalena/pv-panel-defect-dataset/train/Bird-drop/Bird (28).jpg,train,Bird-drop,Bird (28).jpg,.jpg
/kaggle/input/datasets/alicjalena/pv-panel-defect-dataset/train/Bird-drop/Bird (44).jpg,train,Bird-drop,Bird (44).jpg,.jpg
/kaggle/input/datasets/alicjalena/pv-panel-defect-dataset/train/Clean/Clean (166).jpg,train,Clean,Clean (166).jpg,.jpg
/kaggle/input/datasets/alicjalena/pv-panel-defect-dataset/train/Clean/Clean (109).jpg,train,Clean,Clean (109).jpg,.jpg
/kaggle/input/datasets/alicjalena/pv-panel-defect-dataset/train/Clean/Clean (171).jpg,train,Clean,Clean (171).jpg,.jpg
/kaggle/input/datasets/alicjalena/pv-panel-defect-dataset/train/Clean/Clean (123).jpg,train,Clean,Clean (123).jpg,.jpg
/kaggle/input/datasets/alicjalena/pv-panel-defect-dataset/train/Clean/Clean (9).jpg,train,Clean,Clean (9).jpg,.jpg
/kaggle/input/datasets/alicjalena/pv-panel-defect-dataset/train/Clean/Clean (10).JPG,train,Clean,Clean (10).JPG,.jpg
/kaggle/input/datasets/alicjalena/pv-panel-defect-dataset/train/Clean/Clean (87).jpg,train,Clean,Clean (87).jpg,.jpg
/kaggle/input/datasets/alicjalena/pv-panel-defect-dataset/train/Clean/Clean (60).jpg,train,Clean,Clean (60).jpg,.jpg
/kaggle/input/datasets/alicjalena/pv-panel-defect-dataset/train/Clean/Clean (164).jpg,train,Clean,Clean (164).jpg,.jpg
/kaggle/input/datasets/alicjalena/pv-panel-defect-dataset/train/Clean/Clean (105).jpg,train,Clean,Clean (105).jpg,.jpg
/kaggle/input/datasets/alicjalena/pv-panel-defect-dataset/train/Clean/Clean (137).jpg,train,Clean,Clean (137).jpg,.jpg
/kaggle/input/datasets/alicjalena/pv-panel-defect-dataset/train/Clean/Clean (159).jpg,train,Clean,Clean (159).jpg,.jpg
/kaggle/input/datasets/alicjalena/pv-panel-defect-dataset/train/Clean/Clean (113).jpg,train,Clean,Clean (113).jpg,.jpg
/kaggle/input/datasets/alicjalena/pv-panel-defect-dataset/train/Clean/Clean (91).jpg,train,Clean,Clean (91).jpg,.jpg
/kaggle/input/datasets/alicjalena/pv-panel-defect-dataset/train/Clean/Clean (48).jpg,train,Clean,Clean (48).jpg,.jpg
/kaggle/input/datasets/alicjalena/pv-panel-defect-dataset/train/Clean/Clean (89).jpg,train,Clean,Clean (89).jpg,.jpg
/kaggle/input/datasets/alicjalena/pv-panel-defect-dataset/train/Clean/Clean (173).jpg,train,Clean,Clean (173).jpg,.jpg
/kaggle/input/datasets/alicjalena/pv-panel-defect-dataset/train/Clean/Clean (71).jpg,train,Clean,Clean (71).jpg,.jpg
/kaggle/input/datasets/alicjalena/pv-panel-defect-dataset/train/Clean/Clean (175).jpg,train,Clean,Clean (175).jpg,.jpg
/kaggle/input/datasets/alicjalena/pv-panel-defect-dataset/train/Clean/Clean (165).jpg,train,Clean,Clean (165).jpg,.jpg
/kaggle/input/datasets/alicjalena/pv-panel-defect-dataset/train/Clean/Clean (83).jpg,train,Clean,Clean (83).jpg,.jpg
/kaggle/input/datasets/alicjalena/pv-panel-defect-dataset/train/Clean/Clean (160).jpg,train,Clean,Clean (160).jpg,.jpg
/kaggle/input/datasets/alicjalena/pv-panel-defect-dataset/train/Clean/Clean (138).jpg,train,Clean,Clean (138).jpg,.jpg
/kaggle/input/datasets/alicjalena/pv-panel-defect-dataset/train/Clean/Clean (188).jpg,train,Clean,Clean (188).jpg,.jpg
/kaggle/input/datasets/alicjalena/pv-panel-defect-dataset/train/Clean/Clean (41).jpg,train,Clean,Clean (41).jpg,.jpg
/kaggle/input/datasets/alicjalena/pv-panel-defect-dataset/train/Clean/Clean (149).jpg,train,Clean,Clean (149).jpg,.jpg
/kaggle/input/datasets/alicjalena/pv-panel-defect-dataset/train/Clean/Clean (58).jpg,train,Clean,Clean (58).jpg,.jpg
/kaggle/input/datasets/alicjalena/pv-panel-defect-dataset/train/Clean/Clean (94).jpg,train,Clean,Clean (94).jpg,.jpg
/kaggle/input/datasets/alicjalena/pv-panel-defect-dataset/train/Clean/Clean (112).jpg,train,Clean,Clean (112).jpg,.jpg
/kaggle/input/datasets/alicjalena/pv-panel-defect-dataset/train/Clean/Clean (118).jpg,train,Clean,Clean (118).jpg,.jpg
/kaggle/input/datasets/alicjalena/pv-panel-defect-dataset/train/Clean/Clean (86).jpg,train,Clean,Clean (86).jpg,.jpg
/kaggle/input/datasets/alicjalena/pv-panel-defect-dataset/train/Clean/Clean (181).jpg,train,Clean,Clean (181).jpg,.jpg
/kaggle/input/datasets/alicjalena/pv-panel-defect-dataset/train/Clean/Clean (169).jpg,train,Clean,Clean (169).jpg,.jpg
/kaggle/input/datasets/alicjalena/pv-panel-defect-dataset/train/Clean/Clean (13).jpg,train,Clean,Clean (13).jpg,.jpg
/kaggle/input/datasets/alicjalena/pv-panel-defect-dataset/train/Clean/Clean (125).jpg,train,Clean,Clean (125).jpg,.jpg
/kaggle/input/datasets/alicjalena/pv-panel-defect-dataset/train/Clean/Clean (102).jpg,train,Clean,Clean (102).jpg,.jpg
/kaggle/input/datasets/alicjalena/pv-panel-defect-dataset/train/Clean/Clean (70).jpg,train,Clean,Clean (70).jpg,.jpg
/kaggle/input/datasets/alicjalena/pv-panel-defect-dataset/train/Clean/Clean (148).jpg,train,Clean,Clean (148).jpg,.jpg
/kaggle/input/datasets/alicjalena/pv-panel-defect-dataset/train/Clean/Clean (107).jpg,train,Clean,Clean (107).jpg,.jpg
/kaggle/input/datasets/alicjalena/pv-panel-defect-dataset/train/Clean/Clean (183).jpg,train,Clean,Clean (183).jpg,.jpg
/kaggle/input/datasets/alicjalena/pv-panel-defect-dataset/train/Clean/Clean (131).jpg,train,Clean,Clean (131).jpg,.jpg
/kaggle/input/datasets/alicjalena/pv-panel-defect-dataset/train/Clean/Clean (177).jpg,train,Clean,Clean (177).jpg,.jpg
/kaggle/input/datasets/alicjalena/pv-panel-defect-dataset/train/Clean/Clean (11).jpg,train,Clean,Clean (11).jpg,.jpg
/kaggle/input/datasets/alicjalena/pv-panel-defect-dataset/train/Clean/Clean (156).jpg,train,Clean,Clean (156).jpg,.jpg
/kaggle/input/datasets/alicjalena/pv-panel-defect-dataset/train/Clean/Clean (158).jpg,train,Clean,Clean (158).jpg,.jpg
/kaggle/input/datasets/alicjalena/pv-panel-defect-dataset/train/Clean/Clean (140).JPG,train,Clean,Clean (140).JPG,.jpg
/kaggle/input/datasets/alicjalena/pv-panel-defect-dataset/train/Clean/Clean (5).jpg,train,Clean,Clean (5).jpg,.jpg
/kaggle/input/datasets/alicjalena/pv-panel-defect-dataset/train/Clean/Clean (132).jpg,train,Clean,Clean (132).jpg,.jpg
/kaggle/input/datasets/alicjalena/pv-panel-defect-dataset/train/Clean/Clean (51).jpg,train,Clean,Clean (51).jpg,.jpg
/kaggle/input/datasets/alicjalena/pv-panel-defect-dataset/train/Clean/Clean (17).jpg,train,Clean,Clean (17).jpg,.jpg
/kaggle/input/datasets/alicjalena/pv-panel-defect-dataset/train/Clean/Clean (38).jpg,train,Clean,Clean (38).jpg,.jpg
/kaggle/input/datasets/alicjalena/pv-panel-defect-dataset/train/Clean/Clean (153).jpg,train,Clean,Clean (153).jpg,.jpg
/kaggle/input/datasets/alicjalena/pv-panel-defect-dataset/train/Clean/Clean (81).jpg,train,Clean,Clean (81).jpg,.jpg
/kaggle/input/datasets/alicjalena/pv-panel-defect-dataset/train/Clean/Clean (56).jpg,train,Clean,Clean (56).jpg,.jpg
/kaggle/input/datasets/alicjalena/pv-panel-defect-dataset/train/Clean/Clean (14).jpg,train,Clean,Clean (14).jpg,.jpg
/kaggle/input/datasets/alicjalena/pv-panel-defect-dataset/train/Clean/Clean (61).jpg,train,Clean,Clean (61).jpg,.jpg
/kaggle/input/datasets/alicjalena/pv-panel-defect-dataset/train/Clean/Clean (45).jpg,train,Clean,Clean (45).jpg,.jpg
/kaggle/input/datasets/alicjalena/pv-panel-defect-dataset/train/Clean/Clean (18).jpg,train,Clean,Clean (18).jpg,.jpg
/kaggle/input/datasets/alicjalena/pv-panel-defect-dataset/train/Clean/Clean (134).jpg,train,Clean,Clean (134).jpg,.jpg
/kaggle/input/datasets/alicjalena/pv-panel-defect-dataset/train/Clean/Clean (130).jpg,train,Clean,Clean (130).jpg,.jpg
/kaggle/input/datasets/alicjalena/pv-panel-defect-dataset/train/Clean/Clean (120).jpg,train,Clean,Clean (120).jpg,.jpg
/kaggle/input/datasets/alicjalena/pv-panel-defect-dataset/train/Clean/Clean (1).jpeg,train,Clean,Clean (1).jpeg,.jpeg
/kaggle/input/datasets/alicjalena/pv-panel-defect-dataset/train/Clean/Clean (185).jpg,train,Clean,Clean (185).jpg,.jpg
/kaggle/input/datasets/alicjalena/pv-panel-defect-dataset/train/Clean/Clean (54).jpg,train,Clean,Clean (54).jpg,.jpg
/kaggle/input/datasets/alicjalena/pv-panel-defect-dataset/train/Clean/Clean (115).jpg,train,Clean,Clean (115).jpg,.jpg
/kaggle/input/datasets/alicjalena/pv-panel-defect-dataset/train/Clean/Clean (12).jpg,train,Clean,Clean (12).jpg,.jpg
/kaggle/input/datasets/alicjalena/pv-panel-defect-dataset/train/Clean/Clean (28).jpg,train,Clean,Clean (28).jpg,.jpg
/kaggle/input/datasets/alicjalena/pv-panel-defect-dataset/train/Clean/Clean (93).jpg,train,Clean,Clean (93).jpg,.jpg
/kaggle/input/datasets/alicjalena/pv-panel-defect-dataset/train/Clean/Clean (190).jpg,train,Clean,Clean (190).jpg,.jpg
/kaggle/input/datasets/alicjalena/pv-panel-defect-dataset/train/Clean/Clean (50).jpg,train,Clean,Clean (50).jpg,.jpg
/kaggle/input/datasets/alicjalena/pv-panel-defect-dataset/train/Clean/Clean (75).jpg,train,Clean,Clean (75).jpg,.jpg
/kaggle/input/datasets/alicjalena/pv-panel-defect-dataset/train/Clean/Clean (85).jpg,train,Clean,Clean (85).jpg,.jpg
/kaggle/input/datasets/alicjalena/pv-panel-defect-dataset/train/Clean/Clean (29).jpg,train,Clean,Clean (29).jpg,.jpg
/kaggle/input/datasets/alicjalena/pv-panel-defect-dataset/train/Clean/Clean (144).jpg,train,Clean,Clean (144).jpg,.jpg
/kaggle/input/datasets/alicjalena/pv-panel-defect-dataset/train/Clean/Clean (65).jpg,train,Clean,Clean (65).jpg,.jpg
/kaggle/input/datasets/alicjalena/pv-panel-defect-dataset/train/Clean/Clean (111).jpg,train,Clean,Clean (111).jpg,.jpg
/kaggle/input/datasets/alicjalena/pv-panel-defect-dataset/train/Clean/Clean (21).jpg,train,Clean,Clean (21).jpg,.jpg
/kaggle/input/datasets/alicjalena/pv-panel-defect-dataset/train/Clean/Clean (136).JPG,train,Clean,Clean (136).JPG,.jpg
/kaggle/input/datasets/alicjalena/pv-panel-defect-dataset/train/Clean/Clean (135).JPG,train,Clean,Clean (135).JPG,.jpg
/kaggle/input/datasets/alicjalena/pv-panel-defect-dataset/train/Clean/Clean (139).JPG,train,Clean,Clean (139).JPG,.jpg
/kaggle/input/datasets/alicjalena/pv-panel-defect-dataset/train/Clean/Clean (151).jpg,train,Clean,Clean (151).jpg,.jpg
/kaggle/input/datasets/alicjalena/pv-panel-defect-dataset/train/Clean/Clean (154).jpg,train,Clean,Clean (154).jpg,.jpg
/kaggle/input/datasets/alicjalena/pv-panel-defect-dataset/train/Clean/Clean (184).jpg,train,Clean,Clean (184).jpg,.jpg
/kaggle/input/datasets/alicjalena/pv-panel-defect-dataset/train/Clean/Clean (106).jpg,train,Clean,Clean (106).jpg,.jpg
/kaggle/input/datasets/alicjalena/pv-panel-defect-dataset/train/Clean/Clean (147).jpg,train,Clean,Clean (147).jpg,.jpg
/kaggle/input/datasets/alicjalena/pv-panel-defect-dataset/train/Clean/Clean (77).jpg,train,Clean,Clean (77).jpg,.jpg
/kaggle/input/datasets/alicjalena/pv-panel-defect-dataset/train/Clean/Clean (63).jpg,train,Clean,Clean (63).jpg,.jpg
/kaggle/input/datasets/alicjalena/pv-panel-defect-dataset/train/Clean/Clean (121).jpg,train,Clean,Clean (121).jpg,.jpg
/kaggle/input/datasets/alicjalena/pv-panel-defect-dataset/train/Clean/Clean (78).jpg,train,Clean,Clean (78).jpg,.jpg
/kaggle/input/datasets/alicjalena/pv-panel-defect-dataset/train/Clean/Clean (108).jpg,train,Clean,Clean (108).jpg,.jpg
/kaggle/input/datasets/alicjalena/pv-panel-defect-dataset/train/Clean/Clean (129).jpg,train,Clean,Clean (129).jpg,.jpg
/kaggle/input/datasets/alicjalena/pv-panel-defect-dataset/train/Clean/Clean (98).jpg,train,Clean,Clean (98).jpg,.jpg
/kaggle/input/datasets/alicjalena/pv-panel-defect-dataset/train/Clean/Clean (104).jpg,train,Clean,Clean (104).jpg,.jpg
/kaggle/input/datasets/alicjalena/pv-panel-defect-dataset/train/Clean/Clean (187).jpg,train,Clean,Clean (187).jpg,.jpg
/kaggle/input/datasets/alicjalena/pv-panel-defect-dataset/train/Clean/Clean (15).JPG,train,Clean,Clean (15).JPG,.jpg
/kaggle/input/datasets/alicjalena/pv-panel-defect-dataset/train/Clean/Clean (99).jpg,train,Clean,Clean (99).jpg,.jpg
/kaggle/input/datasets/alicjalena/pv-panel-defect-dataset/train/Clean/Clean (157).jpg,train,Clean,Clean (157).jpg,.jpg
/kaggle/input/datasets/alicjalena/pv-panel-defect-dataset/train/Clean/Clean (103).jpg,train,Clean,Clean (103).jpg,.jpg
/kaggle/input/datasets/alicjalena/pv-panel-defect-dataset/train/Clean/Clean (146).jpg,train,Clean,Clean (146).jpg,.jpg
/kaggle/input/datasets/alicjalena/pv-panel-defect-dataset/train/Clean/Clean (192).jpg,train,Clean,Clean (192).jpg,.jpg
/kaggle/input/datasets/alicjalena/pv-panel-defect-dataset/train/Clean/Clean (101).jpg,train,Clean,Clean (101).jpg,.jpg
/kaggle/input/datasets/alicjalena/pv-panel-defect-dataset/train/Clean/Clean (97).jpg,train,Clean,Clean (97).jpg,.jpg
/kaggle/input/datasets/alicjalena/pv-panel-defect-dataset/train/Clean/Clean (168).jpg,train,Clean,Clean (168).jpg,.jpg
/kaggle/input/datasets/alicjalena/pv-panel-defect-dataset/train/Clean/Clean (24).jpg,train,Clean,Clean (24).jpg,.jpg
/kaggle/input/datasets/alicjalena/pv-panel-defect-dataset/train/Clean/Clean (39).jpg,train,Clean,Clean (39).jpg,.jpg
/kaggle/input/datasets/alicjalena/pv-panel-defect-dataset/train/Clean/Clean (110).jpg,train,Clean,Clean (110).jpg,.jpg
/kaggle/input/datasets/alicjalena/pv-panel-defect-dataset/train/Clean/Clean (176).jpg,train,Clean,Clean (176).jpg,.jpg
/kaggle/input/datasets/alicjalena/pv-panel-defect-dataset/train/Clean/Clean (2).jpg,train,Clean,Clean (2).jpg,.jpg
/kaggle/input/datasets/alicjalena/pv-panel-defect-dataset/train/Clean/Clean (100).jpg,train,Clean,Clean (100).jpg,.jpg
/kaggle/input/datasets/alicjalena/pv-panel-defect-dataset/train/Clean/Clean (64).jpg,train,Clean,Clean (64).jpg,.jpg
/kaggle/input/datasets/alicjalena/pv-panel-defect-dataset/train/Clean/Clean (37).jpg,train,Clean,Clean (37).jpg,.jpg
/kaggle/input/datasets/alicjalena/pv-panel-defect-dataset/train/Clean/Clean (193).png,train,Clean,Clean (193).png,.png
/kaggle/input/datasets/alicjalena/pv-panel-defect-dataset/train/Clean/Clean (20).jpg,train,Clean,Clean (20).jpg,.jpg
/kaggle/input/datasets/alicjalena/pv-panel-defect-dataset/train/Clean/Clean (42).jpg,train,Clean,Clean (42).jpg,.jpg
/kaggle/input/datasets/alicjalena/pv-panel-defect-dataset/train/Clean/Clean (46).jpg,train,Clean,Clean (46).jpg,.jpg
/kaggle/input/datasets/alicjalena/pv-panel-defect-dataset/train/Clean/Clean (145).jpg,train,Clean,Clean (145).jpg,.jpg
/kaggle/input/datasets/alicjalena/pv-panel-defect-dataset/train/Clean/Clean (189).jpg,train,Clean,Clean (189).jpg,.jpg
/kaggle/input/datasets/alicjalena/pv-panel-defect-dataset/train/Clean/Clean (25).jpg,train,Clean,Clean (25).jpg,.jpg
/kaggle/input/datasets/alicjalena/pv-panel-defect-dataset/train/Clean/Clean (180).jpg,train,Clean,Clean (180).jpg,.jpg
/kaggle/input/datasets/alicjalena/pv-panel-defect-dataset/train/Clean/Clean (57).jpg,train,Clean,Clean (57).jpg,.jpg
/kaggle/input/datasets/alicjalena/pv-panel-defect-dataset/train/Clean/Clean (163).jpg,train,Clean,Clean (163).jpg,.jpg
/kaggle/input/datasets/alicjalena/pv-panel-defect-dataset/train/Clean/Clean (119).jpg,train,Clean,Clean (119).jpg,.jpg
/kaggle/input/datasets/alicjalena/pv-panel-defect-dataset/train/Clean/Clean (69).jpg,train,Clean,Clean (69).jpg,.jpg
/kaggle/input/datasets/alicjalena/pv-panel-defect-dataset/train/Clean/Clean (4).jpg,train,Clean,Clean (4).jpg,.jpg
/kaggle/input/datasets/alicjalena/pv-panel-defect-dataset/train/Clean/Clean (74).jpg,train,Clean,Clean (74).jpg,.jpg
/kaggle/input/datasets/alicjalena/pv-panel-defect-dataset/train/Clean/Clean (186).jpg,train,Clean,Clean (186).jpg,.jpg
/kaggle/input/datasets/alicjalena/pv-panel-defect-dataset/train/Clean/Clean (133).jpg,train,Clean,Clean (133).jpg,.jpg
/kaggle/input/datasets/alicjalena/pv-panel-defect-dataset/train/Clean/Clean (16).JPG,train,Clean,Clean (16).JPG,.jpg
/kaggle/input/datasets/alicjalena/pv-panel-defect-dataset/train/Clean/Clean (143).jpg,train,Clean,Clean (143).jpg,.jpg
/kaggle/input/datasets/alicjalena/pv-panel-defect-dataset/train/Clean/Clean (116).jpg,train,Clean,Clean (116).jpg,.jpg
/kaggle/input/datasets/alicjalena/pv-panel-defect-dataset/train/Clean/Clean (43).jpg,train,Clean,Clean (43).jpg,.jpg
/kaggle/input/datasets/alicjalena/pv-panel-defect-dataset/train/Clean/Clean (72).jpg,train,Clean,Clean (72).jpg,.jpg
/kaggle/input/datasets/alicjalena/pv-panel-defect-dataset/train/Clean/Clean (90).jpg,train,Clean,Clean (90).jpg,.jpg
/kaggle/input/datasets/alicjalena/pv-panel-defect-dataset/train/Clean/Clean (3).jpg,train,Clean,Clean (3).jpg,.jpg
/kaggle/input/datasets/alicjalena/pv-panel-defect-dataset/train/Clean/Clean (6).jpg,train,Clean,Clean (6).jpg,.jpg
/kaggle/input/datasets/alicjalena/pv-panel-defect-dataset/train/Clean/Clean (35).jpg,train,Clean,Clean (35).jpg,.jpg
/kaggle/input/datasets/alicjalena/pv-panel-defect-dataset/train/Clean/Clean (36).jpg,train,Clean,Clean (36).jpg,.jpg
/kaggle/input/datasets/alicjalena/pv-panel-defect-dataset/train/Clean/Clean (124).jpg,train,Clean,Clean (124).jpg,.jpg
/kaggle/input/datasets/alicjalena/pv-panel-defect-dataset/train/Clean/Clean (67).jpg,train,Clean,Clean (67).jpg,.jpg
/kaggle/input/datasets/alicjalena/pv-panel-defect-dataset/train/Clean/Clean (49).jpg,train,Clean,Clean (49).jpg,.jpg
/kaggle/input/datasets/alicjalena/pv-panel-defect-dataset/train/Clean/Clean (155).jpg,train,Clean,Clean (155).jpg,.jpg
/kaggle/input/datasets/alicjalena/pv-panel-defect-dataset/train/Clean/Clean (22).jpg,train,Clean,Clean (22).jpg,.jpg
/kaggle/input/datasets/alicjalena/pv-panel-defect-dataset/train/Clean/Clean (128).jpg,train,Clean,Clean (128).jpg,.jpg
/kaggle/input/datasets/alicjalena/pv-panel-defect-dataset/train/Clean/Clean (182).jpg,train,Clean,Clean (182).jpg,.jpg
/kaggle/input/datasets/alicjalena/pv-panel-defect-dataset/train/Clean/Clean (167).jpg,train,Clean,Clean (167).jpg,.jpg
/kaggle/input/datasets/alicjalena/pv-panel-defect-dataset/train/Clean/Clean (53).jpg,train,Clean,Clean (53).jpg,.jpg
/kaggle/input/datasets/alicjalena/pv-panel-defect-dataset/train/Clean/Clean (88).jpg,train,Clean,Clean (88).jpg,.jpg
/kaggle/input/datasets/alicjalena/pv-panel-defect-dataset/train/Clean/Clean (174).jpg,train,Clean,Clean (174).jpg,.jpg
/kaggle/input/datasets/alicjalena/pv-panel-defect-dataset/train/Clean/Clean (8).jpg,train,Clean,Clean (8).jpg,.jpg
/kaggle/input/datasets/alicjalena/pv-panel-defect-dataset/train/Clean/Clean (19).jpg,train,Clean,Clean (19).jpg,.jpg
/kaggle/input/datasets/alicjalena/pv-panel-defect-dataset/train/Clean/Clean (31).jpg,train,Clean,Clean (31).jpg,.jpg
/kaggle/input/datasets/alicjalena/pv-panel-defect-dataset/train/Clean/Clean (150).jpg,train,Clean,Clean (150).jpg,.jpg
/kaggle/input/datasets/alicjalena/pv-panel-defect-dataset/train/Clean/Clean (82).jpg,train,Clean,Clean (82).jpg,.jpg
/kaggle/input/datasets/alicjalena/pv-panel-defect-dataset/train/Clean/Clean (161).jpg,train,Clean,Clean (161).jpg,.jpg
/kaggle/input/datasets/alicjalena/pv-panel-defect-dataset/train/Clean/Clean (59).jpg,train,Clean,Clean (59).jpg,.jpg
/kaggle/input/datasets/alicjalena/pv-panel-defect-dataset/train/Clean/Clean (47).jpg,train,Clean,Clean (47).jpg,.jpg
/kaggle/input/datasets/alicjalena/pv-panel-defect-dataset/train/Clean/Clean (79).jpg,train,Clean,Clean (79).jpg,.jpg
/kaggle/input/datasets/alicjalena/pv-panel-defect-dataset/train/Clean/Clean (52).jpg,train,Clean,Clean (52).jpg,.jpg
/kaggle/input/datasets/alicjalena/pv-panel-defect-dataset/train/Clean/Clean (44).jpg,train,Clean,Clean (44).jpg,.jpg
/kaggle/input/datasets/alicjalena/pv-panel-defect-dataset/train/Clean/Clean (32).jpg,train,Clean,Clean (32).jpg,.jpg
/kaggle/input/datasets/alicjalena/pv-panel-defect-dataset/train/Clean/Clean (23).jpg,train,Clean,Clean (23).jpg,.jpg
/kaggle/input/datasets/alicjalena/pv-panel-defect-dataset/train/Clean/Clean (96).jpg,train,Clean,Clean (96).jpg,.jpg
/kaggle/input/datasets/alicjalena/pv-panel-defect-dataset/train/Clean/Clean (127).jpg,train,Clean,Clean (127).jpg,.jpg
/kaggle/input/datasets/alicjalena/pv-panel-defect-dataset/train/Clean/Clean (62).jpg,train,Clean,Clean (62).jpg,.jpg
/kaggle/input/datasets/alicjalena/pv-panel-defect-dataset/train/Clean/Clean (40).jpg,train,Clean,Clean (40).jpg,.jpg
/kaggle/input/datasets/alicjalena/pv-panel-defect-dataset/train/Clean/Clean (7).jpg,train,Clean,Clean (7).jpg,.jpg
/kaggle/input/datasets/alicjalena/pv-panel-defect-dataset/train/Clean/Clean (55).jpg,train,Clean,Clean (55).jpg,.jpg
/kaggle/input/datasets/alicjalena/pv-panel-defect-dataset/train/Clean/Clean (162).jpg,train,Clean,Clean (162).jpg,.jpg
/kaggle/input/datasets/alicjalena/pv-panel-defect-dataset/train/Clean/Clean (172).jpg,train,Clean,Clean (172).jpg,.jpg
/kaggle/input/datasets/alicjalena/pv-panel-defect-dataset/train/Dusty/Dust (54).jpg,train,Dusty,Dust (54).jpg,.jpg
/kaggle/input/datasets/alicjalena/pv-panel-defect-dataset/train/Dusty/Dust (112).jpg,train,Dusty,Dust (112).jpg,.jpg
/kaggle/input/datasets/alicjalena/pv-panel-defect-dataset/train/Dusty/Dust (4).jpg,train,Dusty,Dust (4).jpg,.jpg
/kaggle/input/datasets/alicjalena/pv-panel-defect-dataset/train/Dusty/Dust (119).jpg,train,Dusty,Dust (119).jpg,.jpg
/kaggle/input/datasets/alicjalena/pv-panel-defect-dataset/train/Dusty/Dust (83).jpg,train,Dusty,Dust (83).jpg,.jpg
/kaggle/input/datasets/alicjalena/pv-panel-defect-dataset/train/Dusty/Dust (108).jpg,train,Dusty,Dust (108).jpg,.jpg
/kaggle/input/datasets/alicjalena/pv-panel-defect-dataset/train/Dusty/Dust (76).jpg,train,Dusty,Dust (76).jpg,.jpg
/kaggle/input/datasets/alicjalena/pv-panel-defect-dataset/train/Dusty/Dust (50).jpg,train,Dusty,Dust (50).jpg,.jpg
/kaggle/input/datasets/alicjalena/pv-panel-defect-dataset/train/Dusty/Dust (24).jpg,train,Dusty,Dust (24).jpg,.jpg
/kaggle/input/datasets/alicjalena/pv-panel-defect-dataset/train/Dusty/Dust (15).jpg,train,Dusty,Dust (15).jpg,.jpg
/kaggle/input/datasets/alicjalena/pv-panel-defect-dataset/train/Dusty/Dust (176).jpg,train,Dusty,Dust (176).jpg,.jpg
/kaggle/input/datasets/alicjalena/pv-panel-defect-dataset/train/Dusty/Dust (7).jpg,train,Dusty,Dust (7).jpg,.jpg
/kaggle/input/datasets/alicjalena/pv-panel-defect-dataset/train/Dusty/Dust (105).jpg,train,Dusty,Dust (105).jpg,.jpg
/kaggle/input/datasets/alicjalena/pv-panel-defect-dataset/train/Dusty/Dust (95).jpg,train,Dusty,Dust (95).jpg,.jpg
/kaggle/input/datasets/alicjalena/pv-panel-defect-dataset/train/Dusty/Dust (103).jpg,train,Dusty,Dust (103).jpg,.jpg
/kaggle/input/datasets/alicjalena/pv-panel-defect-dataset/train/Dusty/Dust (14).jpg,train,Dusty,Dust (14).jpg,.jpg
/kaggle/input/datasets/alicjalena/pv-panel-defect-dataset/train/Dusty/Dust (85).jpg,train,Dusty,Dust (85).jpg,.jpg
/kaggle/input/datasets/alicjalena/pv-panel-defect-dataset/train/Dusty/Dust (86).jpg,train,Dusty,Dust (86).jpg,.jpg
/kaggle/input/datasets/alicjalena/pv-panel-defect-dataset/train/Dusty/Dust (72).jpg,train,Dusty,Dust (72).jpg,.jpg
/kaggle/input/datasets/alicjalena/pv-panel-defect-dataset/train/Dusty/Dust (149).jpg,train,Dusty,Dust (149).jpg,.jpg
/kaggle/input/datasets/alicjalena/pv-panel-defect-dataset/train/Dusty/Dust (89).jpg,train,Dusty,Dust (89).jpg,.jpg
/kaggle/input/datasets/alicjalena/pv-panel-defect-dataset/train/Dusty/Dust (150).jpg,train,Dusty,Dust (150).jpg,.jpg
/kaggle/input/datasets/alicjalena/pv-panel-defect-dataset/train/Dusty/Dust (65).jpg,train,Dusty,Dust (65).jpg,.jpg
/kaggle/input/datasets/alicjalena/pv-panel-defect-dataset/train/Dusty/Dust (22).jpg,train,Dusty,Dust (22).jpg,.jpg
/kaggle/input/datasets/alicjalena/pv-panel-defect-dataset/train/Dusty/Dust (158).jpg,train,Dusty,Dust (158).jpg,.jpg
/kaggle/input/datasets/alicjalena/pv-panel-defect-dataset/train/Dusty/Dust (141).jpg,train,Dusty,Dust (141).jpg,.jpg
/kaggle/input/datasets/alicjalena/pv-panel-defect-dataset/train/Dusty/Dust (47).jpg,train,Dusty,Dust (47).jpg,.jpg
/kaggle/input/datasets/alicjalena/pv-panel-defect-dataset/train/Dusty/Dust (36).jpg,train,Dusty,Dust (36).jpg,.jpg
/kaggle/input/datasets/alicjalena/pv-panel-defect-dataset/train/Dusty/Dust (93).jpg,train,Dusty,Dust (93).jpg,.jpg
/kaggle/input/datasets/alicjalena/pv-panel-defect-dataset/train/Dusty/Dust (53).jpg,train,Dusty,Dust (53).jpg,.jpg
/kaggle/input/datasets/alicjalena/pv-panel-defect-dataset/train/Dusty/Dust (16).jpg,train,Dusty,Dust (16).jpg,.jpg
/kaggle/input/datasets/alicjalena/pv-panel-defect-dataset/train/Dusty/Dust (132).jpg,train,Dusty,Dust (132).jpg,.jpg
/kaggle/input/datasets/alicjalena/pv-panel-defect-dataset/train/Dusty/Dust (111).jpg,train,Dusty,Dust (111).jpg,.jpg
/kaggle/input/datasets/alicjalena/pv-panel-defect-dataset/train/Dusty/Dust (184).jpg,train,Dusty,Dust (184).jpg,.jpg
/kaggle/input/datasets/alicjalena/pv-panel-defect-dataset/train/Dusty/Dust (106).jpg,train,Dusty,Dust (106).jpg,.jpg
/kaggle/input/datasets/alicjalena/pv-panel-defect-dataset/train/Dusty/Dust (110).jpg,train,Dusty,Dust (110).jpg,.jpg
/kaggle/input/datasets/alicjalena/pv-panel-defect-dataset/train/Dusty/Dust (152).jpg,train,Dusty,Dust (152).jpg,.jpg
/kaggle/input/datasets/alicjalena/pv-panel-defect-dataset/train/Dusty/Dust (164).jpg,train,Dusty,Dust (164).jpg,.jpg
/kaggle/input/datasets/alicjalena/pv-panel-defect-dataset/train/Dusty/Dust (42).jpg,train,Dusty,Dust (42).jpg,.jpg
/kaggle/input/datasets/alicjalena/pv-panel-defect-dataset/train/Dusty/Dust (96).jpg,train,Dusty,Dust (96).jpg,.jpg
/kaggle/input/datasets/alicjalena/pv-panel-defect-dataset/train/Dusty/Dust (167).jpg,train,Dusty,Dust (167).jpg,.jpg
/kaggle/input/datasets/alicjalena/pv-panel-defect-dataset/train/Dusty/Dust (51).jpg,train,Dusty,Dust (51).jpg,.jpg
/kaggle/input/datasets/alicjalena/pv-panel-defect-dataset/train/Dusty/Dust (66).jpg,train,Dusty,Dust (66).jpg,.jpg
/kaggle/input/datasets/alicjalena/pv-panel-defect-dataset/train/Dusty/Dust (122).jpg,train,Dusty,Dust (122).jpg,.jpg
/kaggle/input/datasets/alicjalena/pv-panel-defect-dataset/train/Dusty/Dust (29).jpg,train,Dusty,Dust (29).jpg,.jpg
/kaggle/input/datasets/alicjalena/pv-panel-defect-dataset/train/Dusty/Dust (117).jpg,train,Dusty,Dust (117).jpg,.jpg
/kaggle/input/datasets/alicjalena/pv-panel-defect-dataset/train/Dusty/Dust (75).jpg,train,Dusty,Dust (75).jpg,.jpg
/kaggle/input/datasets/alicjalena/pv-panel-defect-dataset/train/Dusty/Dust (77).jpg,train,Dusty,Dust (77).jpg,.jpg
/kaggle/input/datasets/alicjalena/pv-panel-defect-dataset/train/Dusty/Dust (92).jpg,train,Dusty,Dust (92).jpg,.jpg
/kaggle/input/datasets/alicjalena/pv-panel-defect-dataset/train/Dusty/Dust (28).jpg,train,Dusty,Dust (28).jpg,.jpg
/kaggle/input/datasets/alicjalena/pv-panel-defect-dataset/train/Dusty/Dust (44).jpg,train,Dusty,Dust (44).jpg,.jpg
/kaggle/input/datasets/alicjalena/pv-panel-defect-dataset/train/Dusty/Dust (87).jpg,train,Dusty,Dust (87).jpg,.jpg
/kaggle/input/datasets/alicjalena/pv-panel-defect-dataset/train/Dusty/Dust (156).jpg,train,Dusty,Dust (156).jpg,.jpg
/kaggle/input/datasets/alicjalena/pv-panel-defect-dataset/train/Dusty/Dust (166).jpg,train,Dusty,Dust (166).jpg,.jpg
/kaggle/input/datasets/alicjalena/pv-panel-defect-dataset/train/Dusty/Dust (182).jpg,train,Dusty,Dust (182).jpg,.jpg
/kaggle/input/datasets/alicjalena/pv-panel-defect-dataset/train/Dusty/Dust (60).jpg,train,Dusty,Dust (60).jpg,.jpg
/kaggle/input/datasets/alicjalena/pv-panel-defect-dataset/train/Dusty/Dust (78).jpg,train,Dusty,Dust (78).jpg,.jpg
/kaggle/input/datasets/alicjalena/pv-panel-defect-dataset/train/Dusty/Dust (9).jpg,train,Dusty,Dust (9).jpg,.jpg
/kaggle/input/datasets/alicjalena/pv-panel-defect-dataset/train/Dusty/Dust (154).jpg,train,Dusty,Dust (154).jpg,.jpg
/kaggle/input/datasets/alicjalena/pv-panel-defect-dataset/train/Dusty/Dust (31).jpg,train,Dusty,Dust (31).jpg,.jpg
/kaggle/input/datasets/alicjalena/pv-panel-defect-dataset/train/Dusty/Dust (18).jpg,train,Dusty,Dust (18).jpg,.jpg
/kaggle/input/datasets/alicjalena/pv-panel-defect-dataset/train/Dusty/Dust (168).jpg,train,Dusty,Dust (168).jpg,.jpg
/kaggle/input/datasets/alicjalena/pv-panel-defect-dataset/train/Dusty/Dust (135).jpg,train,Dusty,Dust (135).jpg,.jpg
/kaggle/input/datasets/alicjalena/pv-panel-defect-dataset/train/Dusty/Dust (130).jpg,train,Dusty,Dust (130).jpg,.jpg
/kaggle/input/datasets/alicjalena/pv-panel-defect-dataset/train/Dusty/Dust (128).jpg,train,Dusty,Dust (128).jpg,.jpg
/kaggle/input/datasets/alicjalena/pv-panel-defect-dataset/train/Dusty/Dust (143).jpg,train,Dusty,Dust (143).jpg,.jpg
/kaggle/input/datasets/alicjalena/pv-panel-defect-dataset/train/Dusty/Dust (82).jpg,train,Dusty,Dust (82).jpg,.jpg
/kaggle/input/datasets/alicjalena/pv-panel-defect-dataset/train/Dusty/Dust (88).jpg,train,Dusty,Dust (88).jpg,.jpg
/kaggle/input/datasets/alicjalena/pv-panel-defect-dataset/train/Dusty/Dust (8).jpg,train,Dusty,Dust (8).jpg,.jpg
/kaggle/input/datasets/alicjalena/pv-panel-defect-dataset/train/Dusty/Dust (100).jpg,train,Dusty,Dust (100).jpg,.jpg
/kaggle/input/datasets/alicjalena/pv-panel-defect-dataset/train/Dusty/Dust (52).jpg,train,Dusty,Dust (52).jpg,.jpg
/kaggle/input/datasets/alicjalena/pv-panel-defect-dataset/train/Dusty/Dust (170).jpg,train,Dusty,Dust (170).jpg,.jpg
/kaggle/input/datasets/alicjalena/pv-panel-defect-dataset/train/Dusty/Dust (113).jpg,train,Dusty,Dust (113).jpg,.jpg
/kaggle/input/datasets/alicjalena/pv-panel-defect-dataset/train/Dusty/Dust (104).jpg,train,Dusty,Dust (104).jpg,.jpg
/kaggle/input/datasets/alicjalena/pv-panel-defect-dataset/train/Dusty/Dust (171).jpg,train,Dusty,Dust (171).jpg,.jpg
/kaggle/input/datasets/alicjalena/pv-panel-defect-dataset/train/Dusty/Dust (35).jpg,train,Dusty,Dust (35).jpg,.jpg
/kaggle/input/datasets/alicjalena/pv-panel-defect-dataset/train/Dusty/Dust (153).jpg,train,Dusty,Dust (153).jpg,.jpg
/kaggle/input/datasets/alicjalena/pv-panel-defect-dataset/train/Dusty/Dust (127).jpg,train,Dusty,Dust (127).jpg,.jpg
/kaggle/input/datasets/alicjalena/pv-panel-defect-dataset/train/Dusty/Dust (2).jpg,train,Dusty,Dust (2).jpg,.jpg
/kaggle/input/datasets/alicjalena/pv-panel-defect-dataset/train/Dusty/Dust (109).jpg,train,Dusty,Dust (109).jpg,.jpg
/kaggle/input/datasets/alicjalena/pv-panel-defect-dataset/train/Dusty/Dust (20).jpg,train,Dusty,Dust (20).jpg,.jpg
/kaggle/input/datasets/alicjalena/pv-panel-defect-dataset/train/Dusty/Dust (160).jpg,train,Dusty,Dust (160).jpg,.jpg
/kaggle/input/datasets/alicjalena/pv-panel-defect-dataset/train/Dusty/Dust (145).jpg,train,Dusty,Dust (145).jpg,.jpg
/kaggle/input/datasets/alicjalena/pv-panel-defect-dataset/train/Dusty/Dust (71).jpg,train,Dusty,Dust (71).jpg,.jpg
/kaggle/input/datasets/alicjalena/pv-panel-defect-dataset/train/Dusty/Dust (116).jpg,train,Dusty,Dust (116).jpg,.jpg
/kaggle/input/datasets/alicjalena/pv-panel-defect-dataset/train/Dusty/Dust (17).jpg,train,Dusty,Dust (17).jpg,.jpg
/kaggle/input/datasets/alicjalena/pv-panel-defect-dataset/train/Dusty/Dust (185).jpg,train,Dusty,Dust (185).jpg,.jpg
/kaggle/input/datasets/alicjalena/pv-panel-defect-dataset/train/Dusty/Dust (41).jpg,train,Dusty,Dust (41).jpg,.jpg
/kaggle/input/datasets/alicjalena/pv-panel-defect-dataset/train/Dusty/Dust (58).jpg,train,Dusty,Dust (58).jpg,.jpg
/kaggle/input/datasets/alicjalena/pv-panel-defect-dataset/train/Dusty/Dust (23).jpg,train,Dusty,Dust (23).jpg,.jpg
/kaggle/input/datasets/alicjalena/pv-panel-defect-dataset/train/Dusty/Dust (62).jpg,train,Dusty,Dust (62).jpg,.jpg
/kaggle/input/datasets/alicjalena/pv-panel-defect-dataset/train/Dusty/Dust (121).jpg,train,Dusty,Dust (121).jpg,.jpg
/kaggle/input/datasets/alicjalena/pv-panel-defect-dataset/train/Dusty/Dust (30).jpg,train,Dusty,Dust (30).jpg,.jpg
/kaggle/input/datasets/alicjalena/pv-panel-defect-dataset/train/Dusty/Dust (147).jpg,train,Dusty,Dust (147).jpg,.jpg
/kaggle/input/datasets/alicjalena/pv-panel-defect-dataset/train/Dusty/Dust (1).jpg,train,Dusty,Dust (1).jpg,.jpg
/kaggle/input/datasets/alicjalena/pv-panel-defect-dataset/train/Dusty/Dust (165).jpg,train,Dusty,Dust (165).jpg,.jpg
/kaggle/input/datasets/alicjalena/pv-panel-defect-dataset/train/Dusty/Dust (69).jpg,train,Dusty,Dust (69).jpg,.jpg
/kaggle/input/datasets/alicjalena/pv-panel-defect-dataset/train/Dusty/Dust (186).jpg,train,Dusty,Dust (186).jpg,.jpg
/kaggle/input/datasets/alicjalena/pv-panel-defect-dataset/train/Dusty/Dust (139).jpg,train,Dusty,Dust (139).jpg,.jpg
/kaggle/input/datasets/alicjalena/pv-panel-defect-dataset/train/Dusty/Dust (163).jpg,train,Dusty,Dust (163).jpg,.jpg
/kaggle/input/datasets/alicjalena/pv-panel-defect-dataset/train/Dusty/Dust (81).jpg,train,Dusty,Dust (81).jpg,.jpg
/kaggle/input/datasets/alicjalena/pv-panel-defect-dataset/train/Dusty/Dust (45).jpg,train,Dusty,Dust (45).jpg,.jpg
/kaggle/input/datasets/alicjalena/pv-panel-defect-dataset/train/Dusty/Dust (129).jpg,train,Dusty,Dust (129).jpg,.jpg
/kaggle/input/datasets/alicjalena/pv-panel-defect-dataset/train/Dusty/Dust (56).jpg,train,Dusty,Dust (56).jpg,.jpg
/kaggle/input/datasets/alicjalena/pv-panel-defect-dataset/train/Dusty/Dust (63).jpg,train,Dusty,Dust (63).jpg,.jpg
/kaggle/input/datasets/alicjalena/pv-panel-defect-dataset/train/Dusty/Dust (131).jpg,train,Dusty,Dust (131).jpg,.jpg
/kaggle/input/datasets/alicjalena/pv-panel-defect-dataset/train/Dusty/Dust (59).jpg,train,Dusty,Dust (59).jpg,.jpg
/kaggle/input/datasets/alicjalena/pv-panel-defect-dataset/train/Dusty/Dust (99).jpg,train,Dusty,Dust (99).jpg,.jpg
/kaggle/input/datasets/alicjalena/pv-panel-defect-dataset/train/Dusty/Dust (102).jpg,train,Dusty,Dust (102).jpg,.jpg
/kaggle/input/datasets/alicjalena/pv-panel-defect-dataset/train/Dusty/Dust (124).jpg,train,Dusty,Dust (124).jpg,.jpg
/kaggle/input/datasets/alicjalena/pv-panel-defect-dataset/train/Dusty/Dust (114).jpg,train,Dusty,Dust (114).jpg,.jpg
/kaggle/input/datasets/alicjalena/pv-panel-defect-dataset/train/Dusty/Dust (178).jpg,train,Dusty,Dust (178).jpg,.jpg
/kaggle/input/datasets/alicjalena/pv-panel-defect-dataset/train/Dusty/Dust (162).jpg,train,Dusty,Dust (162).jpg,.jpg
/kaggle/input/datasets/alicjalena/pv-panel-defect-dataset/train/Dusty/Dust (64).jpg,train,Dusty,Dust (64).jpg,.jpg
/kaggle/input/datasets/alicjalena/pv-panel-defect-dataset/train/Dusty/Dust (57).jpg,train,Dusty,Dust (57).jpg,.jpg
/kaggle/input/datasets/alicjalena/pv-panel-defect-dataset/train/Dusty/Dust (5).jpg,train,Dusty,Dust (5).jpg,.jpg
/kaggle/input/datasets/alicjalena/pv-panel-defect-dataset/train/Dusty/Dust (32).jpg,train,Dusty,Dust (32).jpg,.jpg
/kaggle/input/datasets/alicjalena/pv-panel-defect-dataset/train/Dusty/Dust (3).jpg,train,Dusty,Dust (3).jpg,.jpg
/kaggle/input/datasets/alicjalena/pv-panel-defect-dataset/train/Dusty/Dust (48).jpg,train,Dusty,Dust (48).jpg,.jpg
/kaggle/input/datasets/alicjalena/pv-panel-defect-dataset/train/Dusty/Dust (179).jpg,train,Dusty,Dust (179).jpg,.jpg
/kaggle/input/datasets/alicjalena/pv-panel-defect-dataset/train/Dusty/Dust (84).jpg,train,Dusty,Dust (84).jpg,.jpg
/kaggle/input/datasets/alicjalena/pv-panel-defect-dataset/train/Dusty/Dust (25).jpg,train,Dusty,Dust (25).jpg,.jpg
/kaggle/input/datasets/alicjalena/pv-panel-defect-dataset/train/Dusty/Dust (13).jpg,train,Dusty,Dust (13).jpg,.jpg
/kaggle/input/datasets/alicjalena/pv-panel-defect-dataset/train/Dusty/Dust (27).jpg,train,Dusty,Dust (27).jpg,.jpg
/kaggle/input/datasets/alicjalena/pv-panel-defect-dataset/train/Dusty/Dust (90).jpg,train,Dusty,Dust (90).jpg,.jpg
/kaggle/input/datasets/alicjalena/pv-panel-defect-dataset/train/Dusty/Dust (6).jpg,train,Dusty,Dust (6).jpg,.jpg
/kaggle/input/datasets/alicjalena/pv-panel-defect-dataset/train/Dusty/Dust (140).jpg,train,Dusty,Dust (140).jpg,.jpg
/kaggle/input/datasets/alicjalena/pv-panel-defect-dataset/train/Dusty/Dust (80).jpg,train,Dusty,Dust (80).jpg,.jpg
/kaggle/input/datasets/alicjalena/pv-panel-defect-dataset/train/Dusty/Dust (11).jpg,train,Dusty,Dust (11).jpg,.jpg
/kaggle/input/datasets/alicjalena/pv-panel-defect-dataset/train/Dusty/Dust (118).jpg,train,Dusty,Dust (118).jpg,.jpg
/kaggle/input/datasets/alicjalena/pv-panel-defect-dataset/train/Dusty/Dust (157).jpg,train,Dusty,Dust (157).jpg,.jpg
/kaggle/input/datasets/alicjalena/pv-panel-defect-dataset/train/Dusty/Dust (125).jpg,train,Dusty,Dust (125).jpg,.jpg
/kaggle/input/datasets/alicjalena/pv-panel-defect-dataset/train/Dusty/Dust (37).jpg,train,Dusty,Dust (37).jpg,.jpg
/kaggle/input/datasets/alicjalena/pv-panel-defect-dataset/train/Dusty/Dust (101).jpg,train,Dusty,Dust (101).jpg,.jpg
/kaggle/input/datasets/alicjalena/pv-panel-defect-dataset/train/Dusty/Dust (146).jpg,train,Dusty,Dust (146).jpg,.jpg
/kaggle/input/datasets/alicjalena/pv-panel-defect-dataset/train/Dusty/Dust (55).jpg,train,Dusty,Dust (55).jpg,.jpg
/kaggle/input/datasets/alicjalena/pv-panel-defect-dataset/train/Dusty/Dust (38).jpg,train,Dusty,Dust (38).jpg,.jpg
/kaggle/input/datasets/alicjalena/pv-panel-defect-dataset/train/Dusty/Dust (144).jpg,train,Dusty,Dust (144).jpg,.jpg
/kaggle/input/datasets/alicjalena/pv-panel-defect-dataset/train/Dusty/Dust (120).jpg,train,Dusty,Dust (120).jpg,.jpg
/kaggle/input/datasets/alicjalena/pv-panel-defect-dataset/train/Dusty/Dust (188).jpg,train,Dusty,Dust (188).jpg,.jpg
/kaggle/input/datasets/alicjalena/pv-panel-defect-dataset/train/Dusty/Dust (180).jpg,train,Dusty,Dust (180).jpg,.jpg
/kaggle/input/datasets/alicjalena/pv-panel-defect-dataset/train/Dusty/Dust (73).jpg,train,Dusty,Dust (73).jpg,.jpg
/kaggle/input/datasets/alicjalena/pv-panel-defect-dataset/train/Dusty/Dust (61).jpg,train,Dusty,Dust (61).jpg,.jpg
/kaggle/input/datasets/alicjalena/pv-panel-defect-dataset/train/Dusty/Dust (136).jpg,train,Dusty,Dust (136).jpg,.jpg
/kaggle/input/datasets/alicjalena/pv-panel-defect-dataset/train/Dusty/Dust (70).jpg,train,Dusty,Dust (70).jpg,.jpg
/kaggle/input/datasets/alicjalena/pv-panel-defect-dataset/train/Dusty/Dust (148).jpg,train,Dusty,Dust (148).jpg,.jpg
/kaggle/input/datasets/alicjalena/pv-panel-defect-dataset/train/Dusty/Dust (74).jpg,train,Dusty,Dust (74).jpg,.jpg
/kaggle/input/datasets/alicjalena/pv-panel-defect-dataset/train/Dusty/Dust (123).jpg,train,Dusty,Dust (123).jpg,.jpg
/kaggle/input/datasets/alicjalena/pv-panel-defect-dataset/train/Dusty/Dust (151).jpg,train,Dusty,Dust (151).jpg,.jpg
/kaggle/input/datasets/alicjalena/pv-panel-defect-dataset/train/Dusty/Dust (177).jpg,train,Dusty,Dust (177).jpg,.jpg
/kaggle/input/datasets/alicjalena/pv-panel-defect-dataset/train/Dusty/Dust (142).jpg,train,Dusty,Dust (142).jpg,.jpg
/kaggle/input/datasets/alicjalena/pv-panel-defect-dataset/train/Dusty/Dust (97).jpg,train,Dusty,Dust (97).jpg,.jpg
/kaggle/input/datasets/alicjalena/pv-panel-defect-dataset/train/Dusty/Dust (49).jpg,train,Dusty,Dust (49).jpg,.jpg
/kaggle/input/datasets/alicjalena/pv-panel-defect-dataset/train/Dusty/Dust (189).jpg,train,Dusty,Dust (189).jpg,.jpg
/kaggle/input/datasets/alicjalena/pv-panel-defect-dataset/train/Dusty/Dust (26).jpg,train,Dusty,Dust (26).jpg,.jpg
/kaggle/input/datasets/alicjalena/pv-panel-defect-dataset/train/Dusty/Dust (183).jpg,train,Dusty,Dust (183).jpg,.jpg
/kaggle/input/datasets/alicjalena/pv-panel-defect-dataset/train/Dusty/Dust (173).jpg,train,Dusty,Dust (173).jpg,.jpg
/kaggle/input/datasets/alicjalena/pv-panel-defect-dataset/train/Dusty/Dust (10).jpg,train,Dusty,Dust (10).jpg,.jpg
/kaggle/input/datasets/alicjalena/pv-panel-defect-dataset/train/Dusty/Dust (115).jpg,train,Dusty,Dust (115).jpg,.jpg
/kaggle/input/datasets/alicjalena/pv-panel-defect-dataset/train/Dusty/Dust (107).jpg,train,Dusty,Dust (107).jpg,.jpg
/kaggle/input/datasets/alicjalena/pv-panel-defect-dataset/train/Dusty/Dust (33).jpg,train,Dusty,Dust (33).jpg,.jpg
/kaggle/input/datasets/alicjalena/pv-panel-defect-dataset/train/Dusty/Dust (169).jpg,train,Dusty,Dust (169).jpg,.jpg
/kaggle/input/datasets/alicjalena/pv-panel-defect-dataset/train/Electrical-damage/Electrical (149).jpg,train,Electrical-damage,Electrical (149).jpg,.jpg
/kaggle/input/datasets/alicjalena/pv-panel-defect-dataset/train/Electrical-damage/Electrical (50).jpg,train,Electrical-damage,Electrical (50).jpg,.jpg
/kaggle/input/datasets/alicjalena/pv-panel-defect-dataset/train/Electrical-damage/Electrical (77).jpg,train,Electrical-damage,Electrical (77).jpg,.jpg
/kaggle/input/datasets/alicjalena/pv-panel-defect-dataset/train/Electrical-damage/Electrical (32).jpg,train,Electrical-damage,Electrical (32).jpg,.jpg
/kaggle/input/datasets/alicjalena/pv-panel-defect-dataset/train/Electrical-damage/Electrical (137).jpg,train,Electrical-damage,Electrical (137).jpg,.jpg
/kaggle/input/datasets/alicjalena/pv-panel-defect-dataset/train/Electrical-damage/Electrical (103).jpg,train,Electrical-damage,Electrical (103).jpg,.jpg
/kaggle/input/datasets/alicjalena/pv-panel-defect-dataset/train/Electrical-damage/Electrical (123).jpg,train,Electrical-damage,Electrical (123).jpg,.jpg
/kaggle/input/datasets/alicjalena/pv-panel-defect-dataset/train/Electrical-damage/Electrical (10).jpg,train,Electrical-damage,Electrical (10).jpg,.jpg
/kaggle/input/datasets/alicjalena/pv-panel-defect-dataset/train/Electrical-damage/Electrical (4).jpg,train,Electrical-damage,Electrical (4).jpg,.jpg
/kaggle/input/datasets/alicjalena/pv-panel-defect-dataset/train/Electrical-damage/Electrical (139).jpg,train,Electrical-damage,Electrical (139).jpg,.jpg
/kaggle/input/datasets/alicjalena/pv-panel-defect-dataset/train/Electrical-damage/Electrical (102).jpg,train,Electrical-damage,Electrical (102).jpg,.jpg
/kaggle/input/datasets/alicjalena/pv-panel-defect-dataset/train/Electrical-damage/Electrical (18).jpg,train,Electrical-damage,Electrical (18).jpg,.jpg
/kaggle/input/datasets/alicjalena/pv-panel-defect-dataset/train/Electrical-damage/Electrical (35).jpg,train,Electrical-damage,Electrical (35).jpg,.jpg
/kaggle/input/datasets/alicjalena/pv-panel-defect-dataset/train/Electrical-damage/Electrical (108).jpg,train,Electrical-damage,Electrical (108).jpg,.jpg
/kaggle/input/datasets/alicjalena/pv-panel-defect-dataset/train/Electrical-damage/Electrical (119).jpg,train,Electrical-damage,Electrical (119).jpg,.jpg
/kaggle/input/datasets/alicjalena/pv-panel-defect-dataset/train/Electrical-damage/Electrical (136).jpg,train,Electrical-damage,Electrical (136).jpg,.jpg
/kaggle/input/datasets/alicjalena/pv-panel-defect-dataset/train/Electrical-damage/Electrical (117).jpg,train,Electrical-damage,Electrical (117).jpg,.jpg
/kaggle/input/datasets/alicjalena/pv-panel-defect-dataset/train/Electrical-damage/Electrical (16).jpg,train,Electrical-damage,Electrical (16).jpg,.jpg
/kaggle/input/datasets/alicjalena/pv-panel-defect-dataset/train/Electrical-damage/Electrical (82).jpg,train,Electrical-damage,Electrical (82).jpg,.jpg
/kaggle/input/datasets/alicjalena/pv-panel-defect-dataset/train/Electrical-damage/Electrical (135).jpg,train,Electrical-damage,Electrical (135).jpg,.jpg
/kaggle/input/datasets/alicjalena/pv-panel-defect-dataset/train/Electrical-damage/Electrical (138).jpg,train,Electrical-damage,Electrical (138).jpg,.jpg
/kaggle/input/datasets/alicjalena/pv-panel-defect-dataset/train/Electrical-damage/Electrical (109).jpg,train,Electrical-damage,Electrical (109).jpg,.jpg
/kaggle/input/datasets/alicjalena/pv-panel-defect-dataset/train/Electrical-damage/Electrical (11).jpg,train,Electrical-damage,Electrical (11).jpg,.jpg
/kaggle/input/datasets/alicjalena/pv-panel-defect-dataset/train/Electrical-damage/Electrical (61).jpg,train,Electrical-damage,Electrical (61).jpg,.jpg
/kaggle/input/datasets/alicjalena/pv-panel-defect-dataset/train/Electrical-damage/Electrical (3).jpg,train,Electrical-damage,Electrical (3).jpg,.jpg
/kaggle/input/datasets/alicjalena/pv-panel-defect-dataset/train/Electrical-damage/Electrical (124).jpg,train,Electrical-damage,Electrical (124).jpg,.jpg
/kaggle/input/datasets/alicjalena/pv-panel-defect-dataset/train/Electrical-damage/Electrical (1).png,train,Electrical-damage,Electrical (1).png,.png
/kaggle/input/datasets/alicjalena/pv-panel-defect-dataset/train/Electrical-damage/Electrical (3).png,train,Electrical-damage,Electrical (3).png,.png
/kaggle/input/datasets/alicjalena/pv-panel-defect-dataset/train/Electrical-damage/Electrical (101).jpg,train,Electrical-damage,Electrical (101).jpg,.jpg
/kaggle/input/datasets/alicjalena/pv-panel-defect-dataset/train/Electrical-damage/Electrical (130).jpg,train,Electrical-damage,Electrical (130).jpg,.jpg
/kaggle/input/datasets/alicjalena/pv-panel-defect-dataset/train/Electrical-damage/Electrical (126).jpg,train,Electrical-damage,Electrical (126).jpg,.jpg
/kaggle/input/datasets/alicjalena/pv-panel-defect-dataset/train/Electrical-damage/Electrical (75).jpg,train,Electrical-damage,Electrical (75).jpg,.jpg
/kaggle/input/datasets/alicjalena/pv-panel-defect-dataset/train/Electrical-damage/Electrical (22).jpg,train,Electrical-damage,Electrical (22).jpg,.jpg
/kaggle/input/datasets/alicjalena/pv-panel-defect-dataset/train/Electrical-damage/Electrical (8).jpg,train,Electrical-damage,Electrical (8).jpg,.jpg
/kaggle/input/datasets/alicjalena/pv-panel-defect-dataset/train/Electrical-damage/Electrical (99).jpg,train,Electrical-damage,Electrical (99).jpg,.jpg
/kaggle/input/datasets/alicjalena/pv-panel-defect-dataset/train/Electrical-damage/Electrical (55).jpg,train,Electrical-damage,Electrical (55).jpg,.jpg
/kaggle/input/datasets/alicjalena/pv-panel-defect-dataset/train/Electrical-damage/Electrical (30).jpg,train,Electrical-damage,Electrical (30).jpg,.jpg
/kaggle/input/datasets/alicjalena/pv-panel-defect-dataset/train/Electrical-damage/Electrical (53).jpg,train,Electrical-damage,Electrical (53).jpg,.jpg
/kaggle/input/datasets/alicjalena/pv-panel-defect-dataset/train/Electrical-damage/Electrical (17).jpg,train,Electrical-damage,Electrical (17).jpg,.jpg
/kaggle/input/datasets/alicjalena/pv-panel-defect-dataset/train/Electrical-damage/Electrical (110).jpg,train,Electrical-damage,Electrical (110).jpg,.jpg
/kaggle/input/datasets/alicjalena/pv-panel-defect-dataset/train/Electrical-damage/Electrical (81).jpg,train,Electrical-damage,Electrical (81).jpg,.jpg
/kaggle/input/datasets/alicjalena/pv-panel-defect-dataset/train/Electrical-damage/Electrical (97).jpg,train,Electrical-damage,Electrical (97).jpg,.jpg
/kaggle/input/datasets/alicjalena/pv-panel-defect-dataset/train/Electrical-damage/Electrical (141).jpg,train,Electrical-damage,Electrical (141).jpg,.jpg
/kaggle/input/datasets/alicjalena/pv-panel-defect-dataset/train/Electrical-damage/Electrical (72).jpg,train,Electrical-damage,Electrical (72).jpg,.jpg
/kaggle/input/datasets/alicjalena/pv-panel-defect-dataset/train/Electrical-damage/Electrical (64).jpg,train,Electrical-damage,Electrical (64).jpg,.jpg
/kaggle/input/datasets/alicjalena/pv-panel-defect-dataset/train/Electrical-damage/Electrical (129).jpg,train,Electrical-damage,Electrical (129).jpg,.jpg
/kaggle/input/datasets/alicjalena/pv-panel-defect-dataset/train/Electrical-damage/Electrical (88).jpg,train,Electrical-damage,Electrical (88).jpg,.jpg
/kaggle/input/datasets/alicjalena/pv-panel-defect-dataset/train/Electrical-damage/Electrical (65).jpg,train,Electrical-damage,Electrical (65).jpg,.jpg
/kaggle/input/datasets/alicjalena/pv-panel-defect-dataset/train/Electrical-damage/Electrical (15).jpg,train,Electrical-damage,Electrical (15).jpg,.jpg
/kaggle/input/datasets/alicjalena/pv-panel-defect-dataset/train/Electrical-damage/Electrical (120).jpg,train,Electrical-damage,Electrical (120).jpg,.jpg
/kaggle/input/datasets/alicjalena/pv-panel-defect-dataset/train/Electrical-damage/Electrical (36).jpg,train,Electrical-damage,Electrical (36).jpg,.jpg
/kaggle/input/datasets/alicjalena/pv-panel-defect-dataset/train/Electrical-damage/Electrical (63).jpg,train,Electrical-damage,Electrical (63).jpg,.jpg
/kaggle/input/datasets/alicjalena/pv-panel-defect-dataset/train/Electrical-damage/Electrical (46).jpg,train,Electrical-damage,Electrical (46).jpg,.jpg
/kaggle/input/datasets/alicjalena/pv-panel-defect-dataset/train/Electrical-damage/Electrical (42).jpg,train,Electrical-damage,Electrical (42).jpg,.jpg
/kaggle/input/datasets/alicjalena/pv-panel-defect-dataset/train/Electrical-damage/Electrical (66).jpg,train,Electrical-damage,Electrical (66).jpg,.jpg
/kaggle/input/datasets/alicjalena/pv-panel-defect-dataset/train/Electrical-damage/Electrical (49).jpg,train,Electrical-damage,Electrical (49).jpg,.jpg
/kaggle/input/datasets/alicjalena/pv-panel-defect-dataset/train/Electrical-damage/Electrical (87).jpg,train,Electrical-damage,Electrical (87).jpg,.jpg
/kaggle/input/datasets/alicjalena/pv-panel-defect-dataset/train/Electrical-damage/Electrical (93).jpg,train,Electrical-damage,Electrical (93).jpg,.jpg
/kaggle/input/datasets/alicjalena/pv-panel-defect-dataset/train/Electrical-damage/Electrical (47).jpg,train,Electrical-damage,Electrical (47).jpg,.jpg
/kaggle/input/datasets/alicjalena/pv-panel-defect-dataset/train/Electrical-damage/Electrical (29).jpg,train,Electrical-damage,Electrical (29).jpg,.jpg
/kaggle/input/datasets/alicjalena/pv-panel-defect-dataset/train/Electrical-damage/Electrical (2).png,train,Electrical-damage,Electrical (2).png,.png
/kaggle/input/datasets/alicjalena/pv-panel-defect-dataset/train/Electrical-damage/Electrical (151).jpg,train,Electrical-damage,Electrical (151).jpg,.jpg
/kaggle/input/datasets/alicjalena/pv-panel-defect-dataset/train/Electrical-damage/Electrical (150).jpg,train,Electrical-damage,Electrical (150).jpg,.jpg
/kaggle/input/datasets/alicjalena/pv-panel-defect-dataset/train/Electrical-damage/Electrical (113).jpg,train,Electrical-damage,Electrical (113).jpg,.jpg
/kaggle/input/datasets/alicjalena/pv-panel-defect-dataset/train/Electrical-damage/Electrical (19).jpg,train,Electrical-damage,Electrical (19).jpg,.jpg
/kaggle/input/datasets/alicjalena/pv-panel-defect-dataset/train/Electrical-damage/Electrical (85).jpg,train,Electrical-damage,Electrical (85).jpg,.jpg
/kaggle/input/datasets/alicjalena/pv-panel-defect-dataset/train/Electrical-damage/Electrical (131).jpg,train,Electrical-damage,Electrical (131).jpg,.jpg
/kaggle/input/datasets/alicjalena/pv-panel-defect-dataset/train/Electrical-damage/Electrical (60).jpg,train,Electrical-damage,Electrical (60).jpg,.jpg
/kaggle/input/datasets/alicjalena/pv-panel-defect-dataset/train/Electrical-damage/Electrical (51).jpg,train,Electrical-damage,Electrical (51).jpg,.jpg
/kaggle/input/datasets/alicjalena/pv-panel-defect-dataset/train/Electrical-damage/Electrical (84).jpg,train,Electrical-damage,Electrical (84).jpg,.jpg
/kaggle/input/datasets/alicjalena/pv-panel-defect-dataset/train/Electrical-damage/Electrical (33).jpg,train,Electrical-damage,Electrical (33).jpg,.jpg
/kaggle/input/datasets/alicjalena/pv-panel-defect-dataset/train/Electrical-damage/Electrical (5).jpg,train,Electrical-damage,Electrical (5).jpg,.jpg
/kaggle/input/datasets/alicjalena/pv-panel-defect-dataset/train/Electrical-damage/Electrical (6).jpg,train,Electrical-damage,Electrical (6).jpg,.jpg
/kaggle/input/datasets/alicjalena/pv-panel-defect-dataset/train/Electrical-damage/Electrical (121).jpg,train,Electrical-damage,Electrical (121).jpg,.jpg
/kaggle/input/datasets/alicjalena/pv-panel-defect-dataset/train/Electrical-damage/Electrical (116).jpg,train,Electrical-damage,Electrical (116).jpg,.jpg
/kaggle/input/datasets/alicjalena/pv-panel-defect-dataset/train/Electrical-damage/Electrical (31).jpg,train,Electrical-damage,Electrical (31).jpg,.jpg
/kaggle/input/datasets/alicjalena/pv-panel-defect-dataset/train/Electrical-damage/Electrical (48).jpg,train,Electrical-damage,Electrical (48).jpg,.jpg
/kaggle/input/datasets/alicjalena/pv-panel-defect-dataset/train/Electrical-damage/Electrical (78).jpg,train,Electrical-damage,Electrical (78).jpg,.jpg
/kaggle/input/datasets/alicjalena/pv-panel-defect-dataset/train/Electrical-damage/Electrical (125).jpg,train,Electrical-damage,Electrical (125).jpg,.jpg
/kaggle/input/datasets/alicjalena/pv-panel-defect-dataset/train/Electrical-damage/Electrical (23).jpg,train,Electrical-damage,Electrical (23).jpg,.jpg
/kaggle/input/datasets/alicjalena/pv-panel-defect-dataset/train/Electrical-damage/Electrical (133).jpg,train,Electrical-damage,Electrical (133).jpg,.jpg
/kaggle/input/datasets/alicjalena/pv-panel-defect-dataset/train/Electrical-damage/Electrical (52).jpg,train,Electrical-damage,Electrical (52).jpg,.jpg
/kaggle/input/datasets/alicjalena/pv-panel-defect-dataset/train/Electrical-damage/Electrical (112).jpg,train,Electrical-damage,Electrical (112).jpg,.jpg
/kaggle/input/datasets/alicjalena/pv-panel-defect-dataset/train/Electrical-damage/Electrical (140).jpg,train,Electrical-damage,Electrical (140).jpg,.jpg
/kaggle/input/datasets/alicjalena/pv-panel-defect-dataset/train/Electrical-damage/Electrical (41).jpg,train,Electrical-damage,Electrical (41).jpg,.jpg
/kaggle/input/datasets/alicjalena/pv-panel-defect-dataset/train/Electrical-damage/Electrical (152).jpg,train,Electrical-damage,Electrical (152).jpg,.jpg
/kaggle/input/datasets/alicjalena/pv-panel-defect-dataset/train/Electrical-damage/Electrical (134).jpg,train,Electrical-damage,Electrical (134).jpg,.jpg
/kaggle/input/datasets/alicjalena/pv-panel-defect-dataset/train/Electrical-damage/Electrical (79).jpg,train,Electrical-damage,Electrical (79).jpg,.jpg
/kaggle/input/datasets/alicjalena/pv-panel-defect-dataset/train/Electrical-damage/Electrical (26).jpg,train,Electrical-damage,Electrical (26).jpg,.jpg
/kaggle/input/datasets/alicjalena/pv-panel-defect-dataset/train/Electrical-damage/Electrical (2).jpg,train,Electrical-damage,Electrical (2).jpg,.jpg
/kaggle/input/datasets/alicjalena/pv-panel-defect-dataset/train/Electrical-damage/Electrical (94).jpg,train,Electrical-damage,Electrical (94).jpg,.jpg
/kaggle/input/datasets/alicjalena/pv-panel-defect-dataset/train/Electrical-damage/Electrical (54).jpg,train,Electrical-damage,Electrical (54).jpg,.jpg
/kaggle/input/datasets/alicjalena/pv-panel-defect-dataset/train/Electrical-damage/Electrical (114).jpg,train,Electrical-damage,Electrical (114).jpg,.jpg
/kaggle/input/datasets/alicjalena/pv-panel-defect-dataset/train/Electrical-damage/Electrical (98).jpg,train,Electrical-damage,Electrical (98).jpg,.jpg
/kaggle/input/datasets/alicjalena/pv-panel-defect-dataset/train/Electrical-damage/Electrical (106).jpg,train,Electrical-damage,Electrical (106).jpg,.jpg
/kaggle/input/datasets/alicjalena/pv-panel-defect-dataset/train/Electrical-damage/Electrical (45).jpg,train,Electrical-damage,Electrical (45).jpg,.jpg
/kaggle/input/datasets/alicjalena/pv-panel-defect-dataset/train/Electrical-damage/Electrical (58).jpg,train,Electrical-damage,Electrical (58).jpg,.jpg
/kaggle/input/datasets/alicjalena/pv-panel-defect-dataset/train/Electrical-damage/Electrical (34).jpg,train,Electrical-damage,Electrical (34).jpg,.jpg
/kaggle/input/datasets/alicjalena/pv-panel-defect-dataset/train/Electrical-damage/Electrical (59).jpg,train,Electrical-damage,Electrical (59).jpg,.jpg
/kaggle/input/datasets/alicjalena/pv-panel-defect-dataset/train/Electrical-damage/Electrical (90).jpg,train,Electrical-damage,Electrical (90).jpg,.jpg
/kaggle/input/datasets/alicjalena/pv-panel-defect-dataset/train/Electrical-damage/Electrical (38).jpg,train,Electrical-damage,Electrical (38).jpg,.jpg
/kaggle/input/datasets/alicjalena/pv-panel-defect-dataset/train/Electrical-damage/Electrical (40).jpg,train,Electrical-damage,Electrical (40).jpg,.jpg
/kaggle/input/datasets/alicjalena/pv-panel-defect-dataset/train/Electrical-damage/Electrical (91).jpg,train,Electrical-damage,Electrical (91).jpg,.jpg
/kaggle/input/datasets/alicjalena/pv-panel-defect-dataset/train/Electrical-damage/Electrical (39).jpg,train,Electrical-damage,Electrical (39).jpg,.jpg
/kaggle/input/datasets/alicjalena/pv-panel-defect-dataset/train/Electrical-damage/Electrical (95).jpg,train,Electrical-damage,Electrical (95).jpg,.jpg
/kaggle/input/datasets/alicjalena/pv-panel-defect-dataset/train/Electrical-damage/Electrical (28).jpg,train,Electrical-damage,Electrical (28).jpg,.jpg
/kaggle/input/datasets/alicjalena/pv-panel-defect-dataset/train/Electrical-damage/Electrical (74).jpg,train,Electrical-damage,Electrical (74).jpg,.jpg
/kaggle/input/datasets/alicjalena/pv-panel-defect-dataset/train/Electrical-damage/Electrical (20).jpg,train,Electrical-damage,Electrical (20).jpg,.jpg
/kaggle/input/datasets/alicjalena/pv-panel-defect-dataset/train/Electrical-damage/Electrical (24).jpg,train,Electrical-damage,Electrical (24).jpg,.jpg
/kaggle/input/datasets/alicjalena/pv-panel-defect-dataset/train/Electrical-damage/Electrical (111).jpg,train,Electrical-damage,Electrical (111).jpg,.jpg
/kaggle/input/datasets/alicjalena/pv-panel-defect-dataset/train/Electrical-damage/Electrical (13).jpg,train,Electrical-damage,Electrical (13).jpg,.jpg
/kaggle/input/datasets/alicjalena/pv-panel-defect-dataset/train/Electrical-damage/Electrical (128).jpg,train,Electrical-damage,Electrical (128).jpg,.jpg
/kaggle/input/datasets/alicjalena/pv-panel-defect-dataset/train/Electrical-damage/Electrical (67).jpg,train,Electrical-damage,Electrical (67).jpg,.jpg
/kaggle/input/datasets/alicjalena/pv-panel-defect-dataset/train/Electrical-damage/Electrical (92).jpg,train,Electrical-damage,Electrical (92).jpg,.jpg
/kaggle/input/datasets/alicjalena/pv-panel-defect-dataset/train/Electrical-damage/Electrical (21).jpg,train,Electrical-damage,Electrical (21).jpg,.jpg
/kaggle/input/datasets/alicjalena/pv-panel-defect-dataset/train/Electrical-damage/Electrical (143).jpg,train,Electrical-damage,Electrical (143).jpg,.jpg
/kaggle/input/datasets/alicjalena/pv-panel-defect-dataset/train/Electrical-damage/Electrical (80).jpg,train,Electrical-damage,Electrical (80).jpg,.jpg
/kaggle/input/datasets/alicjalena/pv-panel-defect-dataset/train/Electrical-damage/Electrical (86).jpg,train,Electrical-damage,Electrical (86).jpg,.jpg
/kaggle/input/datasets/alicjalena/pv-panel-defect-dataset/train/Electrical-damage/Electrical (37).jpg,train,Electrical-damage,Electrical (37).jpg,.jpg
/kaggle/input/datasets/alicjalena/pv-panel-defect-dataset/train/Electrical-damage/Electrical (83).jpg,train,Electrical-damage,Electrical (83).jpg,.jpg
/kaggle/input/datasets/alicjalena/pv-panel-defect-dataset/train/Electrical-damage/Electrical (1).jpg,train,Electrical-damage,Electrical (1).jpg,.jpg
/kaggle/input/datasets/alicjalena/pv-panel-defect-dataset/train/Electrical-damage/Electrical (153).jpg,train,Electrical-damage,Electrical (153).jpg,.jpg
/kaggle/input/datasets/alicjalena/pv-panel-defect-dataset/train/Electrical-damage/Electrical (147).jpg,train,Electrical-damage,Electrical (147).jpg,.jpg
/kaggle/input/datasets/alicjalena/pv-panel-defect-dataset/train/Electrical-damage/Electrical (132).jpg,train,Electrical-damage,Electrical (132).jpg,.jpg
/kaggle/input/datasets/alicjalena/pv-panel-defect-dataset/train/Electrical-damage/Electrical (118).jpg,train,Electrical-damage,Electrical (118).jpg,.jpg
/kaggle/input/datasets/alicjalena/pv-panel-defect-dataset/train/Electrical-damage/Electrical (89).jpg,train,Electrical-damage,Electrical (89).jpg,.jpg
/kaggle/input/datasets/alicjalena/pv-panel-defect-dataset/train/Electrical-damage/Electrical (148).jpg,train,Electrical-damage,Electrical (148).jpg,.jpg
/kaggle/input/datasets/alicjalena/pv-panel-defect-dataset/train/Electrical-damage/Electrical (43).jpg,train,Electrical-damage,Electrical (43).jpg,.jpg
/kaggle/input/datasets/alicjalena/pv-panel-defect-dataset/train/Electrical-damage/Electrical (9).jpg,train,Electrical-damage,Electrical (9).jpg,.jpg
/kaggle/input/datasets/alicjalena/pv-panel-defect-dataset/train/Electrical-damage/Electrical (57).jpg,train,Electrical-damage,Electrical (57).jpg,.jpg
/kaggle/input/datasets/alicjalena/pv-panel-defect-dataset/train/Electrical-damage/Electrical (70).jpg,train,Electrical-damage,Electrical (70).jpg,.jpg
/kaggle/input/datasets/alicjalena/pv-panel-defect-dataset/train/Electrical-damage/Electrical (127).jpg,train,Electrical-damage,Electrical (127).jpg,.jpg
/kaggle/input/datasets/alicjalena/pv-panel-defect-dataset/train/Electrical-damage/Electrical (69).jpg,train,Electrical-damage,Electrical (69).jpg,.jpg
/kaggle/input/datasets/alicjalena/pv-panel-defect-dataset/train/Electrical-damage/Electrical (146).jpg,train,Electrical-damage,Electrical (146).jpg,.jpg
/kaggle/input/datasets/alicjalena/pv-panel-defect-dataset/train/Electrical-damage/Electrical (122).jpg,train,Electrical-damage,Electrical (122).jpg,.jpg
/kaggle/input/datasets/alicjalena/pv-panel-defect-dataset/train/Physical-Damage/Physical (144).jpg,train,Physical-Damage,Physical (144).jpg,.jpg
/kaggle/input/datasets/alicjalena/pv-panel-defect-dataset/train/Physical-Damage/Physical (123).jpg,train,Physical-Damage,Physical (123).jpg,.jpg
/kaggle/input/datasets/alicjalena/pv-panel-defect-dataset/train/Physical-Damage/Physical (19).jpg,train,Physical-Damage,Physical (19).jpg,.jpg
/kaggle/input/datasets/alicjalena/pv-panel-defect-dataset/train/Physical-Damage/Physical (147).jpg,train,Physical-Damage,Physical (147).jpg,.jpg
/kaggle/input/datasets/alicjalena/pv-panel-defect-dataset/train/Physical-Damage/Physical (73).jpg,train,Physical-Damage,Physical (73).jpg,.jpg
/kaggle/input/datasets/alicjalena/pv-panel-defect-dataset/train/Physical-Damage/Physical (143).jpg,train,Physical-Damage,Physical (143).jpg,.jpg
/kaggle/input/datasets/alicjalena/pv-panel-defect-dataset/train/Physical-Damage/Physical (42).jpg,train,Physical-Damage,Physical (42).jpg,.jpg
/kaggle/input/datasets/alicjalena/pv-panel-defect-dataset/train/Physical-Damage/Physical (112).jpg,train,Physical-Damage,Physical (112).jpg,.jpg
/kaggle/input/datasets/alicjalena/pv-panel-defect-dataset/train/Physical-Damage/Physical (80).jpg,train,Physical-Damage,Physical (80).jpg,.jpg
/kaggle/input/datasets/alicjalena/pv-panel-defect-dataset/train/Physical-Damage/Physical (135).jpg,train,Physical-Damage,Physical (135).jpg,.jpg
/kaggle/input/datasets/alicjalena/pv-panel-defect-dataset/train/Physical-Damage/Physical (55).jpg,train,Physical-Damage,Physical (55).jpg,.jpg
/kaggle/input/datasets/alicjalena/pv-panel-defect-dataset/train/Physical-Damage/Physical (39).jpg,train,Physical-Damage,Physical (39).jpg,.jpg
/kaggle/input/datasets/alicjalena/pv-panel-defect-dataset/train/Physical-Damage/Physical (35).jpg,train,Physical-Damage,Physical (35).jpg,.jpg
/kaggle/input/datasets/alicjalena/pv-panel-defect-dataset/train/Physical-Damage/Physical (98).jpg,train,Physical-Damage,Physical (98).jpg,.jpg
/kaggle/input/datasets/alicjalena/pv-panel-defect-dataset/train/Physical-Damage/Physical (122).jpg,train,Physical-Damage,Physical (122).jpg,.jpg
/kaggle/input/datasets/alicjalena/pv-panel-defect-dataset/train/Physical-Damage/Physical (132).jpg,train,Physical-Damage,Physical (132).jpg,.jpg
/kaggle/input/datasets/alicjalena/pv-panel-defect-dataset/train/Physical-Damage/Physical (27).jpg,train,Physical-Damage,Physical (27).jpg,.jpg
/kaggle/input/datasets/alicjalena/pv-panel-defect-dataset/train/Physical-Damage/Physical (142).jpg,train,Physical-Damage,Physical (142).jpg,.jpg
/kaggle/input/datasets/alicjalena/pv-panel-defect-dataset/train/Physical-Damage/Physical (7).jpg,train,Physical-Damage,Physical (7).jpg,.jpg
/kaggle/input/datasets/alicjalena/pv-panel-defect-dataset/train/Physical-Damage/Physical (125).jpg,train,Physical-Damage,Physical (125).jpg,.jpg
/kaggle/input/datasets/alicjalena/pv-panel-defect-dataset/train/Physical-Damage/Physical (26).jpg,train,Physical-Damage,Physical (26).jpg,.jpg
/kaggle/input/datasets/alicjalena/pv-panel-defect-dataset/train/Physical-Damage/Physical (86).jpg,train,Physical-Damage,Physical (86).jpg,.jpg
/kaggle/input/datasets/alicjalena/pv-panel-defect-dataset/train/Physical-Damage/Physical (47).jpg,train,Physical-Damage,Physical (47).jpg,.jpg
/kaggle/input/datasets/alicjalena/pv-panel-defect-dataset/train/Physical-Damage/Physical (12).jpg,train,Physical-Damage,Physical (12).jpg,.jpg
/kaggle/input/datasets/alicjalena/pv-panel-defect-dataset/train/Physical-Damage/Physical (111).jpg,train,Physical-Damage,Physical (111).jpg,.jpg
/kaggle/input/datasets/alicjalena/pv-panel-defect-dataset/train/Physical-Damage/Physical (43).jpg,train,Physical-Damage,Physical (43).jpg,.jpg
/kaggle/input/datasets/alicjalena/pv-panel-defect-dataset/train/Physical-Damage/Physical (78).jpg,train,Physical-Damage,Physical (78).jpg,.jpg
/kaggle/input/datasets/alicjalena/pv-panel-defect-dataset/train/Physical-Damage/Physical (108).jpg,train,Physical-Damage,Physical (108).jpg,.jpg
/kaggle/input/datasets/alicjalena/pv-panel-defect-dataset/train/Physical-Damage/Physical (70).jpg,train,Physical-Damage,Physical (70).jpg,.jpg
/kaggle/input/datasets/alicjalena/pv-panel-defect-dataset/train/Physical-Damage/Physical (40).jpg,train,Physical-Damage,Physical (40).jpg,.jpg
/kaggle/input/datasets/alicjalena/pv-panel-defect-dataset/train/Physical-Damage/Physical (71).jpg,train,Physical-Damage,Physical (71).jpg,.jpg
/kaggle/input/datasets/alicjalena/pv-panel-defect-dataset/train/Physical-Damage/Physical (95).jpg,train,Physical-Damage,Physical (95).jpg,.jpg
/kaggle/input/datasets/alicjalena/pv-panel-defect-dataset/train/Physical-Damage/Physical (68).jpg,train,Physical-Damage,Physical (68).jpg,.jpg
/kaggle/input/datasets/alicjalena/pv-panel-defect-dataset/train/Physical-Damage/Physical (99).jpg,train,Physical-Damage,Physical (99).jpg,.jpg
/kaggle/input/datasets/alicjalena/pv-panel-defect-dataset/train/Physical-Damage/Physical (83).jpg,train,Physical-Damage,Physical (83).jpg,.jpg
/kaggle/input/datasets/alicjalena/pv-panel-defect-dataset/train/Physical-Damage/Physical (2).jpg,train,Physical-Damage,Physical (2).jpg,.jpg
/kaggle/input/datasets/alicjalena/pv-panel-defect-dataset/train/Physical-Damage/Physical (74).jpg,train,Physical-Damage,Physical (74).jpg,.jpg
/kaggle/input/datasets/alicjalena/pv-panel-defect-dataset/train/Physical-Damage/Physical (31).jpg,train,Physical-Damage,Physical (31).jpg,.jpg
/kaggle/input/datasets/alicjalena/pv-panel-defect-dataset/train/Physical-Damage/Physical (33).jpg,train,Physical-Damage,Physical (33).jpg,.jpg
/kaggle/input/datasets/alicjalena/pv-panel-defect-dataset/train/Physical-Damage/Physical (22).jpg,train,Physical-Damage,Physical (22).jpg,.jpg
/kaggle/input/datasets/alicjalena/pv-panel-defect-dataset/train/Physical-Damage/Physical (140).jpg,train,Physical-Damage,Physical (140).jpg,.jpg
/kaggle/input/datasets/alicjalena/pv-panel-defect-dataset/train/Physical-Damage/Physical (117).jpg,train,Physical-Damage,Physical (117).jpg,.jpg
/kaggle/input/datasets/alicjalena/pv-panel-defect-dataset/train/Physical-Damage/Physical (62).jpg,train,Physical-Damage,Physical (62).jpg,.jpg
/kaggle/input/datasets/alicjalena/pv-panel-defect-dataset/train/Physical-Damage/Physical (77).jpg,train,Physical-Damage,Physical (77).jpg,.jpg
/kaggle/input/datasets/alicjalena/pv-panel-defect-dataset/train/Physical-Damage/Physical (93).jpg,train,Physical-Damage,Physical (93).jpg,.jpg
/kaggle/input/datasets/alicjalena/pv-panel-defect-dataset/train/Physical-Damage/Physical (13).jpg,train,Physical-Damage,Physical (13).jpg,.jpg
/kaggle/input/datasets/alicjalena/pv-panel-defect-dataset/train/Physical-Damage/Physical (107).jpg,train,Physical-Damage,Physical (107).jpg,.jpg
/kaggle/input/datasets/alicjalena/pv-panel-defect-dataset/train/Physical-Damage/Physical (30).jpg,train,Physical-Damage,Physical (30).jpg,.jpg
/kaggle/input/datasets/alicjalena/pv-panel-defect-dataset/train/Physical-Damage/Physical (56).jpg,train,Physical-Damage,Physical (56).jpg,.jpg
/kaggle/input/datasets/alicjalena/pv-panel-defect-dataset/train/Physical-Damage/Physical (59).jpg,train,Physical-Damage,Physical (59).jpg,.jpg
/kaggle/input/datasets/alicjalena/pv-panel-defect-dataset/train/Physical-Damage/Physical (29).jpg,train,Physical-Damage,Physical (29).jpg,.jpg
/kaggle/input/datasets/alicjalena/pv-panel-defect-dataset/train/Physical-Damage/Physical (52).jpg,train,Physical-Damage,Physical (52).jpg,.jpg
/kaggle/input/datasets/alicjalena/pv-panel-defect-dataset/train/Physical-Damage/Physical (25).jpg,train,Physical-Damage,Physical (25).jpg,.jpg
/kaggle/input/datasets/alicjalena/pv-panel-defect-dataset/train/Physical-Damage/Physical (15).jpg,train,Physical-Damage,Physical (15).jpg,.jpg
/kaggle/input/datasets/alicjalena/pv-panel-defect-dataset/train/Physical-Damage/Physical (115).jpg,train,Physical-Damage,Physical (115).jpg,.jpg
/kaggle/input/datasets/alicjalena/pv-panel-defect-dataset/train/Physical-Damage/Physical (60).jpg,train,Physical-Damage,Physical (60).jpg,.jpg
/kaggle/input/datasets/alicjalena/pv-panel-defect-dataset/train/Physical-Damage/Physical (102).jpg,train,Physical-Damage,Physical (102).jpg,.jpg
/kaggle/input/datasets/alicjalena/pv-panel-defect-dataset/train/Physical-Damage/Physical (28).jpg,train,Physical-Damage,Physical (28).jpg,.jpg
/kaggle/input/datasets/alicjalena/pv-panel-defect-dataset/train/Physical-Damage/Physical (48).jpg,train,Physical-Damage,Physical (48).jpg,.jpg
/kaggle/input/datasets/alicjalena/pv-panel-defect-dataset/train/Physical-Damage/Physical (88).jpg,train,Physical-Damage,Physical (88).jpg,.jpg
/kaggle/input/datasets/alicjalena/pv-panel-defect-dataset/train/Physical-Damage/Physical (130).jpg,train,Physical-Damage,Physical (130).jpg,.jpg
/kaggle/input/datasets/alicjalena/pv-panel-defect-dataset/train/Physical-Damage/Physical (14).jpg,train,Physical-Damage,Physical (14).jpg,.jpg
/kaggle/input/datasets/alicjalena/pv-panel-defect-dataset/train/Physical-Damage/Physical (16).jpg,train,Physical-Damage,Physical (16).jpg,.jpg
/kaggle/input/datasets/alicjalena/pv-panel-defect-dataset/train/Physical-Damage/Physical (65).jpg,train,Physical-Damage,Physical (65).jpg,.jpg
/kaggle/input/datasets/alicjalena/pv-panel-defect-dataset/train/Physical-Damage/Physical (87).jpg,train,Physical-Damage,Physical (87).jpg,.jpg
/kaggle/input/datasets/alicjalena/pv-panel-defect-dataset/train/Physical-Damage/Physical (5).jpg,train,Physical-Damage,Physical (5).jpg,.jpg
/kaggle/input/datasets/alicjalena/pv-panel-defect-dataset/train/Physical-Damage/Physical (17).jpg,train,Physical-Damage,Physical (17).jpg,.jpg
/kaggle/input/datasets/alicjalena/pv-panel-defect-dataset/train/Physical-Damage/Physical (133).jpg,train,Physical-Damage,Physical (133).jpg,.jpg
/kaggle/input/datasets/alicjalena/pv-panel-defect-dataset/train/Physical-Damage/Physical (9).jpg,train,Physical-Damage,Physical (9).jpg,.jpg
/kaggle/input/datasets/alicjalena/pv-panel-defect-dataset/train/Physical-Damage/Physical (61).jpg,train,Physical-Damage,Physical (61).jpg,.jpg
/kaggle/input/datasets/alicjalena/pv-panel-defect-dataset/train/Physical-Damage/Physical (118).jpg,train,Physical-Damage,Physical (118).jpg,.jpg
/kaggle/input/datasets/alicjalena/pv-panel-defect-dataset/train/Physical-Damage/Physical (149).jpg,train,Physical-Damage,Physical (149).jpg,.jpg
/kaggle/input/datasets/alicjalena/pv-panel-defect-dataset/train/Physical-Damage/Physical (96).jpg,train,Physical-Damage,Physical (96).jpg,.jpg
/kaggle/input/datasets/alicjalena/pv-panel-defect-dataset/train/Physical-Damage/Physical (32).jpg,train,Physical-Damage,Physical (32).jpg,.jpg
/kaggle/input/datasets/alicjalena/pv-panel-defect-dataset/train/Physical-Damage/Physical (91).jpg,train,Physical-Damage,Physical (91).jpg,.jpg
/kaggle/input/datasets/alicjalena/pv-panel-defect-dataset/train/Physical-Damage/Physical (50).jpg,train,Physical-Damage,Physical (50).jpg,.jpg
/kaggle/input/datasets/alicjalena/pv-panel-defect-dataset/train/Physical-Damage/Physical (36).jpg,train,Physical-Damage,Physical (36).jpg,.jpg
/kaggle/input/datasets/alicjalena/pv-panel-defect-dataset/train/Physical-Damage/Physical (90).jpg,train,Physical-Damage,Physical (90).jpg,.jpg
/kaggle/input/datasets/alicjalena/pv-panel-defect-dataset/train/Physical-Damage/Physical (150).jpg,train,Physical-Damage,Physical (150).jpg,.jpg
/kaggle/input/datasets/alicjalena/pv-panel-defect-dataset/train/Physical-Damage/Physical (92).jpg,train,Physical-Damage,Physical (92).jpg,.jpg
/kaggle/input/datasets/alicjalena/pv-panel-defect-dataset/train/Physical-Damage/Physical (84).jpg,train,Physical-Damage,Physical (84).jpg,.jpg
/kaggle/input/datasets/alicjalena/pv-panel-defect-dataset/train/Physical-Damage/Physical (131).jpg,train,Physical-Damage,Physical (131).jpg,.jpg
/kaggle/input/datasets/alicjalena/pv-panel-defect-dataset/train/Physical-Damage/Physical (69).jpg,train,Physical-Damage,Physical (69).jpg,.jpg
/kaggle/input/datasets/alicjalena/pv-panel-defect-dataset/train/Physical-Damage/Physical (104).jpg,train,Physical-Damage,Physical (104).jpg,.jpg
/kaggle/input/datasets/alicjalena/pv-panel-defect-dataset/train/Physical-Damage/Physical (66).jpg,train,Physical-Damage,Physical (66).jpg,.jpg
/kaggle/input/datasets/alicjalena/pv-panel-defect-dataset/train/Physical-Damage/Physical (51).jpg,train,Physical-Damage,Physical (51).jpg,.jpg
/kaggle/input/datasets/alicjalena/pv-panel-defect-dataset/train/Physical-Damage/Physical (129).jpg,train,Physical-Damage,Physical (129).jpg,.jpg
/kaggle/input/datasets/alicjalena/pv-panel-defect-dataset/train/Physical-Damage/Physical (110).jpg,train,Physical-Damage,Physical (110).jpg,.jpg
/kaggle/input/datasets/alicjalena/pv-panel-defect-dataset/train/Physical-Damage/Physical (72).jpg,train,Physical-Damage,Physical (72).jpg,.jpg
/kaggle/input/datasets/alicjalena/pv-panel-defect-dataset/train/Physical-Damage/Physical (101).jpg,train,Physical-Damage,Physical (101).jpg,.jpg
/kaggle/input/datasets/alicjalena/pv-panel-defect-dataset/train/Physical-Damage/Physical (89).jpg,train,Physical-Damage,Physical (89).jpg,.jpg
/kaggle/input/datasets/alicjalena/pv-panel-defect-dataset/train/Physical-Damage/Physical (136).jpg,train,Physical-Damage,Physical (136).jpg,.jpg
/kaggle/input/datasets/alicjalena/pv-panel-defect-dataset/train/Physical-Damage/Physical (21).jpg,train,Physical-Damage,Physical (21).jpg,.jpg
/kaggle/input/datasets/alicjalena/pv-panel-defect-dataset/train/Physical-Damage/Physical (113).jpg,train,Physical-Damage,Physical (113).jpg,.jpg
/kaggle/input/datasets/alicjalena/pv-panel-defect-dataset/train/Physical-Damage/Physical (3).jpg,train,Physical-Damage,Physical (3).jpg,.jpg
/kaggle/input/datasets/alicjalena/pv-panel-defect-dataset/train/Physical-Damage/Physical (120).jpg,train,Physical-Damage,Physical (120).jpg,.jpg
/kaggle/input/datasets/alicjalena/pv-panel-defect-dataset/train/Physical-Damage/Physical (38).jpg,train,Physical-Damage,Physical (38).jpg,.jpg
/kaggle/input/datasets/alicjalena/pv-panel-defect-dataset/train/Physical-Damage/Physical (23).jpg,train,Physical-Damage,Physical (23).jpg,.jpg
/kaggle/input/datasets/alicjalena/pv-panel-defect-dataset/train/Physical-Damage/Physical (114).jpg,train,Physical-Damage,Physical (114).jpg,.jpg
/kaggle/input/datasets/alicjalena/pv-panel-defect-dataset/train/Physical-Damage/Physical (45).jpg,train,Physical-Damage,Physical (45).jpg,.jpg
/kaggle/input/datasets/alicjalena/pv-panel-defect-dataset/train/Physical-Damage/Physical (20).jpg,train,Physical-Damage,Physical (20).jpg,.jpg
/kaggle/input/datasets/alicjalena/pv-panel-defect-dataset/train/Physical-Damage/Physical (97).jpg,train,Physical-Damage,Physical (97).jpg,.jpg
/kaggle/input/datasets/alicjalena/pv-panel-defect-dataset/train/Physical-Damage/Physical (146).jpg,train,Physical-Damage,Physical (146).jpg,.jpg
/kaggle/input/datasets/alicjalena/pv-panel-defect-dataset/train/Physical-Damage/Physical (75).jpg,train,Physical-Damage,Physical (75).jpg,.jpg
/kaggle/input/datasets/alicjalena/pv-panel-defect-dataset/train/Physical-Damage/Physical (148).jpg,train,Physical-Damage,Physical (148).jpg,.jpg
/kaggle/input/datasets/alicjalena/pv-panel-defect-dataset/train/Physical-Damage/Physical (24).jpg,train,Physical-Damage,Physical (24).jpg,.jpg
/kaggle/input/datasets/alicjalena/pv-panel-defect-dataset/train/Physical-Damage/Physical (57).jpg,train,Physical-Damage,Physical (57).jpg,.jpg
/kaggle/input/datasets/alicjalena/pv-panel-defect-dataset/train/Physical-Damage/Physical (67).jpg,train,Physical-Damage,Physical (67).jpg,.jpg
/kaggle/input/datasets/alicjalena/pv-panel-defect-dataset/train/Physical-Damage/Physical (79).jpg,train,Physical-Damage,Physical (79).jpg,.jpg
/kaggle/input/datasets/alicjalena/pv-panel-defect-dataset/train/Physical-Damage/Physical (119).jpg,train,Physical-Damage,Physical (119).jpg,.jpg
/kaggle/input/datasets/alicjalena/pv-panel-defect-dataset/train/Physical-Damage/Physical (10).jpg,train,Physical-Damage,Physical (10).jpg,.jpg
/kaggle/input/datasets/alicjalena/pv-panel-defect-dataset/train/Physical-Damage/Physical (76).jpg,train,Physical-Damage,Physical (76).jpg,.jpg
/kaggle/input/datasets/alicjalena/pv-panel-defect-dataset/train/Physical-Damage/Physical (100).jpg,train,Physical-Damage,Physical (100).jpg,.jpg
/kaggle/input/datasets/alicjalena/pv-panel-defect-dataset/train/Physical-Damage/Physical (11).jpg,train,Physical-Damage,Physical (11).jpg,.jpg
/kaggle/input/datasets/alicjalena/pv-panel-defect-dataset/train/Physical-Damage/Physical (54).jpg,train,Physical-Damage,Physical (54).jpg,.jpg
/kaggle/input/datasets/alicjalena/pv-panel-defect-dataset/train/Physical-Damage/Physical (138).jpg,train,Physical-Damage,Physical (138).jpg,.jpg
/kaggle/input/datasets/alicjalena/pv-panel-defect-dataset/train/Physical-Damage/Physical (109).jpg,train,Physical-Damage,Physical (109).jpg,.jpg
/kaggle/input/datasets/alicjalena/pv-panel-defect-dataset/train/Physical-Damage/Physical (137).jpg,train,Physical-Damage,Physical (137).jpg,.jpg
/kaggle/input/datasets/alicjalena/pv-panel-defect-dataset/train/Physical-Damage/Physical (145).jpg,train,Physical-Damage,Physical (145).jpg,.jpg
/kaggle/input/datasets/alicjalena/pv-panel-defect-dataset/train/Physical-Damage/Physical (82).jpg,train,Physical-Damage,Physical (82).jpg,.jpg
/kaggle/input/datasets/alicjalena/pv-panel-defect-dataset/train/Physical-Damage/Physical (127).jpg,train,Physical-Damage,Physical (127).jpg,.jpg
/kaggle/input/datasets/alicjalena/pv-panel-defect-dataset/train/Physical-Damage/Physical (44).jpg,train,Physical-Damage,Physical (44).jpg,.jpg
/kaggle/input/datasets/alicjalena/pv-panel-defect-dataset/train/Physical-Damage/Physical (81).jpg,train,Physical-Damage,Physical (81).jpg,.jpg
/kaggle/input/datasets/alicjalena/pv-panel-defect-dataset/train/Physical-Damage/Physical (4).jpg,train,Physical-Damage,Physical (4).jpg,.jpg
/kaggle/input/datasets/alicjalena/pv-panel-defect-dataset/train/Physical-Damage/Physical (103).jpg,train,Physical-Damage,Physical (103).jpg,.jpg
/kaggle/input/datasets/alicjalena/pv-panel-defect-dataset/train/Physical-Damage/Physical (46).jpg,train,Physical-Damage,Physical (46).jpg,.jpg
/kaggle/input/datasets/alicjalena/pv-panel-defect-dataset/train/Physical-Damage/Physical (139).jpg,train,Physical-Damage,Physical (139).jpg,.jpg
/kaggle/input/datasets/alicjalena/pv-panel-defect-dataset/train/Physical-Damage/Physical (105).jpg,train,Physical-Damage,Physical (105).jpg,.jpg
/kaggle/input/datasets/alicjalena/pv-panel-defect-dataset/train/Physical-Damage/Physical (126).jpg,train,Physical-Damage,Physical (126).jpg,.jpg
/kaggle/input/datasets/alicjalena/pv-panel-defect-dataset/train/Physical-Damage/Physical (41).jpg,train,Physical-Damage,Physical (41).jpg,.jpg
/kaggle/input/datasets/alicjalena/pv-panel-defect-dataset/train/Physical-Damage/Physical (116).jpg,train,Physical-Damage,Physical (116).jpg,.jpg
/kaggle/input/datasets/alicjalena/pv-panel-defect-dataset/train/Physical-Damage/Physical (63).jpg,train,Physical-Damage,Physical (63).jpg,.jpg
/kaggle/input/datasets/alicjalena/pv-panel-defect-dataset/train/Snow-Covered/Snow (63).jpg,train,Snow-Covered,Snow (63).jpg,.jpg
/kaggle/input/datasets/alicjalena/pv-panel-defect-dataset/train/Snow-Covered/Snow (73).jpg,train,Snow-Covered,Snow (73).jpg,.jpg
/kaggle/input/datasets/alicjalena/pv-panel-defect-dataset/train/Snow-Covered/Snow (83).jpg,train,Snow-Covered,Snow (83).jpg,.jpg
/kaggle/input/datasets/alicjalena/pv-panel-defect-dataset/train/Snow-Covered/Snow (61).jpg,train,Snow-Covered,Snow (61).jpg,.jpg
/kaggle/input/datasets/alicjalena/pv-panel-defect-dataset/train/Snow-Covered/Snow (55).jpg,train,Snow-Covered,Snow (55).jpg,.jpg
/kaggle/input/datasets/alicjalena/pv-panel-defect-dataset/train/Snow-Covered/Snow (127).jpg,train,Snow-Covered,Snow (127).jpg,.jpg
/kaggle/input/datasets/alicjalena/pv-panel-defect-dataset/train/Snow-Covered/Snow (167).jpg,train,Snow-Covered,Snow (167).jpg,.jpg
/kaggle/input/datasets/alicjalena/pv-panel-defect-dataset/train/Snow-Covered/Snow (162).jpg,train,Snow-Covered,Snow (162).jpg,.jpg
/kaggle/input/datasets/alicjalena/pv-panel-defect-dataset/train/Snow-Covered/Snow (147).jpg,train,Snow-Covered,Snow (147).jpg,.jpg
/kaggle/input/datasets/alicjalena/pv-panel-defect-dataset/train/Snow-Covered/Snow (94).jpg,train,Snow-Covered,Snow (94).jpg,.jpg
/kaggle/input/datasets/alicjalena/pv-panel-defect-dataset/train/Snow-Covered/Snow (163).jpg,train,Snow-Covered,Snow (163).jpg,.jpg
/kaggle/input/datasets/alicjalena/pv-panel-defect-dataset/train/Snow-Covered/Snow (113).jpg,train,Snow-Covered,Snow (113).jpg,.jpg
/kaggle/input/datasets/alicjalena/pv-panel-defect-dataset/train/Snow-Covered/Snow (67).jpg,train,Snow-Covered,Snow (67).jpg,.jpg
/kaggle/input/datasets/alicjalena/pv-panel-defect-dataset/train/Snow-Covered/Snow (53).jpg,train,Snow-Covered,Snow (53).jpg,.jpg
/kaggle/input/datasets/alicjalena/pv-panel-defect-dataset/train/Snow-Covered/Snow (156).jpg,train,Snow-Covered,Snow (156).jpg,.jpg
/kaggle/input/datasets/alicjalena/pv-panel-defect-dataset/train/Snow-Covered/Snow (34).jpg,train,Snow-Covered,Snow (34).jpg,.jpg
/kaggle/input/datasets/alicjalena/pv-panel-defect-dataset/train/Snow-Covered/Snow (173).jpg,train,Snow-Covered,Snow (173).jpg,.jpg
/kaggle/input/datasets/alicjalena/pv-panel-defect-dataset/train/Snow-Covered/Snow (4).jpg,train,Snow-Covered,Snow (4).jpg,.jpg
/kaggle/input/datasets/alicjalena/pv-panel-defect-dataset/train/Snow-Covered/Snow (45).jpg,train,Snow-Covered,Snow (45).jpg,.jpg
/kaggle/input/datasets/alicjalena/pv-panel-defect-dataset/train/Snow-Covered/Snow (87).jpg,train,Snow-Covered,Snow (87).jpg,.jpg
/kaggle/input/datasets/alicjalena/pv-panel-defect-dataset/train/Snow-Covered/Snow (9).jpg,train,Snow-Covered,Snow (9).jpg,.jpg
/kaggle/input/datasets/alicjalena/pv-panel-defect-dataset/train/Snow-Covered/Snow (174).jpg,train,Snow-Covered,Snow (174).jpg,.jpg
/kaggle/input/datasets/alicjalena/pv-panel-defect-dataset/train/Snow-Covered/Snow (11).jpg,train,Snow-Covered,Snow (11).jpg,.jpg
/kaggle/input/datasets/alicjalena/pv-panel-defect-dataset/train/Snow-Covered/Snow (35).jpg,train,Snow-Covered,Snow (35).jpg,.jpg
/kaggle/input/datasets/alicjalena/pv-panel-defect-dataset/train/Snow-Covered/Snow (1).jpg,train,Snow-Covered,Snow (1).jpg,.jpg
/kaggle/input/datasets/alicjalena/pv-panel-defect-dataset/train/Snow-Covered/Snow (62).jpg,train,Snow-Covered,Snow (62).jpg,.jpg
/kaggle/input/datasets/alicjalena/pv-panel-defect-dataset/train/Snow-Covered/Snow (129).jpg,train,Snow-Covered,Snow (129).jpg,.jpg
/kaggle/input/datasets/alicjalena/pv-panel-defect-dataset/train/Snow-Covered/Snow (106).jpg,train,Snow-Covered,Snow (106).jpg,.jpg
/kaggle/input/datasets/alicjalena/pv-panel-defect-dataset/train/Snow-Covered/Snow (145).jpg,train,Snow-Covered,Snow (145).jpg,.jpg
/kaggle/input/datasets/alicjalena/pv-panel-defect-dataset/train/Snow-Covered/Snow (124).jpg,train,Snow-Covered,Snow (124).jpg,.jpg
/kaggle/input/datasets/alicjalena/pv-panel-defect-dataset/train/Snow-Covered/Snow (19).jpg,train,Snow-Covered,Snow (19).jpg,.jpg
/kaggle/input/datasets/alicjalena/pv-panel-defect-dataset/train/Snow-Covered/Snow (28).jpg,train,Snow-Covered,Snow (28).jpg,.jpg
/kaggle/input/datasets/alicjalena/pv-panel-defect-dataset/train/Snow-Covered/Snow (154).jpg,train,Snow-Covered,Snow (154).jpg,.jpg
/kaggle/input/datasets/alicjalena/pv-panel-defect-dataset/train/Snow-Covered/Snow (37).jpg,train,Snow-Covered,Snow (37).jpg,.jpg
/kaggle/input/datasets/alicjalena/pv-panel-defect-dataset/train/Snow-Covered/Snow (136).jpg,train,Snow-Covered,Snow (136).jpg,.jpg
/kaggle/input/datasets/alicjalena/pv-panel-defect-dataset/train/Snow-Covered/Snow (76).jpg,train,Snow-Covered,Snow (76).jpg,.jpg
/kaggle/input/datasets/alicjalena/pv-panel-defect-dataset/train/Snow-Covered/Snow (79).jpg,train,Snow-Covered,Snow (79).jpg,.jpg
/kaggle/input/datasets/alicjalena/pv-panel-defect-dataset/train/Snow-Covered/Snow (171).jpg,train,Snow-Covered,Snow (171).jpg,.jpg
/kaggle/input/datasets/alicjalena/pv-panel-defect-dataset/train/Snow-Covered/Snow (97).jpg,train,Snow-Covered,Snow (97).jpg,.jpg
/kaggle/input/datasets/alicjalena/pv-panel-defect-dataset/train/Snow-Covered/Snow (49).jpg,train,Snow-Covered,Snow (49).jpg,.jpg
/kaggle/input/datasets/alicjalena/pv-panel-defect-dataset/train/Snow-Covered/Snow (95).jpg,train,Snow-Covered,Snow (95).jpg,.jpg
/kaggle/input/datasets/alicjalena/pv-panel-defect-dataset/train/Snow-Covered/Snow (48).jpg,train,Snow-Covered,Snow (48).jpg,.jpg
/kaggle/input/datasets/alicjalena/pv-panel-defect-dataset/train/Snow-Covered/Snow (68).jpg,train,Snow-Covered,Snow (68).jpg,.jpg
/kaggle/input/datasets/alicjalena/pv-panel-defect-dataset/train/Snow-Covered/Snow (108).jpg,train,Snow-Covered,Snow (108).jpg,.jpg
/kaggle/input/datasets/alicjalena/pv-panel-defect-dataset/train/Snow-Covered/Snow (59).jpg,train,Snow-Covered,Snow (59).jpg,.jpg
/kaggle/input/datasets/alicjalena/pv-panel-defect-dataset/train/Snow-Covered/Snow (155).jpg,train,Snow-Covered,Snow (155).jpg,.jpg
/kaggle/input/datasets/alicjalena/pv-panel-defect-dataset/train/Snow-Covered/Snow (133).jpg,train,Snow-Covered,Snow (133).jpg,.jpg
/kaggle/input/datasets/alicjalena/pv-panel-defect-dataset/train/Snow-Covered/Snow (23).jpg,train,Snow-Covered,Snow (23).jpg,.jpg
/kaggle/input/datasets/alicjalena/pv-panel-defect-dataset/train/Snow-Covered/Snow (2).jpg,train,Snow-Covered,Snow (2).jpg,.jpg
/kaggle/input/datasets/alicjalena/pv-panel-defect-dataset/train/Snow-Covered/Snow (17).jpg,train,Snow-Covered,Snow (17).jpg,.jpg
/kaggle/input/datasets/alicjalena/pv-panel-defect-dataset/train/Snow-Covered/Snow (13).jpg,train,Snow-Covered,Snow (13).jpg,.jpg
/kaggle/input/datasets/alicjalena/pv-panel-defect-dataset/train/Snow-Covered/Snow (88).jpg,train,Snow-Covered,Snow (88).jpg,.jpg
/kaggle/input/datasets/alicjalena/pv-panel-defect-dataset/train/Snow-Covered/Snow (33).jpg,train,Snow-Covered,Snow (33).jpg,.jpg
/kaggle/input/datasets/alicjalena/pv-panel-defect-dataset/train/Snow-Covered/Snow (100).jpg,train,Snow-Covered,Snow (100).jpg,.jpg
/kaggle/input/datasets/alicjalena/pv-panel-defect-dataset/train/Snow-Covered/Snow (30).jpg,train,Snow-Covered,Snow (30).jpg,.jpg
/kaggle/input/datasets/alicjalena/pv-panel-defect-dataset/train/Snow-Covered/Snow (58).jpg,train,Snow-Covered,Snow (58).jpg,.jpg
/kaggle/input/datasets/alicjalena/pv-panel-defect-dataset/train/Snow-Covered/Snow (46).jpg,train,Snow-Covered,Snow (46).jpg,.jpg
/kaggle/input/datasets/alicjalena/pv-panel-defect-dataset/train/Snow-Covered/Snow (148).jpg,train,Snow-Covered,Snow (148).jpg,.jpg
/kaggle/input/datasets/alicjalena/pv-panel-defect-dataset/train/Snow-Covered/Snow (149).jpg,train,Snow-Covered,Snow (149).jpg,.jpg
/kaggle/input/datasets/alicjalena/pv-panel-defect-dataset/train/Snow-Covered/Snow (22).jpg,train,Snow-Covered,Snow (22).jpg,.jpg
/kaggle/input/datasets/alicjalena/pv-panel-defect-dataset/train/Snow-Covered/Snow (131).jpg,train,Snow-Covered,Snow (131).jpg,.jpg
/kaggle/input/datasets/alicjalena/pv-panel-defect-dataset/train/Snow-Covered/Snow (126).jpg,train,Snow-Covered,Snow (126).jpg,.jpg
/kaggle/input/datasets/alicjalena/pv-panel-defect-dataset/train/Snow-Covered/Snow (8).jpg,train,Snow-Covered,Snow (8).jpg,.jpg
/kaggle/input/datasets/alicjalena/pv-panel-defect-dataset/train/Snow-Covered/Snow (102).jpg,train,Snow-Covered,Snow (102).jpg,.jpg
/kaggle/input/datasets/alicjalena/pv-panel-defect-dataset/train/Snow-Covered/Snow (51).jpg,train,Snow-Covered,Snow (51).jpg,.jpg
/kaggle/input/datasets/alicjalena/pv-panel-defect-dataset/train/Snow-Covered/Snow (158).jpg,train,Snow-Covered,Snow (158).jpg,.jpg
/kaggle/input/datasets/alicjalena/pv-panel-defect-dataset/train/Snow-Covered/Snow (85).jpg,train,Snow-Covered,Snow (85).jpg,.jpg
/kaggle/input/datasets/alicjalena/pv-panel-defect-dataset/train/Snow-Covered/Snow (175).jpg,train,Snow-Covered,Snow (175).jpg,.jpg
/kaggle/input/datasets/alicjalena/pv-panel-defect-dataset/train/Snow-Covered/Snow (21).jpg,train,Snow-Covered,Snow (21).jpg,.jpg
/kaggle/input/datasets/alicjalena/pv-panel-defect-dataset/train/Snow-Covered/Snow (114).jpg,train,Snow-Covered,Snow (114).jpg,.jpg
/kaggle/input/datasets/alicjalena/pv-panel-defect-dataset/train/Snow-Covered/Snow (18).jpg,train,Snow-Covered,Snow (18).jpg,.jpg
/kaggle/input/datasets/alicjalena/pv-panel-defect-dataset/train/Snow-Covered/Snow (38).jpg,train,Snow-Covered,Snow (38).jpg,.jpg
/kaggle/input/datasets/alicjalena/pv-panel-defect-dataset/train/Snow-Covered/Snow (116).jpg,train,Snow-Covered,Snow (116).jpg,.jpg
/kaggle/input/datasets/alicjalena/pv-panel-defect-dataset/train/Snow-Covered/Snow (165).jpg,train,Snow-Covered,Snow (165).jpg,.jpg
/kaggle/input/datasets/alicjalena/pv-panel-defect-dataset/train/Snow-Covered/Snow (169).jpg,train,Snow-Covered,Snow (169).jpg,.jpg
/kaggle/input/datasets/alicjalena/pv-panel-defect-dataset/train/Snow-Covered/Snow (36).jpg,train,Snow-Covered,Snow (36).jpg,.jpg
/kaggle/input/datasets/alicjalena/pv-panel-defect-dataset/train/Snow-Covered/Snow (20).jpg,train,Snow-Covered,Snow (20).jpg,.jpg
/kaggle/input/datasets/alicjalena/pv-panel-defect-dataset/train/Snow-Covered/Snow (151).jpg,train,Snow-Covered,Snow (151).jpg,.jpg
/kaggle/input/datasets/alicjalena/pv-panel-defect-dataset/train/Snow-Covered/Snow (103).jpg,train,Snow-Covered,Snow (103).jpg,.jpg
/kaggle/input/datasets/alicjalena/pv-panel-defect-dataset/train/Snow-Covered/Snow (84).jpg,train,Snow-Covered,Snow (84).jpg,.jpg
/kaggle/input/datasets/alicjalena/pv-panel-defect-dataset/train/Snow-Covered/Snow (71).jpg,train,Snow-Covered,Snow (71).jpg,.jpg
/kaggle/input/datasets/alicjalena/pv-panel-defect-dataset/train/Snow-Covered/Snow (12).jpg,train,Snow-Covered,Snow (12).jpg,.jpg
/kaggle/input/datasets/alicjalena/pv-panel-defect-dataset/train/Snow-Covered/Snow (130).jpg,train,Snow-Covered,Snow (130).jpg,.jpg
/kaggle/input/datasets/alicjalena/pv-panel-defect-dataset/train/Snow-Covered/Snow (65).jpg,train,Snow-Covered,Snow (65).jpg,.jpg
/kaggle/input/datasets/alicjalena/pv-panel-defect-dataset/train/Snow-Covered/Snow (89).jpg,train,Snow-Covered,Snow (89).jpg,.jpg
/kaggle/input/datasets/alicjalena/pv-panel-defect-dataset/train/Snow-Covered/Snow (24).jpg,train,Snow-Covered,Snow (24).jpg,.jpg
/kaggle/input/datasets/alicjalena/pv-panel-defect-dataset/train/Snow-Covered/Snow (92).jpg,train,Snow-Covered,Snow (92).jpg,.jpg
/kaggle/input/datasets/alicjalena/pv-panel-defect-dataset/train/Snow-Covered/Snow (3).jpg,train,Snow-Covered,Snow (3).jpg,.jpg
/kaggle/input/datasets/alicjalena/pv-panel-defect-dataset/train/Snow-Covered/Snow (142).jpg,train,Snow-Covered,Snow (142).jpg,.jpg
/kaggle/input/datasets/alicjalena/pv-panel-defect-dataset/train/Snow-Covered/Snow (121).jpg,train,Snow-Covered,Snow (121).jpg,.jpg
/kaggle/input/datasets/alicjalena/pv-panel-defect-dataset/train/Snow-Covered/Snow (137).jpg,train,Snow-Covered,Snow (137).jpg,.jpg
/kaggle/input/datasets/alicjalena/pv-panel-defect-dataset/train/Snow-Covered/Snow (125).jpg,train,Snow-Covered,Snow (125).jpg,.jpg
/kaggle/input/datasets/alicjalena/pv-panel-defect-dataset/train/Snow-Covered/Snow (26).jpg,train,Snow-Covered,Snow (26).jpg,.jpg
/kaggle/input/datasets/alicjalena/pv-panel-defect-dataset/train/Snow-Covered/Snow (47).jpg,train,Snow-Covered,Snow (47).jpg,.jpg
/kaggle/input/datasets/alicjalena/pv-panel-defect-dataset/train/Snow-Covered/Snow (115).jpg,train,Snow-Covered,Snow (115).jpg,.jpg
/kaggle/input/datasets/alicjalena/pv-panel-defect-dataset/train/Snow-Covered/Snow (140).jpg,train,Snow-Covered,Snow (140).jpg,.jpg
/kaggle/input/datasets/alicjalena/pv-panel-defect-dataset/train/Snow-Covered/Snow (101).jpg,train,Snow-Covered,Snow (101).jpg,.jpg
/kaggle/input/datasets/alicjalena/pv-panel-defect-dataset/train/Snow-Covered/Snow (77).jpg,train,Snow-Covered,Snow (77).jpg,.jpg
/kaggle/input/datasets/alicjalena/pv-panel-defect-dataset/train/Snow-Covered/Snow (64).jpg,train,Snow-Covered,Snow (64).jpg,.jpg
/kaggle/input/datasets/alicjalena/pv-panel-defect-dataset/train/Snow-Covered/Snow (91).jpg,train,Snow-Covered,Snow (91).jpg,.jpg
/kaggle/input/datasets/alicjalena/pv-panel-defect-dataset/train/Snow-Covered/Snow (86).jpg,train,Snow-Covered,Snow (86).jpg,.jpg
/kaggle/input/datasets/alicjalena/pv-panel-defect-dataset/train/Snow-Covered/Snow (27).jpg,train,Snow-Covered,Snow (27).jpg,.jpg
/kaggle/input/datasets/alicjalena/pv-panel-defect-dataset/train/Snow-Covered/Snow (14).jpg,train,Snow-Covered,Snow (14).jpg,.jpg
/kaggle/input/datasets/alicjalena/pv-panel-defect-dataset/train/Snow-Covered/Snow (5).jpg,train,Snow-Covered,Snow (5).jpg,.jpg
/kaggle/input/datasets/alicjalena/pv-panel-defect-dataset/train/Snow-Covered/Snow (82).jpg,train,Snow-Covered,Snow (82).jpg,.jpg
/kaggle/input/datasets/alicjalena/pv-panel-defect-dataset/train/Snow-Covered/Snow (107).jpg,train,Snow-Covered,Snow (107).jpg,.jpg
/kaggle/input/datasets/alicjalena/pv-panel-defect-dataset/train/Snow-Covered/Snow (96).jpg,train,Snow-Covered,Snow (96).jpg,.jpg
/kaggle/input/datasets/alicjalena/pv-panel-defect-dataset/train/Snow-Covered/Snow (40).jpg,train,Snow-Covered,Snow (40).jpg,.jpg
/kaggle/input/datasets/alicjalena/pv-panel-defect-dataset/train/Snow-Covered/Snow (132).jpg,train,Snow-Covered,Snow (132).jpg,.jpg
/kaggle/input/datasets/alicjalena/pv-panel-defect-dataset/train/Snow-Covered/Snow (128).jpg,train,Snow-Covered,Snow (128).jpg,.jpg
/kaggle/input/datasets/alicjalena/pv-panel-defect-dataset/train/Snow-Covered/Snow (42).jpg,train,Snow-Covered,Snow (42).jpg,.jpg
/kaggle/input/datasets/alicjalena/pv-panel-defect-dataset/train/Snow-Covered/Snow (109).jpg,train,Snow-Covered,Snow (109).jpg,.jpg
/kaggle/input/datasets/alicjalena/pv-panel-defect-dataset/train/Snow-Covered/Snow (150).jpg,train,Snow-Covered,Snow (150).jpg,.jpg
/kaggle/input/datasets/alicjalena/pv-panel-defect-dataset/train/Snow-Covered/Snow (111).jpg,train,Snow-Covered,Snow (111).jpg,.jpg
/kaggle/input/datasets/alicjalena/pv-panel-defect-dataset/train/Snow-Covered/Snow (144).jpg,train,Snow-Covered,Snow (144).jpg,.jpg
/kaggle/input/datasets/alicjalena/pv-panel-defect-dataset/train/Snow-Covered/Snow (157).jpg,train,Snow-Covered,Snow (157).jpg,.jpg
/kaggle/input/datasets/alicjalena/pv-panel-defect-dataset/train/Snow-Covered/Snow (39).jpg,train,Snow-Covered,Snow (39).jpg,.jpg
/kaggle/input/datasets/alicjalena/pv-panel-defect-dataset/train/Snow-Covered/Snow (41).jpg,train,Snow-Covered,Snow (41).jpg,.jpg
/kaggle/input/datasets/alicjalena/pv-panel-defect-dataset/train/Snow-Covered/Snow (170).jpg,train,Snow-Covered,Snow (170).jpg,.jpg
/kaggle/input/datasets/alicjalena/pv-panel-defect-dataset/train/Snow-Covered/Snow (159).jpg,train,Snow-Covered,Snow (159).jpg,.jpg
/kaggle/input/datasets/alicjalena/pv-panel-defect-dataset/train/Snow-Covered/Snow (29).jpg,train,Snow-Covered,Snow (29).jpg,.jpg
/kaggle/input/datasets/alicjalena/pv-panel-defect-dataset/train/Snow-Covered/Snow (123).jpg,train,Snow-Covered,Snow (123).jpg,.jpg
/kaggle/input/datasets/alicjalena/pv-panel-defect-dataset/train/Snow-Covered/Snow (74).jpg,train,Snow-Covered,Snow (74).jpg,.jpg
/kaggle/input/datasets/alicjalena/pv-panel-defect-dataset/train/Snow-Covered/Snow (176).jpg,train,Snow-Covered,Snow (176).jpg,.jpg
/kaggle/input/datasets/alicjalena/pv-panel-defect-dataset/train/Snow-Covered/Snow (57).jpg,train,Snow-Covered,Snow (57).jpg,.jpg
/kaggle/input/datasets/alicjalena/pv-panel-defect-dataset/train/Snow-Covered/Snow (66).jpg,train,Snow-Covered,Snow (66).jpg,.jpg
/kaggle/input/datasets/alicjalena/pv-panel-defect-dataset/train/Snow-Covered/Snow (161).jpg,train,Snow-Covered,Snow (161).jpg,.jpg
/kaggle/input/datasets/alicjalena/pv-panel-defect-dataset/train/Snow-Covered/Snow (7).jpg,train,Snow-Covered,Snow (7).jpg,.jpg
/kaggle/input/datasets/alicjalena/pv-panel-defect-dataset/train/Snow-Covered/Snow (98).jpg,train,Snow-Covered,Snow (98).jpg,.jpg
/kaggle/input/datasets/alicjalena/pv-panel-defect-dataset/train/Snow-Covered/Snow (120).jpg,train,Snow-Covered,Snow (120).jpg,.jpg
/kaggle/input/datasets/alicjalena/pv-panel-defect-dataset/train/Snow-Covered/Snow (70).jpg,train,Snow-Covered,Snow (70).jpg,.jpg
/kaggle/input/datasets/alicjalena/pv-panel-defect-dataset/train/Snow-Covered/Snow (99).jpg,train,Snow-Covered,Snow (99).jpg,.jpg
/kaggle/input/datasets/alicjalena/pv-panel-defect-dataset/train/Snow-Covered/Snow (56).jpg,train,Snow-Covered,Snow (56).jpg,.jpg
/kaggle/input/datasets/alicjalena/pv-panel-defect-dataset/train/Snow-Covered/Snow (10).jpg,train,Snow-Covered,Snow (10).jpg,.jpg
/kaggle/input/datasets/alicjalena/pv-panel-defect-dataset/train/Snow-Covered/Snow (44).jpg,train,Snow-Covered,Snow (44).jpg,.jpg
/kaggle/input/datasets/alicjalena/pv-panel-defect-dataset/train/Snow-Covered/Snow (141).jpg,train,Snow-Covered,Snow (141).jpg,.jpg
/kaggle/input/datasets/alicjalena/pv-panel-defect-dataset/train/Snow-Covered/Snow (78).jpg,train,Snow-Covered,Snow (78).jpg,.jpg
/kaggle/input/datasets/alicjalena/pv-panel-defect-dataset/train/Snow-Covered/Snow (72).jpg,train,Snow-Covered,Snow (72).jpg,.jpg
/kaggle/input/datasets/alicjalena/pv-panel-defect-dataset/train/Snow-Covered/Snow (104).jpg,train,Snow-Covered,Snow (104).jpg,.jpg
/kaggle/input/datasets/alicjalena/pv-panel-defect-dataset/train/Snow-Covered/Snow (160).jpg,train,Snow-Covered,Snow (160).jpg,.jpg
/kaggle/input/datasets/alicjalena/pv-panel-defect-dataset/train/Snow-Covered/Snow (168).jpg,train,Snow-Covered,Snow (168).jpg,.jpg
/kaggle/input/datasets/alicjalena/pv-panel-defect-dataset/train/Snow-Covered/Snow (50).jpg,train,Snow-Covered,Snow (50).jpg,.jpg
/kaggle/input/datasets/alicjalena/pv-panel-defect-dataset/train/Snow-Covered/Snow (138).jpg,train,Snow-Covered,Snow (138).jpg,.jpg
/kaggle/input/datasets/alicjalena/pv-panel-defect-dataset/train/Snow-Covered/Snow (52).jpg,train,Snow-Covered,Snow (52).jpg,.jpg
/kaggle/input/datasets/alicjalena/pv-panel-defect-dataset/train/Snow-Covered/Snow (43).jpg,train,Snow-Covered,Snow (43).jpg,.jpg
/kaggle/input/datasets/alicjalena/pv-panel-defect-dataset/train/Snow-Covered/Snow (146).jpg,train,Snow-Covered,Snow (146).jpg,.jpg
/kaggle/input/datasets/alicjalena/pv-panel-defect-dataset/train/Snow-Covered/Snow (166).jpg,train,Snow-Covered,Snow (166).jpg,.jpg
/kaggle/input/datasets/alicjalena/pv-panel-defect-dataset/train/Snow-Covered/Snow (31).jpg,train,Snow-Covered,Snow (31).jpg,.jpg
/kaggle/input/datasets/alicjalena/pv-panel-defect-dataset/train/Snow-Covered/Snow (16).jpg,train,Snow-Covered,Snow (16).jpg,.jpg
/kaggle/input/datasets/alicjalena/pv-panel-defect-dataset/train/Snow-Covered/Snow (119).jpg,train,Snow-Covered,Snow (119).jpg,.jpg
/kaggle/input/datasets/alicjalena/pv-panel-defect-dataset/train/Snow-Covered/Snow (90).jpg,train,Snow-Covered,Snow (90).jpg,.jpg
/kaggle/input/datasets/alicjalena/pv-panel-defect-dataset/train/Snow-Covered/Snow (25).jpg,train,Snow-Covered,Snow (25).jpg,.jpg
/kaggle/input/datasets/alicjalena/pv-panel-defect-dataset/train/Snow-Covered/Snow (32).jpg,train,Snow-Covered,Snow (32).jpg,.jpg
/kaggle/input/datasets/alicjalena/pv-panel-defect-dataset/train/Snow-Covered/Snow (153).jpg,train,Snow-Covered,Snow (153).jpg,.jpg
/kaggle/input/datasets/alicjalena/pv-panel-defect-dataset/val/Bird-drop/Bird (18).jpg,val,Bird-drop,Bird (18).jpg,.jpg
/kaggle/input/datasets/alicjalena/pv-panel-defect-dataset/val/Bird-drop/Bird (195).jpg,val,Bird-drop,Bird (195).jpg,.jpg
/kaggle/input/datasets/alicjalena/pv-panel-defect-dataset/val/Bird-drop/Bird (210).JPG,val,Bird-drop,Bird (210).JPG,.jpg
/kaggle/input/datasets/alicjalena/pv-panel-defect-dataset/val/Bird-drop/Bird (173).jpg,val,Bird-drop,Bird (173).jpg,.jpg
/kaggle/input/datasets/alicjalena/pv-panel-defect-dataset/val/Bird-drop/Bird (29).jpg,val,Bird-drop,Bird (29).jpg,.jpg
/kaggle/input/datasets/alicjalena/pv-panel-defect-dataset/val/Bird-drop/Bird (65).jpg,val,Bird-drop,Bird (65).jpg,.jpg
/kaggle/input/datasets/alicjalena/pv-panel-defect-dataset/val/Bird-drop/Bird (213).JPG,val,Bird-drop,Bird (213).JPG,.jpg
/kaggle/input/datasets/alicjalena/pv-panel-defect-dataset/val/Bird-drop/Bird (41).jpg,val,Bird-drop,Bird (41).jpg,.jpg
/kaggle/input/datasets/alicjalena/pv-panel-defect-dataset/val/Bird-drop/Bird (78).jpg,val,Bird-drop,Bird (78).jpg,.jpg
/kaggle/input/datasets/alicjalena/pv-panel-defect-dataset/val/Bird-drop/Bird (77).jpg,val,Bird-drop,Bird (77).jpg,.jpg
/kaggle/input/datasets/alicjalena/pv-panel-defect-dataset/val/Bird-drop/Bird (122).jpg,val,Bird-drop,Bird (122).jpg,.jpg
/kaggle/input/datasets/alicjalena/pv-panel-defect-dataset/val/Bird-drop/Bird (37).jpg,val,Bird-drop,Bird (37).jpg,.jpg
/kaggle/input/datasets/alicjalena/pv-panel-defect-dataset/val/Bird-drop/Bird (142).jpg,val,Bird-drop,Bird (142).jpg,.jpg
/kaggle/input/datasets/alicjalena/pv-panel-defect-dataset/val/Bird-drop/Bird (36).jpg,val,Bird-drop,Bird (36).jpg,.jpg
/kaggle/input/datasets/alicjalena/pv-panel-defect-dataset/val/Bird-drop/Bird (83).jpg,val,Bird-drop,Bird (83).jpg,.jpg
/kaggle/input/datasets/alicjalena/pv-panel-defect-dataset/val/Bird-drop/Bird (144).jpg,val,Bird-drop,Bird (144).jpg,.jpg
/kaggle/input/datasets/alicjalena/pv-panel-defect-dataset/val/Bird-drop/Bird (32).JPG,val,Bird-drop,Bird (32).JPG,.jpg
/kaggle/input/datasets/alicjalena/pv-panel-defect-dataset/val/Bird-drop/Bird (26).JPG,val,Bird-drop,Bird (26).JPG,.jpg
/kaggle/input/datasets/alicjalena/pv-panel-defect-dataset/val/Bird-drop/Bird (49).jpg,val,Bird-drop,Bird (49).jpg,.jpg
/kaggle/input/datasets/alicjalena/pv-panel-defect-dataset/val/Bird-drop/Bird (106).jpg,val,Bird-drop,Bird (106).jpg,.jpg
/kaggle/input/datasets/alicjalena/pv-panel-defect-dataset/val/Bird-drop/Bird (10).jpg,val,Bird-drop,Bird (10).jpg,.jpg
/kaggle/input/datasets/alicjalena/pv-panel-defect-dataset/val/Bird-drop/Bird (161).jpg,val,Bird-drop,Bird (161).jpg,.jpg
/kaggle/input/datasets/alicjalena/pv-panel-defect-dataset/val/Bird-drop/Bird (92).jpg,val,Bird-drop,Bird (92).jpg,.jpg
/kaggle/input/datasets/alicjalena/pv-panel-defect-dataset/val/Bird-drop/Bird (133).jpg,val,Bird-drop,Bird (133).jpg,.jpg
/kaggle/input/datasets/alicjalena/pv-panel-defect-dataset/val/Bird-drop/Bird (88).jpg,val,Bird-drop,Bird (88).jpg,.jpg
/kaggle/input/datasets/alicjalena/pv-panel-defect-dataset/val/Bird-drop/Bird (75).jpg,val,Bird-drop,Bird (75).jpg,.jpg
/kaggle/input/datasets/alicjalena/pv-panel-defect-dataset/val/Bird-drop/Bird (108).jpg,val,Bird-drop,Bird (108).jpg,.jpg
/kaggle/input/datasets/alicjalena/pv-panel-defect-dataset/val/Bird-drop/Bird (170).JPG,val,Bird-drop,Bird (170).JPG,.jpg
/kaggle/input/datasets/alicjalena/pv-panel-defect-dataset/val/Bird-drop/Bird (135).jpg,val,Bird-drop,Bird (135).jpg,.jpg
/kaggle/input/datasets/alicjalena/pv-panel-defect-dataset/val/Bird-drop/Bird (150).jpg,val,Bird-drop,Bird (150).jpg,.jpg
/kaggle/input/datasets/alicjalena/pv-panel-defect-dataset/val/Bird-drop/Bird (131).jpg,val,Bird-drop,Bird (131).jpg,.jpg
/kaggle/input/datasets/alicjalena/pv-panel-defect-dataset/val/Bird-drop/Bird (104).jpg,val,Bird-drop,Bird (104).jpg,.jpg
/kaggle/input/datasets/alicjalena/pv-panel-defect-dataset/val/Bird-drop/Bird (56).jpg,val,Bird-drop,Bird (56).jpg,.jpg
/kaggle/input/datasets/alicjalena/pv-panel-defect-dataset/val/Bird-drop/Bird (17).jpg,val,Bird-drop,Bird (17).jpg,.jpg
/kaggle/input/datasets/alicjalena/pv-panel-defect-dataset/val/Bird-drop/Bird (63).jpg,val,Bird-drop,Bird (63).jpg,.jpg
/kaggle/input/datasets/alicjalena/pv-panel-defect-dataset/val/Bird-drop/Bird (23).JPG,val,Bird-drop,Bird (23).JPG,.jpg
/kaggle/input/datasets/alicjalena/pv-panel-defect-dataset/val/Bird-drop/Bird (206).JPG,val,Bird-drop,Bird (206).JPG,.jpg
/kaggle/input/datasets/alicjalena/pv-panel-defect-dataset/val/Bird-drop/Bird (194).jpg,val,Bird-drop,Bird (194).jpg,.jpg
/kaggle/input/datasets/alicjalena/pv-panel-defect-dataset/val/Bird-drop/Bird (159).jpg,val,Bird-drop,Bird (159).jpg,.jpg
/kaggle/input/datasets/alicjalena/pv-panel-defect-dataset/val/Bird-drop/Bird (197).jpg,val,Bird-drop,Bird (197).jpg,.jpg
/kaggle/input/datasets/alicjalena/pv-panel-defect-dataset/val/Bird-drop/Bird (89).jpg,val,Bird-drop,Bird (89).jpg,.jpg
/kaggle/input/datasets/alicjalena/pv-panel-defect-dataset/val/Bird-drop/Bird (138).JPG,val,Bird-drop,Bird (138).JPG,.jpg
/kaggle/input/datasets/alicjalena/pv-panel-defect-dataset/val/Bird-drop/Bird (167).JPG,val,Bird-drop,Bird (167).JPG,.jpg
/kaggle/input/datasets/alicjalena/pv-panel-defect-dataset/val/Bird-drop/Bird (31).JPG,val,Bird-drop,Bird (31).JPG,.jpg
/kaggle/input/datasets/alicjalena/pv-panel-defect-dataset/val/Bird-drop/Bird (50).jpg,val,Bird-drop,Bird (50).jpg,.jpg
/kaggle/input/datasets/alicjalena/pv-panel-defect-dataset/val/Bird-drop/Bird (208).JPG,val,Bird-drop,Bird (208).JPG,.jpg
/kaggle/input/datasets/alicjalena/pv-panel-defect-dataset/val/Bird-drop/Bird (183).jpg,val,Bird-drop,Bird (183).jpg,.jpg
/kaggle/input/datasets/alicjalena/pv-panel-defect-dataset/val/Bird-drop/Bird (129).jpg,val,Bird-drop,Bird (129).jpg,.jpg
/kaggle/input/datasets/alicjalena/pv-panel-defect-dataset/val/Bird-drop/Bird (57).jpg,val,Bird-drop,Bird (57).jpg,.jpg
/kaggle/input/datasets/alicjalena/pv-panel-defect-dataset/val/Bird-drop/Bird (100).jpg,val,Bird-drop,Bird (100).jpg,.jpg
/kaggle/input/datasets/alicjalena/pv-panel-defect-dataset/val/Bird-drop/Bird (51).jpg,val,Bird-drop,Bird (51).jpg,.jpg
/kaggle/input/datasets/alicjalena/pv-panel-defect-dataset/val/Bird-drop/Bird (40).jpg,val,Bird-drop,Bird (40).jpg,.jpg
/kaggle/input/datasets/alicjalena/pv-panel-defect-dataset/val/Bird-drop/Bird (134).JPG,val,Bird-drop,Bird (134).JPG,.jpg
/kaggle/input/datasets/alicjalena/pv-panel-defect-dataset/val/Bird-drop/Bird (58).jpg,val,Bird-drop,Bird (58).jpg,.jpg
/kaggle/input/datasets/alicjalena/pv-panel-defect-dataset/val/Bird-drop/Bird (79).jpg,val,Bird-drop,Bird (79).jpg,.jpg
/kaggle/input/datasets/alicjalena/pv-panel-defect-dataset/val/Bird-drop/Bird (188).jpg,val,Bird-drop,Bird (188).jpg,.jpg
/kaggle/input/datasets/alicjalena/pv-panel-defect-dataset/val/Bird-drop/Bird (211).JPG,val,Bird-drop,Bird (211).JPG,.jpg
/kaggle/input/datasets/alicjalena/pv-panel-defect-dataset/val/Bird-drop/Bird (117).jpg,val,Bird-drop,Bird (117).jpg,.jpg
/kaggle/input/datasets/alicjalena/pv-panel-defect-dataset/val/Bird-drop/Bird (13).jpg,val,Bird-drop,Bird (13).jpg,.jpg
/kaggle/input/datasets/alicjalena/pv-panel-defect-dataset/val/Bird-drop/Bird (69).JPG,val,Bird-drop,Bird (69).JPG,.jpg
/kaggle/input/datasets/alicjalena/pv-panel-defect-dataset/val/Bird-drop/Bird (102).jpg,val,Bird-drop,Bird (102).jpg,.jpg
/kaggle/input/datasets/alicjalena/pv-panel-defect-dataset/val/Bird-drop/Bird (15).JPG,val,Bird-drop,Bird (15).JPG,.jpg
/kaggle/input/datasets/alicjalena/pv-panel-defect-dataset/val/Bird-drop/Bird (190).jpg,val,Bird-drop,Bird (190).jpg,.jpg
/kaggle/input/datasets/alicjalena/pv-panel-defect-dataset/val/Bird-drop/Bird (14).JPG,val,Bird-drop,Bird (14).JPG,.jpg
/kaggle/input/datasets/alicjalena/pv-panel-defect-dataset/val/Bird-drop/Bird (80).jpg,val,Bird-drop,Bird (80).jpg,.jpg
/kaggle/input/datasets/alicjalena/pv-panel-defect-dataset/val/Bird-drop/Bird (85).jpg,val,Bird-drop,Bird (85).jpg,.jpg
/kaggle/input/datasets/alicjalena/pv-panel-defect-dataset/val/Bird-drop/Bird (169).jpg,val,Bird-drop,Bird (169).jpg,.jpg
/kaggle/input/datasets/alicjalena/pv-panel-defect-dataset/val/Bird-drop/Bird (123).jpg,val,Bird-drop,Bird (123).jpg,.jpg
/kaggle/input/datasets/alicjalena/pv-panel-defect-dataset/val/Bird-drop/Bird (9).jpg,val,Bird-drop,Bird (9).jpg,.jpg
/kaggle/input/datasets/alicjalena/pv-panel-defect-dataset/val/Bird-drop/Bird (120).jpg,val,Bird-drop,Bird (120).jpg,.jpg
/kaggle/input/datasets/alicjalena/pv-panel-defect-dataset/val/Bird-drop/Bird (191).jpg,val,Bird-drop,Bird (191).jpg,.jpg
/kaggle/input/datasets/alicjalena/pv-panel-defect-dataset/val/Bird-drop/Bird (74).jpg,val,Bird-drop,Bird (74).jpg,.jpg
/kaggle/input/datasets/alicjalena/pv-panel-defect-dataset/val/Bird-drop/Bird (145).jpg,val,Bird-drop,Bird (145).jpg,.jpg
/kaggle/input/datasets/alicjalena/pv-panel-defect-dataset/val/Bird-drop/Bird (3).jpg,val,Bird-drop,Bird (3).jpg,.jpg
/kaggle/input/datasets/alicjalena/pv-panel-defect-dataset/val/Bird-drop/Bird (175).jpg,val,Bird-drop,Bird (175).jpg,.jpg
/kaggle/input/datasets/alicjalena/pv-panel-defect-dataset/val/Bird-drop/Bird (187).jpg,val,Bird-drop,Bird (187).jpg,.jpg
/kaggle/input/datasets/alicjalena/pv-panel-defect-dataset/val/Bird-drop/Bird (43).jpg,val,Bird-drop,Bird (43).jpg,.jpg
/kaggle/input/datasets/alicjalena/pv-panel-defect-dataset/val/Bird-drop/Bird (27).JPG,val,Bird-drop,Bird (27).JPG,.jpg
/kaggle/input/datasets/alicjalena/pv-panel-defect-dataset/val/Bird-drop/Bird (60).jpg,val,Bird-drop,Bird (60).jpg,.jpg
/kaggle/input/datasets/alicjalena/pv-panel-defect-dataset/val/Bird-drop/Bird (201).JPG,val,Bird-drop,Bird (201).JPG,.jpg
/kaggle/input/datasets/alicjalena/pv-panel-defect-dataset/val/Bird-drop/Bird (118).jpg,val,Bird-drop,Bird (118).jpg,.jpg
/kaggle/input/datasets/alicjalena/pv-panel-defect-dataset/val/Bird-drop/Bird (42).jpg,val,Bird-drop,Bird (42).jpg,.jpg
/kaggle/input/datasets/alicjalena/pv-panel-defect-dataset/val/Bird-drop/Bird (146).jpg,val,Bird-drop,Bird (146).jpg,.jpg
/kaggle/input/datasets/alicjalena/pv-panel-defect-dataset/val/Bird-drop/Bird (165).jpg,val,Bird-drop,Bird (165).jpg,.jpg
/kaggle/input/datasets/alicjalena/pv-panel-defect-dataset/val/Bird-drop/Bird (172).jpg,val,Bird-drop,Bird (172).jpg,.jpg
/kaggle/input/datasets/alicjalena/pv-panel-defect-dataset/val/Bird-drop/Bird (200).JPG,val,Bird-drop,Bird (200).JPG,.jpg
/kaggle/input/datasets/alicjalena/pv-panel-defect-dataset/val/Bird-drop/Bird (139).jpg,val,Bird-drop,Bird (139).jpg,.jpg
/kaggle/input/datasets/alicjalena/pv-panel-defect-dataset/val/Bird-drop/Bird (109).jpg,val,Bird-drop,Bird (109).jpg,.jpg
/kaggle/input/datasets/alicjalena/pv-panel-defect-dataset/val/Bird-drop/Bird (7).jpg,val,Bird-drop,Bird (7).jpg,.jpg
/kaggle/input/datasets/alicjalena/pv-panel-defect-dataset/val/Bird-drop/Bird (128).jpg,val,Bird-drop,Bird (128).jpg,.jpg
/kaggle/input/datasets/alicjalena/pv-panel-defect-dataset/val/Bird-drop/Bird (174).jpg,val,Bird-drop,Bird (174).jpg,.jpg
/kaggle/input/datasets/alicjalena/pv-panel-defect-dataset/val/Bird-drop/Bird (12).jpg,val,Bird-drop,Bird (12).jpg,.jpg
/kaggle/input/datasets/alicjalena/pv-panel-defect-dataset/val/Bird-drop/Bird (130).jpg,val,Bird-drop,Bird (130).jpg,.jpg
/kaggle/input/datasets/alicjalena/pv-panel-defect-dataset/val/Bird-drop/Bird (126).jpg,val,Bird-drop,Bird (126).jpg,.jpg
/kaggle/input/datasets/alicjalena/pv-panel-defect-dataset/val/Bird-drop/Bird (214).JPG,val,Bird-drop,Bird (214).JPG,.jpg
/kaggle/input/datasets/alicjalena/pv-panel-defect-dataset/val/Bird-drop/Bird (39).jpg,val,Bird-drop,Bird (39).jpg,.jpg
/kaggle/input/datasets/alicjalena/pv-panel-defect-dataset/val/Bird-drop/Bird (61).jpg,val,Bird-drop,Bird (61).jpg,.jpg
/kaggle/input/datasets/alicjalena/pv-panel-defect-dataset/val/Bird-drop/Bird (179).JPG,val,Bird-drop,Bird (179).JPG,.jpg
/kaggle/input/datasets/alicjalena/pv-panel-defect-dataset/val/Bird-drop/Bird (203).JPG,val,Bird-drop,Bird (203).JPG,.jpg
/kaggle/input/datasets/alicjalena/pv-panel-defect-dataset/val/Bird-drop/Bird (45).jpg,val,Bird-drop,Bird (45).jpg,.jpg
/kaggle/input/datasets/alicjalena/pv-panel-defect-dataset/val/Bird-drop/Bird (11).jpg,val,Bird-drop,Bird (11).jpg,.jpg
/kaggle/input/datasets/alicjalena/pv-panel-defect-dataset/val/Bird-drop/Bird (1).jpeg,val,Bird-drop,Bird (1).jpeg,.jpeg
/kaggle/input/datasets/alicjalena/pv-panel-defect-dataset/val/Bird-drop/Bird (28).jpg,val,Bird-drop,Bird (28).jpg,.jpg
/kaggle/input/datasets/alicjalena/pv-panel-defect-dataset/val/Bird-drop/Bird (44).jpg,val,Bird-drop,Bird (44).jpg,.jpg
/kaggle/input/datasets/alicjalena/pv-panel-defect-dataset/val/Clean/Clean (171).jpg,val,Clean,Clean (171).jpg,.jpg
/kaggle/input/datasets/alicjalena/pv-panel-defect-dataset/val/Clean/Clean (123).jpg,val,Clean,Clean (123).jpg,.jpg
/kaggle/input/datasets/alicjalena/pv-panel-defect-dataset/val/Clean/Clean (9).jpg,val,Clean,Clean (9).jpg,.jpg
/kaggle/input/datasets/alicjalena/pv-panel-defect-dataset/val/Clean/Clean (80).jpg,val,Clean,Clean (80).jpg,.jpg
/kaggle/input/datasets/alicjalena/pv-panel-defect-dataset/val/Clean/Clean (10).JPG,val,Clean,Clean (10).JPG,.jpg
/kaggle/input/datasets/alicjalena/pv-panel-defect-dataset/val/Clean/Clean (33).jpg,val,Clean,Clean (33).jpg,.jpg
/kaggle/input/datasets/alicjalena/pv-panel-defect-dataset/val/Clean/Clean (68).jpg,val,Clean,Clean (68).jpg,.jpg
/kaggle/input/datasets/alicjalena/pv-panel-defect-dataset/val/Clean/Clean (164).jpg,val,Clean,Clean (164).jpg,.jpg
/kaggle/input/datasets/alicjalena/pv-panel-defect-dataset/val/Clean/Clean (137).jpg,val,Clean,Clean (137).jpg,.jpg
/kaggle/input/datasets/alicjalena/pv-panel-defect-dataset/val/Clean/Clean (113).jpg,val,Clean,Clean (113).jpg,.jpg
/kaggle/input/datasets/alicjalena/pv-panel-defect-dataset/val/Clean/Clean (91).jpg,val,Clean,Clean (91).jpg,.jpg
/kaggle/input/datasets/alicjalena/pv-panel-defect-dataset/val/Clean/Clean (48).jpg,val,Clean,Clean (48).jpg,.jpg
/kaggle/input/datasets/alicjalena/pv-panel-defect-dataset/val/Clean/Clean (89).jpg,val,Clean,Clean (89).jpg,.jpg
/kaggle/input/datasets/alicjalena/pv-panel-defect-dataset/val/Clean/Clean (71).jpg,val,Clean,Clean (71).jpg,.jpg
/kaggle/input/datasets/alicjalena/pv-panel-defect-dataset/val/Clean/Clean (138).jpg,val,Clean,Clean (138).jpg,.jpg
/kaggle/input/datasets/alicjalena/pv-panel-defect-dataset/val/Clean/Clean (76).jpg,val,Clean,Clean (76).jpg,.jpg
/kaggle/input/datasets/alicjalena/pv-panel-defect-dataset/val/Clean/Clean (41).jpg,val,Clean,Clean (41).jpg,.jpg
/kaggle/input/datasets/alicjalena/pv-panel-defect-dataset/val/Clean/Clean (149).jpg,val,Clean,Clean (149).jpg,.jpg
/kaggle/input/datasets/alicjalena/pv-panel-defect-dataset/val/Clean/Clean (58).jpg,val,Clean,Clean (58).jpg,.jpg
/kaggle/input/datasets/alicjalena/pv-panel-defect-dataset/val/Clean/Clean (118).jpg,val,Clean,Clean (118).jpg,.jpg
/kaggle/input/datasets/alicjalena/pv-panel-defect-dataset/val/Clean/Clean (86).jpg,val,Clean,Clean (86).jpg,.jpg
/kaggle/input/datasets/alicjalena/pv-panel-defect-dataset/val/Clean/Clean (114).jpg,val,Clean,Clean (114).jpg,.jpg
/kaggle/input/datasets/alicjalena/pv-panel-defect-dataset/val/Clean/Clean (13).jpg,val,Clean,Clean (13).jpg,.jpg
/kaggle/input/datasets/alicjalena/pv-panel-defect-dataset/val/Clean/Clean (125).jpg,val,Clean,Clean (125).jpg,.jpg
/kaggle/input/datasets/alicjalena/pv-panel-defect-dataset/val/Clean/Clean (102).jpg,val,Clean,Clean (102).jpg,.jpg
/kaggle/input/datasets/alicjalena/pv-panel-defect-dataset/val/Clean/Clean (34).jpg,val,Clean,Clean (34).jpg,.jpg
/kaggle/input/datasets/alicjalena/pv-panel-defect-dataset/val/Clean/Clean (26).jpg,val,Clean,Clean (26).jpg,.jpg
/kaggle/input/datasets/alicjalena/pv-panel-defect-dataset/val/Clean/Clean (131).jpg,val,Clean,Clean (131).jpg,.jpg
/kaggle/input/datasets/alicjalena/pv-panel-defect-dataset/val/Clean/Clean (11).jpg,val,Clean,Clean (11).jpg,.jpg
/kaggle/input/datasets/alicjalena/pv-panel-defect-dataset/val/Clean/Clean (156).jpg,val,Clean,Clean (156).jpg,.jpg
/kaggle/input/datasets/alicjalena/pv-panel-defect-dataset/val/Clean/Clean (158).jpg,val,Clean,Clean (158).jpg,.jpg
/kaggle/input/datasets/alicjalena/pv-panel-defect-dataset/val/Clean/Clean (140).JPG,val,Clean,Clean (140).JPG,.jpg
/kaggle/input/datasets/alicjalena/pv-panel-defect-dataset/val/Clean/Clean (5).jpg,val,Clean,Clean (5).jpg,.jpg
/kaggle/input/datasets/alicjalena/pv-panel-defect-dataset/val/Clean/Clean (132).jpg,val,Clean,Clean (132).jpg,.jpg
/kaggle/input/datasets/alicjalena/pv-panel-defect-dataset/val/Clean/Clean (191).jpg,val,Clean,Clean (191).jpg,.jpg
/kaggle/input/datasets/alicjalena/pv-panel-defect-dataset/val/Clean/Clean (51).jpg,val,Clean,Clean (51).jpg,.jpg
/kaggle/input/datasets/alicjalena/pv-panel-defect-dataset/val/Clean/Clean (95).jpg,val,Clean,Clean (95).jpg,.jpg
/kaggle/input/datasets/alicjalena/pv-panel-defect-dataset/val/Clean/Clean (56).jpg,val,Clean,Clean (56).jpg,.jpg
/kaggle/input/datasets/alicjalena/pv-panel-defect-dataset/val/Clean/Clean (152).jpg,val,Clean,Clean (152).jpg,.jpg
/kaggle/input/datasets/alicjalena/pv-panel-defect-dataset/val/Clean/Clean (61).jpg,val,Clean,Clean (61).jpg,.jpg
/kaggle/input/datasets/alicjalena/pv-panel-defect-dataset/val/Clean/Clean (178).jpg,val,Clean,Clean (178).jpg,.jpg
/kaggle/input/datasets/alicjalena/pv-panel-defect-dataset/val/Clean/Clean (18).jpg,val,Clean,Clean (18).jpg,.jpg
/kaggle/input/datasets/alicjalena/pv-panel-defect-dataset/val/Clean/Clean (134).jpg,val,Clean,Clean (134).jpg,.jpg
/kaggle/input/datasets/alicjalena/pv-panel-defect-dataset/val/Clean/Clean (120).jpg,val,Clean,Clean (120).jpg,.jpg
/kaggle/input/datasets/alicjalena/pv-panel-defect-dataset/val/Clean/Clean (54).jpg,val,Clean,Clean (54).jpg,.jpg
/kaggle/input/datasets/alicjalena/pv-panel-defect-dataset/val/Clean/Clean (93).jpg,val,Clean,Clean (93).jpg,.jpg
/kaggle/input/datasets/alicjalena/pv-panel-defect-dataset/val/Clean/Clean (190).jpg,val,Clean,Clean (190).jpg,.jpg
/kaggle/input/datasets/alicjalena/pv-panel-defect-dataset/val/Clean/Clean (84).jpg,val,Clean,Clean (84).jpg,.jpg
/kaggle/input/datasets/alicjalena/pv-panel-defect-dataset/val/Clean/Clean (29).jpg,val,Clean,Clean (29).jpg,.jpg
/kaggle/input/datasets/alicjalena/pv-panel-defect-dataset/val/Clean/Clean (122).jpg,val,Clean,Clean (122).jpg,.jpg
/kaggle/input/datasets/alicjalena/pv-panel-defect-dataset/val/Clean/Clean (65).jpg,val,Clean,Clean (65).jpg,.jpg
/kaggle/input/datasets/alicjalena/pv-panel-defect-dataset/val/Clean/Clean (92).jpg,val,Clean,Clean (92).jpg,.jpg
/kaggle/input/datasets/alicjalena/pv-panel-defect-dataset/val/Clean/Clean (117).jpg,val,Clean,Clean (117).jpg,.jpg
/kaggle/input/datasets/alicjalena/pv-panel-defect-dataset/val/Clean/Clean (135).JPG,val,Clean,Clean (135).JPG,.jpg
/kaggle/input/datasets/alicjalena/pv-panel-defect-dataset/val/Clean/Clean (151).jpg,val,Clean,Clean (151).jpg,.jpg
/kaggle/input/datasets/alicjalena/pv-panel-defect-dataset/val/Clean/Clean (106).jpg,val,Clean,Clean (106).jpg,.jpg
/kaggle/input/datasets/alicjalena/pv-panel-defect-dataset/val/Clean/Clean (147).jpg,val,Clean,Clean (147).jpg,.jpg
/kaggle/input/datasets/alicjalena/pv-panel-defect-dataset/val/Clean/Clean (77).jpg,val,Clean,Clean (77).jpg,.jpg
/kaggle/input/datasets/alicjalena/pv-panel-defect-dataset/val/Clean/Clean (121).jpg,val,Clean,Clean (121).jpg,.jpg
/kaggle/input/datasets/alicjalena/pv-panel-defect-dataset/val/Clean/Clean (78).jpg,val,Clean,Clean (78).jpg,.jpg
/kaggle/input/datasets/alicjalena/pv-panel-defect-dataset/val/Clean/Clean (126).jpg,val,Clean,Clean (126).jpg,.jpg
/kaggle/input/datasets/alicjalena/pv-panel-defect-dataset/val/Clean/Clean (129).jpg,val,Clean,Clean (129).jpg,.jpg
/kaggle/input/datasets/alicjalena/pv-panel-defect-dataset/val/Clean/Clean (141).JPG,val,Clean,Clean (141).JPG,.jpg
/kaggle/input/datasets/alicjalena/pv-panel-defect-dataset/val/Clean/Clean (187).jpg,val,Clean,Clean (187).jpg,.jpg
/kaggle/input/datasets/alicjalena/pv-panel-defect-dataset/val/Clean/Clean (15).JPG,val,Clean,Clean (15).JPG,.jpg
/kaggle/input/datasets/alicjalena/pv-panel-defect-dataset/val/Clean/Clean (27).jpg,val,Clean,Clean (27).jpg,.jpg
/kaggle/input/datasets/alicjalena/pv-panel-defect-dataset/val/Clean/Clean (170).jpg,val,Clean,Clean (170).jpg,.jpg
/kaggle/input/datasets/alicjalena/pv-panel-defect-dataset/val/Clean/Clean (103).jpg,val,Clean,Clean (103).jpg,.jpg
/kaggle/input/datasets/alicjalena/pv-panel-defect-dataset/val/Clean/Clean (146).jpg,val,Clean,Clean (146).jpg,.jpg
/kaggle/input/datasets/alicjalena/pv-panel-defect-dataset/val/Clean/Clean (192).jpg,val,Clean,Clean (192).jpg,.jpg
/kaggle/input/datasets/alicjalena/pv-panel-defect-dataset/val/Clean/Clean (110).jpg,val,Clean,Clean (110).jpg,.jpg
/kaggle/input/datasets/alicjalena/pv-panel-defect-dataset/val/Clean/Clean (66).jpg,val,Clean,Clean (66).jpg,.jpg
/kaggle/input/datasets/alicjalena/pv-panel-defect-dataset/val/Clean/Clean (176).jpg,val,Clean,Clean (176).jpg,.jpg
/kaggle/input/datasets/alicjalena/pv-panel-defect-dataset/val/Clean/Clean (100).jpg,val,Clean,Clean (100).jpg,.jpg
/kaggle/input/datasets/alicjalena/pv-panel-defect-dataset/val/Clean/Clean (179).jpg,val,Clean,Clean (179).jpg,.jpg
/kaggle/input/datasets/alicjalena/pv-panel-defect-dataset/val/Clean/Clean (189).jpg,val,Clean,Clean (189).jpg,.jpg
/kaggle/input/datasets/alicjalena/pv-panel-defect-dataset/val/Clean/Clean (180).jpg,val,Clean,Clean (180).jpg,.jpg
/kaggle/input/datasets/alicjalena/pv-panel-defect-dataset/val/Clean/Clean (57).jpg,val,Clean,Clean (57).jpg,.jpg
/kaggle/input/datasets/alicjalena/pv-panel-defect-dataset/val/Clean/Clean (69).jpg,val,Clean,Clean (69).jpg,.jpg
/kaggle/input/datasets/alicjalena/pv-panel-defect-dataset/val/Clean/Clean (4).jpg,val,Clean,Clean (4).jpg,.jpg
/kaggle/input/datasets/alicjalena/pv-panel-defect-dataset/val/Clean/Clean (74).jpg,val,Clean,Clean (74).jpg,.jpg
/kaggle/input/datasets/alicjalena/pv-panel-defect-dataset/val/Clean/Clean (186).jpg,val,Clean,Clean (186).jpg,.jpg
/kaggle/input/datasets/alicjalena/pv-panel-defect-dataset/val/Clean/Clean (133).jpg,val,Clean,Clean (133).jpg,.jpg
/kaggle/input/datasets/alicjalena/pv-panel-defect-dataset/val/Clean/Clean (143).jpg,val,Clean,Clean (143).jpg,.jpg
/kaggle/input/datasets/alicjalena/pv-panel-defect-dataset/val/Clean/Clean (116).jpg,val,Clean,Clean (116).jpg,.jpg
/kaggle/input/datasets/alicjalena/pv-panel-defect-dataset/val/Clean/Clean (72).jpg,val,Clean,Clean (72).jpg,.jpg
/kaggle/input/datasets/alicjalena/pv-panel-defect-dataset/val/Clean/Clean (3).jpg,val,Clean,Clean (3).jpg,.jpg
/kaggle/input/datasets/alicjalena/pv-panel-defect-dataset/val/Clean/Clean (35).jpg,val,Clean,Clean (35).jpg,.jpg
/kaggle/input/datasets/alicjalena/pv-panel-defect-dataset/val/Clean/Clean (36).jpg,val,Clean,Clean (36).jpg,.jpg
/kaggle/input/datasets/alicjalena/pv-panel-defect-dataset/val/Clean/Clean (142).jpg,val,Clean,Clean (142).jpg,.jpg
/kaggle/input/datasets/alicjalena/pv-panel-defect-dataset/val/Clean/Clean (67).jpg,val,Clean,Clean (67).jpg,.jpg
/kaggle/input/datasets/alicjalena/pv-panel-defect-dataset/val/Clean/Clean (49).jpg,val,Clean,Clean (49).jpg,.jpg
/kaggle/input/datasets/alicjalena/pv-panel-defect-dataset/val/Clean/Clean (53).jpg,val,Clean,Clean (53).jpg,.jpg
/kaggle/input/datasets/alicjalena/pv-panel-defect-dataset/val/Clean/Clean (30).jpg,val,Clean,Clean (30).jpg,.jpg
/kaggle/input/datasets/alicjalena/pv-panel-defect-dataset/val/Clean/Clean (88).jpg,val,Clean,Clean (88).jpg,.jpg
/kaggle/input/datasets/alicjalena/pv-panel-defect-dataset/val/Clean/Clean (8).jpg,val,Clean,Clean (8).jpg,.jpg
/kaggle/input/datasets/alicjalena/pv-panel-defect-dataset/val/Clean/Clean (82).jpg,val,Clean,Clean (82).jpg,.jpg
/kaggle/input/datasets/alicjalena/pv-panel-defect-dataset/val/Clean/Clean (47).jpg,val,Clean,Clean (47).jpg,.jpg
/kaggle/input/datasets/alicjalena/pv-panel-defect-dataset/val/Clean/Clean (73).jpg,val,Clean,Clean (73).jpg,.jpg
/kaggle/input/datasets/alicjalena/pv-panel-defect-dataset/val/Clean/Clean (79).jpg,val,Clean,Clean (79).jpg,.jpg
/kaggle/input/datasets/alicjalena/pv-panel-defect-dataset/val/Clean/Clean (127).jpg,val,Clean,Clean (127).jpg,.jpg
/kaggle/input/datasets/alicjalena/pv-panel-defect-dataset/val/Clean/Clean (40).jpg,val,Clean,Clean (40).jpg,.jpg
/kaggle/input/datasets/alicjalena/pv-panel-defect-dataset/val/Dusty/Dust (54).jpg,val,Dusty,Dust (54).jpg,.jpg
/kaggle/input/datasets/alicjalena/pv-panel-defect-dataset/val/Dusty/Dust (112).jpg,val,Dusty,Dust (112).jpg,.jpg
/kaggle/input/datasets/alicjalena/pv-panel-defect-dataset/val/Dusty/Dust (91).jpg,val,Dusty,Dust (91).jpg,.jpg
/kaggle/input/datasets/alicjalena/pv-panel-defect-dataset/val/Dusty/Dust (24).jpg,val,Dusty,Dust (24).jpg,.jpg
/kaggle/input/datasets/alicjalena/pv-panel-defect-dataset/val/Dusty/Dust (15).jpg,val,Dusty,Dust (15).jpg,.jpg
/kaggle/input/datasets/alicjalena/pv-panel-defect-dataset/val/Dusty/Dust (176).jpg,val,Dusty,Dust (176).jpg,.jpg
/kaggle/input/datasets/alicjalena/pv-panel-defect-dataset/val/Dusty/Dust (181).jpg,val,Dusty,Dust (181).jpg,.jpg
/kaggle/input/datasets/alicjalena/pv-panel-defect-dataset/val/Dusty/Dust (105).jpg,val,Dusty,Dust (105).jpg,.jpg
/kaggle/input/datasets/alicjalena/pv-panel-defect-dataset/val/Dusty/Dust (103).jpg,val,Dusty,Dust (103).jpg,.jpg
/kaggle/input/datasets/alicjalena/pv-panel-defect-dataset/val/Dusty/Dust (43).jpg,val,Dusty,Dust (43).jpg,.jpg
/kaggle/input/datasets/alicjalena/pv-panel-defect-dataset/val/Dusty/Dust (174).jpg,val,Dusty,Dust (174).jpg,.jpg
/kaggle/input/datasets/alicjalena/pv-panel-defect-dataset/val/Dusty/Dust (85).jpg,val,Dusty,Dust (85).jpg,.jpg
/kaggle/input/datasets/alicjalena/pv-panel-defect-dataset/val/Dusty/Dust (86).jpg,val,Dusty,Dust (86).jpg,.jpg
/kaggle/input/datasets/alicjalena/pv-panel-defect-dataset/val/Dusty/Dust (34).jpg,val,Dusty,Dust (34).jpg,.jpg
/kaggle/input/datasets/alicjalena/pv-panel-defect-dataset/val/Dusty/Dust (150).jpg,val,Dusty,Dust (150).jpg,.jpg
/kaggle/input/datasets/alicjalena/pv-panel-defect-dataset/val/Dusty/Dust (46).jpg,val,Dusty,Dust (46).jpg,.jpg
/kaggle/input/datasets/alicjalena/pv-panel-defect-dataset/val/Dusty/Dust (65).jpg,val,Dusty,Dust (65).jpg,.jpg
/kaggle/input/datasets/alicjalena/pv-panel-defect-dataset/val/Dusty/Dust (22).jpg,val,Dusty,Dust (22).jpg,.jpg
/kaggle/input/datasets/alicjalena/pv-panel-defect-dataset/val/Dusty/Dust (161).jpg,val,Dusty,Dust (161).jpg,.jpg
/kaggle/input/datasets/alicjalena/pv-panel-defect-dataset/val/Dusty/Dust (159).jpg,val,Dusty,Dust (159).jpg,.jpg
/kaggle/input/datasets/alicjalena/pv-panel-defect-dataset/val/Dusty/Dust (141).jpg,val,Dusty,Dust (141).jpg,.jpg
/kaggle/input/datasets/alicjalena/pv-panel-defect-dataset/val/Dusty/Dust (47).jpg,val,Dusty,Dust (47).jpg,.jpg
/kaggle/input/datasets/alicjalena/pv-panel-defect-dataset/val/Dusty/Dust (132).jpg,val,Dusty,Dust (132).jpg,.jpg
/kaggle/input/datasets/alicjalena/pv-panel-defect-dataset/val/Dusty/Dust (111).jpg,val,Dusty,Dust (111).jpg,.jpg
/kaggle/input/datasets/alicjalena/pv-panel-defect-dataset/val/Dusty/Dust (184).jpg,val,Dusty,Dust (184).jpg,.jpg
/kaggle/input/datasets/alicjalena/pv-panel-defect-dataset/val/Dusty/Dust (152).jpg,val,Dusty,Dust (152).jpg,.jpg
/kaggle/input/datasets/alicjalena/pv-panel-defect-dataset/val/Dusty/Dust (164).jpg,val,Dusty,Dust (164).jpg,.jpg
/kaggle/input/datasets/alicjalena/pv-panel-defect-dataset/val/Dusty/Dust (187).jpg,val,Dusty,Dust (187).jpg,.jpg
/kaggle/input/datasets/alicjalena/pv-panel-defect-dataset/val/Dusty/Dust (51).jpg,val,Dusty,Dust (51).jpg,.jpg
/kaggle/input/datasets/alicjalena/pv-panel-defect-dataset/val/Dusty/Dust (79).jpg,val,Dusty,Dust (79).jpg,.jpg
/kaggle/input/datasets/alicjalena/pv-panel-defect-dataset/val/Dusty/Dust (66).jpg,val,Dusty,Dust (66).jpg,.jpg
/kaggle/input/datasets/alicjalena/pv-panel-defect-dataset/val/Dusty/Dust (29).jpg,val,Dusty,Dust (29).jpg,.jpg
/kaggle/input/datasets/alicjalena/pv-panel-defect-dataset/val/Dusty/Dust (77).jpg,val,Dusty,Dust (77).jpg,.jpg
/kaggle/input/datasets/alicjalena/pv-panel-defect-dataset/val/Dusty/Dust (133).jpg,val,Dusty,Dust (133).jpg,.jpg
/kaggle/input/datasets/alicjalena/pv-panel-defect-dataset/val/Dusty/Dust (175).jpg,val,Dusty,Dust (175).jpg,.jpg
/kaggle/input/datasets/alicjalena/pv-panel-defect-dataset/val/Dusty/Dust (78).jpg,val,Dusty,Dust (78).jpg,.jpg
/kaggle/input/datasets/alicjalena/pv-panel-defect-dataset/val/Dusty/Dust (154).jpg,val,Dusty,Dust (154).jpg,.jpg
/kaggle/input/datasets/alicjalena/pv-panel-defect-dataset/val/Dusty/Dust (168).jpg,val,Dusty,Dust (168).jpg,.jpg
/kaggle/input/datasets/alicjalena/pv-panel-defect-dataset/val/Dusty/Dust (135).jpg,val,Dusty,Dust (135).jpg,.jpg
/kaggle/input/datasets/alicjalena/pv-panel-defect-dataset/val/Dusty/Dust (130).jpg,val,Dusty,Dust (130).jpg,.jpg
/kaggle/input/datasets/alicjalena/pv-panel-defect-dataset/val/Dusty/Dust (128).jpg,val,Dusty,Dust (128).jpg,.jpg
/kaggle/input/datasets/alicjalena/pv-panel-defect-dataset/val/Dusty/Dust (155).jpg,val,Dusty,Dust (155).jpg,.jpg
/kaggle/input/datasets/alicjalena/pv-panel-defect-dataset/val/Dusty/Dust (52).jpg,val,Dusty,Dust (52).jpg,.jpg
/kaggle/input/datasets/alicjalena/pv-panel-defect-dataset/val/Dusty/Dust (113).jpg,val,Dusty,Dust (113).jpg,.jpg
/kaggle/input/datasets/alicjalena/pv-panel-defect-dataset/val/Dusty/Dust (104).jpg,val,Dusty,Dust (104).jpg,.jpg
/kaggle/input/datasets/alicjalena/pv-panel-defect-dataset/val/Dusty/Dust (127).jpg,val,Dusty,Dust (127).jpg,.jpg
/kaggle/input/datasets/alicjalena/pv-panel-defect-dataset/val/Dusty/Dust (2).jpg,val,Dusty,Dust (2).jpg,.jpg
/kaggle/input/datasets/alicjalena/pv-panel-defect-dataset/val/Dusty/Dust (94).jpg,val,Dusty,Dust (94).jpg,.jpg
/kaggle/input/datasets/alicjalena/pv-panel-defect-dataset/val/Dusty/Dust (20).jpg,val,Dusty,Dust (20).jpg,.jpg
/kaggle/input/datasets/alicjalena/pv-panel-defect-dataset/val/Dusty/Dust (160).jpg,val,Dusty,Dust (160).jpg,.jpg
/kaggle/input/datasets/alicjalena/pv-panel-defect-dataset/val/Dusty/Dust (172).jpg,val,Dusty,Dust (172).jpg,.jpg
/kaggle/input/datasets/alicjalena/pv-panel-defect-dataset/val/Dusty/Dust (17).jpg,val,Dusty,Dust (17).jpg,.jpg
/kaggle/input/datasets/alicjalena/pv-panel-defect-dataset/val/Dusty/Dust (185).jpg,val,Dusty,Dust (185).jpg,.jpg
/kaggle/input/datasets/alicjalena/pv-panel-defect-dataset/val/Dusty/Dust (62).jpg,val,Dusty,Dust (62).jpg,.jpg
/kaggle/input/datasets/alicjalena/pv-panel-defect-dataset/val/Dusty/Dust (138).jpg,val,Dusty,Dust (138).jpg,.jpg
/kaggle/input/datasets/alicjalena/pv-panel-defect-dataset/val/Dusty/Dust (30).jpg,val,Dusty,Dust (30).jpg,.jpg
/kaggle/input/datasets/alicjalena/pv-panel-defect-dataset/val/Dusty/Dust (165).jpg,val,Dusty,Dust (165).jpg,.jpg
/kaggle/input/datasets/alicjalena/pv-panel-defect-dataset/val/Dusty/Dust (139).jpg,val,Dusty,Dust (139).jpg,.jpg
/kaggle/input/datasets/alicjalena/pv-panel-defect-dataset/val/Dusty/Dust (134).jpg,val,Dusty,Dust (134).jpg,.jpg
/kaggle/input/datasets/alicjalena/pv-panel-defect-dataset/val/Dusty/Dust (40).jpg,val,Dusty,Dust (40).jpg,.jpg
/kaggle/input/datasets/alicjalena/pv-panel-defect-dataset/val/Dusty/Dust (81).jpg,val,Dusty,Dust (81).jpg,.jpg
/kaggle/input/datasets/alicjalena/pv-panel-defect-dataset/val/Dusty/Dust (63).jpg,val,Dusty,Dust (63).jpg,.jpg
/kaggle/input/datasets/alicjalena/pv-panel-defect-dataset/val/Dusty/Dust (12).jpg,val,Dusty,Dust (12).jpg,.jpg
/kaggle/input/datasets/alicjalena/pv-panel-defect-dataset/val/Dusty/Dust (131).jpg,val,Dusty,Dust (131).jpg,.jpg
/kaggle/input/datasets/alicjalena/pv-panel-defect-dataset/val/Dusty/Dust (21).jpg,val,Dusty,Dust (21).jpg,.jpg
/kaggle/input/datasets/alicjalena/pv-panel-defect-dataset/val/Dusty/Dust (102).jpg,val,Dusty,Dust (102).jpg,.jpg
/kaggle/input/datasets/alicjalena/pv-panel-defect-dataset/val/Dusty/Dust (126).jpg,val,Dusty,Dust (126).jpg,.jpg
/kaggle/input/datasets/alicjalena/pv-panel-defect-dataset/val/Dusty/Dust (39).jpg,val,Dusty,Dust (39).jpg,.jpg
/kaggle/input/datasets/alicjalena/pv-panel-defect-dataset/val/Dusty/Dust (137).jpg,val,Dusty,Dust (137).jpg,.jpg
/kaggle/input/datasets/alicjalena/pv-panel-defect-dataset/val/Dusty/Dust (114).jpg,val,Dusty,Dust (114).jpg,.jpg
/kaggle/input/datasets/alicjalena/pv-panel-defect-dataset/val/Dusty/Dust (64).jpg,val,Dusty,Dust (64).jpg,.jpg
/kaggle/input/datasets/alicjalena/pv-panel-defect-dataset/val/Dusty/Dust (57).jpg,val,Dusty,Dust (57).jpg,.jpg
/kaggle/input/datasets/alicjalena/pv-panel-defect-dataset/val/Dusty/Dust (5).jpg,val,Dusty,Dust (5).jpg,.jpg
/kaggle/input/datasets/alicjalena/pv-panel-defect-dataset/val/Dusty/Dust (68).jpg,val,Dusty,Dust (68).jpg,.jpg
/kaggle/input/datasets/alicjalena/pv-panel-defect-dataset/val/Dusty/Dust (3).jpg,val,Dusty,Dust (3).jpg,.jpg
/kaggle/input/datasets/alicjalena/pv-panel-defect-dataset/val/Dusty/Dust (25).jpg,val,Dusty,Dust (25).jpg,.jpg
/kaggle/input/datasets/alicjalena/pv-panel-defect-dataset/val/Dusty/Dust (118).jpg,val,Dusty,Dust (118).jpg,.jpg
/kaggle/input/datasets/alicjalena/pv-panel-defect-dataset/val/Dusty/Dust (157).jpg,val,Dusty,Dust (157).jpg,.jpg
/kaggle/input/datasets/alicjalena/pv-panel-defect-dataset/val/Dusty/Dust (125).jpg,val,Dusty,Dust (125).jpg,.jpg
/kaggle/input/datasets/alicjalena/pv-panel-defect-dataset/val/Dusty/Dust (37).jpg,val,Dusty,Dust (37).jpg,.jpg
/kaggle/input/datasets/alicjalena/pv-panel-defect-dataset/val/Dusty/Dust (146).jpg,val,Dusty,Dust (146).jpg,.jpg
/kaggle/input/datasets/alicjalena/pv-panel-defect-dataset/val/Dusty/Dust (55).jpg,val,Dusty,Dust (55).jpg,.jpg
/kaggle/input/datasets/alicjalena/pv-panel-defect-dataset/val/Dusty/Dust (38).jpg,val,Dusty,Dust (38).jpg,.jpg
/kaggle/input/datasets/alicjalena/pv-panel-defect-dataset/val/Dusty/Dust (144).jpg,val,Dusty,Dust (144).jpg,.jpg
/kaggle/input/datasets/alicjalena/pv-panel-defect-dataset/val/Dusty/Dust (188).jpg,val,Dusty,Dust (188).jpg,.jpg
/kaggle/input/datasets/alicjalena/pv-panel-defect-dataset/val/Dusty/Dust (73).jpg,val,Dusty,Dust (73).jpg,.jpg
/kaggle/input/datasets/alicjalena/pv-panel-defect-dataset/val/Dusty/Dust (70).jpg,val,Dusty,Dust (70).jpg,.jpg
/kaggle/input/datasets/alicjalena/pv-panel-defect-dataset/val/Dusty/Dust (74).jpg,val,Dusty,Dust (74).jpg,.jpg
/kaggle/input/datasets/alicjalena/pv-panel-defect-dataset/val/Dusty/Dust (67).jpg,val,Dusty,Dust (67).jpg,.jpg
/kaggle/input/datasets/alicjalena/pv-panel-defect-dataset/val/Dusty/Dust (123).jpg,val,Dusty,Dust (123).jpg,.jpg
/kaggle/input/datasets/alicjalena/pv-panel-defect-dataset/val/Dusty/Dust (177).jpg,val,Dusty,Dust (177).jpg,.jpg
/kaggle/input/datasets/alicjalena/pv-panel-defect-dataset/val/Dusty/Dust (97).jpg,val,Dusty,Dust (97).jpg,.jpg
/kaggle/input/datasets/alicjalena/pv-panel-defect-dataset/val/Dusty/Dust (189).jpg,val,Dusty,Dust (189).jpg,.jpg
/kaggle/input/datasets/alicjalena/pv-panel-defect-dataset/val/Dusty/Dust (26).jpg,val,Dusty,Dust (26).jpg,.jpg
/kaggle/input/datasets/alicjalena/pv-panel-defect-dataset/val/Dusty/Dust (183).jpg,val,Dusty,Dust (183).jpg,.jpg
/kaggle/input/datasets/alicjalena/pv-panel-defect-dataset/val/Dusty/Dust (115).jpg,val,Dusty,Dust (115).jpg,.jpg
/kaggle/input/datasets/alicjalena/pv-panel-defect-dataset/val/Dusty/Dust (98).jpg,val,Dusty,Dust (98).jpg,.jpg
/kaggle/input/datasets/alicjalena/pv-panel-defect-dataset/val/Electrical-damage/Electrical (115).jpg,val,Electrical-damage,Electrical (115).jpg,.jpg
/kaggle/input/datasets/alicjalena/pv-panel-defect-dataset/val/Electrical-damage/Electrical (77).jpg,val,Electrical-damage,Electrical (77).jpg,.jpg
/kaggle/input/datasets/alicjalena/pv-panel-defect-dataset/val/Electrical-damage/Electrical (137).jpg,val,Electrical-damage,Electrical (137).jpg,.jpg
/kaggle/input/datasets/alicjalena/pv-panel-defect-dataset/val/Electrical-damage/Electrical (10).jpg,val,Electrical-damage,Electrical (10).jpg,.jpg
/kaggle/input/datasets/alicjalena/pv-panel-defect-dataset/val/Electrical-damage/Electrical (25).jpg,val,Electrical-damage,Electrical (25).jpg,.jpg
/kaggle/input/datasets/alicjalena/pv-panel-defect-dataset/val/Electrical-damage/Electrical (4).jpg,val,Electrical-damage,Electrical (4).jpg,.jpg
/kaggle/input/datasets/alicjalena/pv-panel-defect-dataset/val/Electrical-damage/Electrical (144).jpg,val,Electrical-damage,Electrical (144).jpg,.jpg
/kaggle/input/datasets/alicjalena/pv-panel-defect-dataset/val/Electrical-damage/Electrical (44).jpg,val,Electrical-damage,Electrical (44).jpg,.jpg
/kaggle/input/datasets/alicjalena/pv-panel-defect-dataset/val/Electrical-damage/Electrical (35).jpg,val,Electrical-damage,Electrical (35).jpg,.jpg
/kaggle/input/datasets/alicjalena/pv-panel-defect-dataset/val/Electrical-damage/Electrical (119).jpg,val,Electrical-damage,Electrical (119).jpg,.jpg
/kaggle/input/datasets/alicjalena/pv-panel-defect-dataset/val/Electrical-damage/Electrical (68).jpg,val,Electrical-damage,Electrical (68).jpg,.jpg
/kaggle/input/datasets/alicjalena/pv-panel-defect-dataset/val/Electrical-damage/Electrical (82).jpg,val,Electrical-damage,Electrical (82).jpg,.jpg
/kaggle/input/datasets/alicjalena/pv-panel-defect-dataset/val/Electrical-damage/Electrical (138).jpg,val,Electrical-damage,Electrical (138).jpg,.jpg
/kaggle/input/datasets/alicjalena/pv-panel-defect-dataset/val/Electrical-damage/Electrical (61).jpg,val,Electrical-damage,Electrical (61).jpg,.jpg
/kaggle/input/datasets/alicjalena/pv-panel-defect-dataset/val/Electrical-damage/Electrical (3).png,val,Electrical-damage,Electrical (3).png,.png
/kaggle/input/datasets/alicjalena/pv-panel-defect-dataset/val/Electrical-damage/Electrical (130).jpg,val,Electrical-damage,Electrical (130).jpg,.jpg
/kaggle/input/datasets/alicjalena/pv-panel-defect-dataset/val/Electrical-damage/Electrical (126).jpg,val,Electrical-damage,Electrical (126).jpg,.jpg
/kaggle/input/datasets/alicjalena/pv-panel-defect-dataset/val/Electrical-damage/Electrical (56).jpg,val,Electrical-damage,Electrical (56).jpg,.jpg
/kaggle/input/datasets/alicjalena/pv-panel-defect-dataset/val/Electrical-damage/Electrical (22).jpg,val,Electrical-damage,Electrical (22).jpg,.jpg
/kaggle/input/datasets/alicjalena/pv-panel-defect-dataset/val/Electrical-damage/Electrical (8).jpg,val,Electrical-damage,Electrical (8).jpg,.jpg
/kaggle/input/datasets/alicjalena/pv-panel-defect-dataset/val/Electrical-damage/Electrical (73).jpg,val,Electrical-damage,Electrical (73).jpg,.jpg
/kaggle/input/datasets/alicjalena/pv-panel-defect-dataset/val/Electrical-damage/Electrical (27).jpg,val,Electrical-damage,Electrical (27).jpg,.jpg
/kaggle/input/datasets/alicjalena/pv-panel-defect-dataset/val/Electrical-damage/Electrical (62).jpg,val,Electrical-damage,Electrical (62).jpg,.jpg
/kaggle/input/datasets/alicjalena/pv-panel-defect-dataset/val/Electrical-damage/Electrical (110).jpg,val,Electrical-damage,Electrical (110).jpg,.jpg
/kaggle/input/datasets/alicjalena/pv-panel-defect-dataset/val/Electrical-damage/Electrical (105).jpg,val,Electrical-damage,Electrical (105).jpg,.jpg
/kaggle/input/datasets/alicjalena/pv-panel-defect-dataset/val/Electrical-damage/Electrical (100).jpg,val,Electrical-damage,Electrical (100).jpg,.jpg
/kaggle/input/datasets/alicjalena/pv-panel-defect-dataset/val/Electrical-damage/Electrical (12).jpg,val,Electrical-damage,Electrical (12).jpg,.jpg
/kaggle/input/datasets/alicjalena/pv-panel-defect-dataset/val/Electrical-damage/Electrical (81).jpg,val,Electrical-damage,Electrical (81).jpg,.jpg
/kaggle/input/datasets/alicjalena/pv-panel-defect-dataset/val/Electrical-damage/Electrical (104).jpg,val,Electrical-damage,Electrical (104).jpg,.jpg
/kaggle/input/datasets/alicjalena/pv-panel-defect-dataset/val/Electrical-damage/Electrical (72).jpg,val,Electrical-damage,Electrical (72).jpg,.jpg
/kaggle/input/datasets/alicjalena/pv-panel-defect-dataset/val/Electrical-damage/Electrical (64).jpg,val,Electrical-damage,Electrical (64).jpg,.jpg
/kaggle/input/datasets/alicjalena/pv-panel-defect-dataset/val/Electrical-damage/Electrical (15).jpg,val,Electrical-damage,Electrical (15).jpg,.jpg
/kaggle/input/datasets/alicjalena/pv-panel-defect-dataset/val/Electrical-damage/Electrical (63).jpg,val,Electrical-damage,Electrical (63).jpg,.jpg
/kaggle/input/datasets/alicjalena/pv-panel-defect-dataset/val/Electrical-damage/Electrical (46).jpg,val,Electrical-damage,Electrical (46).jpg,.jpg
/kaggle/input/datasets/alicjalena/pv-panel-defect-dataset/val/Electrical-damage/Electrical (42).jpg,val,Electrical-damage,Electrical (42).jpg,.jpg
/kaggle/input/datasets/alicjalena/pv-panel-defect-dataset/val/Electrical-damage/Electrical (107).jpg,val,Electrical-damage,Electrical (107).jpg,.jpg
/kaggle/input/datasets/alicjalena/pv-panel-defect-dataset/val/Electrical-damage/Electrical (87).jpg,val,Electrical-damage,Electrical (87).jpg,.jpg
/kaggle/input/datasets/alicjalena/pv-panel-defect-dataset/val/Electrical-damage/Electrical (93).jpg,val,Electrical-damage,Electrical (93).jpg,.jpg
/kaggle/input/datasets/alicjalena/pv-panel-defect-dataset/val/Electrical-damage/Electrical (29).jpg,val,Electrical-damage,Electrical (29).jpg,.jpg
/kaggle/input/datasets/alicjalena/pv-panel-defect-dataset/val/Electrical-damage/Electrical (2).png,val,Electrical-damage,Electrical (2).png,.png
/kaggle/input/datasets/alicjalena/pv-panel-defect-dataset/val/Electrical-damage/Electrical (60).jpg,val,Electrical-damage,Electrical (60).jpg,.jpg
/kaggle/input/datasets/alicjalena/pv-panel-defect-dataset/val/Electrical-damage/Electrical (33).jpg,val,Electrical-damage,Electrical (33).jpg,.jpg
/kaggle/input/datasets/alicjalena/pv-panel-defect-dataset/val/Electrical-damage/Electrical (121).jpg,val,Electrical-damage,Electrical (121).jpg,.jpg
/kaggle/input/datasets/alicjalena/pv-panel-defect-dataset/val/Electrical-damage/Electrical (116).jpg,val,Electrical-damage,Electrical (116).jpg,.jpg
/kaggle/input/datasets/alicjalena/pv-panel-defect-dataset/val/Electrical-damage/Electrical (48).jpg,val,Electrical-damage,Electrical (48).jpg,.jpg
/kaggle/input/datasets/alicjalena/pv-panel-defect-dataset/val/Electrical-damage/Electrical (78).jpg,val,Electrical-damage,Electrical (78).jpg,.jpg
/kaggle/input/datasets/alicjalena/pv-panel-defect-dataset/val/Electrical-damage/Electrical (125).jpg,val,Electrical-damage,Electrical (125).jpg,.jpg
/kaggle/input/datasets/alicjalena/pv-panel-defect-dataset/val/Electrical-damage/Electrical (23).jpg,val,Electrical-damage,Electrical (23).jpg,.jpg
/kaggle/input/datasets/alicjalena/pv-panel-defect-dataset/val/Electrical-damage/Electrical (71).jpg,val,Electrical-damage,Electrical (71).jpg,.jpg
/kaggle/input/datasets/alicjalena/pv-panel-defect-dataset/val/Electrical-damage/Electrical (79).jpg,val,Electrical-damage,Electrical (79).jpg,.jpg
/kaggle/input/datasets/alicjalena/pv-panel-defect-dataset/val/Electrical-damage/Electrical (94).jpg,val,Electrical-damage,Electrical (94).jpg,.jpg
/kaggle/input/datasets/alicjalena/pv-panel-defect-dataset/val/Electrical-damage/Electrical (54).jpg,val,Electrical-damage,Electrical (54).jpg,.jpg
/kaggle/input/datasets/alicjalena/pv-panel-defect-dataset/val/Electrical-damage/Electrical (114).jpg,val,Electrical-damage,Electrical (114).jpg,.jpg
/kaggle/input/datasets/alicjalena/pv-panel-defect-dataset/val/Electrical-damage/Electrical (45).jpg,val,Electrical-damage,Electrical (45).jpg,.jpg
/kaggle/input/datasets/alicjalena/pv-panel-defect-dataset/val/Electrical-damage/Electrical (145).jpg,val,Electrical-damage,Electrical (145).jpg,.jpg
/kaggle/input/datasets/alicjalena/pv-panel-defect-dataset/val/Electrical-damage/Electrical (7).jpg,val,Electrical-damage,Electrical (7).jpg,.jpg
/kaggle/input/datasets/alicjalena/pv-panel-defect-dataset/val/Electrical-damage/Electrical (14).jpg,val,Electrical-damage,Electrical (14).jpg,.jpg
/kaggle/input/datasets/alicjalena/pv-panel-defect-dataset/val/Electrical-damage/Electrical (39).jpg,val,Electrical-damage,Electrical (39).jpg,.jpg
/kaggle/input/datasets/alicjalena/pv-panel-defect-dataset/val/Electrical-damage/Electrical (95).jpg,val,Electrical-damage,Electrical (95).jpg,.jpg
/kaggle/input/datasets/alicjalena/pv-panel-defect-dataset/val/Electrical-damage/Electrical (20).jpg,val,Electrical-damage,Electrical (20).jpg,.jpg
/kaggle/input/datasets/alicjalena/pv-panel-defect-dataset/val/Electrical-damage/Electrical (111).jpg,val,Electrical-damage,Electrical (111).jpg,.jpg
/kaggle/input/datasets/alicjalena/pv-panel-defect-dataset/val/Electrical-damage/Electrical (13).jpg,val,Electrical-damage,Electrical (13).jpg,.jpg
/kaggle/input/datasets/alicjalena/pv-panel-defect-dataset/val/Electrical-damage/Electrical (128).jpg,val,Electrical-damage,Electrical (128).jpg,.jpg
/kaggle/input/datasets/alicjalena/pv-panel-defect-dataset/val/Electrical-damage/Electrical (67).jpg,val,Electrical-damage,Electrical (67).jpg,.jpg
/kaggle/input/datasets/alicjalena/pv-panel-defect-dataset/val/Electrical-damage/Electrical (92).jpg,val,Electrical-damage,Electrical (92).jpg,.jpg
/kaggle/input/datasets/alicjalena/pv-panel-defect-dataset/val/Electrical-damage/Electrical (143).jpg,val,Electrical-damage,Electrical (143).jpg,.jpg
/kaggle/input/datasets/alicjalena/pv-panel-defect-dataset/val/Electrical-damage/Electrical (76).jpg,val,Electrical-damage,Electrical (76).jpg,.jpg
/kaggle/input/datasets/alicjalena/pv-panel-defect-dataset/val/Electrical-damage/Electrical (96).jpg,val,Electrical-damage,Electrical (96).jpg,.jpg
/kaggle/input/datasets/alicjalena/pv-panel-defect-dataset/val/Electrical-damage/Electrical (86).jpg,val,Electrical-damage,Electrical (86).jpg,.jpg
/kaggle/input/datasets/alicjalena/pv-panel-defect-dataset/val/Electrical-damage/Electrical (1).jpg,val,Electrical-damage,Electrical (1).jpg,.jpg
/kaggle/input/datasets/alicjalena/pv-panel-defect-dataset/val/Electrical-damage/Electrical (153).jpg,val,Electrical-damage,Electrical (153).jpg,.jpg
/kaggle/input/datasets/alicjalena/pv-panel-defect-dataset/val/Electrical-damage/Electrical (147).jpg,val,Electrical-damage,Electrical (147).jpg,.jpg
/kaggle/input/datasets/alicjalena/pv-panel-defect-dataset/val/Electrical-damage/Electrical (142).jpg,val,Electrical-damage,Electrical (142).jpg,.jpg
/kaggle/input/datasets/alicjalena/pv-panel-defect-dataset/val/Electrical-damage/Electrical (43).jpg,val,Electrical-damage,Electrical (43).jpg,.jpg
/kaggle/input/datasets/alicjalena/pv-panel-defect-dataset/val/Electrical-damage/Electrical (4).png,val,Electrical-damage,Electrical (4).png,.png
/kaggle/input/datasets/alicjalena/pv-panel-defect-dataset/val/Electrical-damage/Electrical (9).jpg,val,Electrical-damage,Electrical (9).jpg,.jpg
/kaggle/input/datasets/alicjalena/pv-panel-defect-dataset/val/Electrical-damage/Electrical (69).jpg,val,Electrical-damage,Electrical (69).jpg,.jpg
/kaggle/input/datasets/alicjalena/pv-panel-defect-dataset/val/Physical-Damage/Physical (144).jpg,val,Physical-Damage,Physical (144).jpg,.jpg
/kaggle/input/datasets/alicjalena/pv-panel-defect-dataset/val/Physical-Damage/Physical (123).jpg,val,Physical-Damage,Physical (123).jpg,.jpg
/kaggle/input/datasets/alicjalena/pv-panel-defect-dataset/val/Physical-Damage/Physical (19).jpg,val,Physical-Damage,Physical (19).jpg,.jpg
/kaggle/input/datasets/alicjalena/pv-panel-defect-dataset/val/Physical-Damage/Physical (147).jpg,val,Physical-Damage,Physical (147).jpg,.jpg
/kaggle/input/datasets/alicjalena/pv-panel-defect-dataset/val/Physical-Damage/Physical (64).jpg,val,Physical-Damage,Physical (64).jpg,.jpg
/kaggle/input/datasets/alicjalena/pv-panel-defect-dataset/val/Physical-Damage/Physical (58).jpg,val,Physical-Damage,Physical (58).jpg,.jpg
/kaggle/input/datasets/alicjalena/pv-panel-defect-dataset/val/Physical-Damage/Physical (112).jpg,val,Physical-Damage,Physical (112).jpg,.jpg
/kaggle/input/datasets/alicjalena/pv-panel-defect-dataset/val/Physical-Damage/Physical (98).jpg,val,Physical-Damage,Physical (98).jpg,.jpg
/kaggle/input/datasets/alicjalena/pv-panel-defect-dataset/val/Physical-Damage/Physical (111).jpg,val,Physical-Damage,Physical (111).jpg,.jpg
/kaggle/input/datasets/alicjalena/pv-panel-defect-dataset/val/Physical-Damage/Physical (85).jpg,val,Physical-Damage,Physical (85).jpg,.jpg
/kaggle/input/datasets/alicjalena/pv-panel-defect-dataset/val/Physical-Damage/Physical (43).jpg,val,Physical-Damage,Physical (43).jpg,.jpg
/kaggle/input/datasets/alicjalena/pv-panel-defect-dataset/val/Physical-Damage/Physical (78).jpg,val,Physical-Damage,Physical (78).jpg,.jpg
/kaggle/input/datasets/alicjalena/pv-panel-defect-dataset/val/Physical-Damage/Physical (70).jpg,val,Physical-Damage,Physical (70).jpg,.jpg
/kaggle/input/datasets/alicjalena/pv-panel-defect-dataset/val/Physical-Damage/Physical (49).jpg,val,Physical-Damage,Physical (49).jpg,.jpg
/kaggle/input/datasets/alicjalena/pv-panel-defect-dataset/val/Physical-Damage/Physical (40).jpg,val,Physical-Damage,Physical (40).jpg,.jpg
/kaggle/input/datasets/alicjalena/pv-panel-defect-dataset/val/Physical-Damage/Physical (71).jpg,val,Physical-Damage,Physical (71).jpg,.jpg
/kaggle/input/datasets/alicjalena/pv-panel-defect-dataset/val/Physical-Damage/Physical (68).jpg,val,Physical-Damage,Physical (68).jpg,.jpg
/kaggle/input/datasets/alicjalena/pv-panel-defect-dataset/val/Physical-Damage/Physical (6).jpg,val,Physical-Damage,Physical (6).jpg,.jpg
/kaggle/input/datasets/alicjalena/pv-panel-defect-dataset/val/Physical-Damage/Physical (74).jpg,val,Physical-Damage,Physical (74).jpg,.jpg
/kaggle/input/datasets/alicjalena/pv-panel-defect-dataset/val/Physical-Damage/Physical (33).jpg,val,Physical-Damage,Physical (33).jpg,.jpg
/kaggle/input/datasets/alicjalena/pv-panel-defect-dataset/val/Physical-Damage/Physical (121).jpg,val,Physical-Damage,Physical (121).jpg,.jpg
/kaggle/input/datasets/alicjalena/pv-panel-defect-dataset/val/Physical-Damage/Physical (22).jpg,val,Physical-Damage,Physical (22).jpg,.jpg
/kaggle/input/datasets/alicjalena/pv-panel-defect-dataset/val/Physical-Damage/Physical (140).jpg,val,Physical-Damage,Physical (140).jpg,.jpg
/kaggle/input/datasets/alicjalena/pv-panel-defect-dataset/val/Physical-Damage/Physical (62).jpg,val,Physical-Damage,Physical (62).jpg,.jpg
/kaggle/input/datasets/alicjalena/pv-panel-defect-dataset/val/Physical-Damage/Physical (77).jpg,val,Physical-Damage,Physical (77).jpg,.jpg
/kaggle/input/datasets/alicjalena/pv-panel-defect-dataset/val/Physical-Damage/Physical (13).jpg,val,Physical-Damage,Physical (13).jpg,.jpg
/kaggle/input/datasets/alicjalena/pv-panel-defect-dataset/val/Physical-Damage/Physical (107).jpg,val,Physical-Damage,Physical (107).jpg,.jpg
/kaggle/input/datasets/alicjalena/pv-panel-defect-dataset/val/Physical-Damage/Physical (18).jpg,val,Physical-Damage,Physical (18).jpg,.jpg
/kaggle/input/datasets/alicjalena/pv-panel-defect-dataset/val/Physical-Damage/Physical (59).jpg,val,Physical-Damage,Physical (59).jpg,.jpg
/kaggle/input/datasets/alicjalena/pv-panel-defect-dataset/val/Physical-Damage/Physical (52).jpg,val,Physical-Damage,Physical (52).jpg,.jpg
/kaggle/input/datasets/alicjalena/pv-panel-defect-dataset/val/Physical-Damage/Physical (25).jpg,val,Physical-Damage,Physical (25).jpg,.jpg
/kaggle/input/datasets/alicjalena/pv-panel-defect-dataset/val/Physical-Damage/Physical (15).jpg,val,Physical-Damage,Physical (15).jpg,.jpg
/kaggle/input/datasets/alicjalena/pv-panel-defect-dataset/val/Physical-Damage/Physical (60).jpg,val,Physical-Damage,Physical (60).jpg,.jpg
/kaggle/input/datasets/alicjalena/pv-panel-defect-dataset/val/Physical-Damage/Physical (130).jpg,val,Physical-Damage,Physical (130).jpg,.jpg
/kaggle/input/datasets/alicjalena/pv-panel-defect-dataset/val/Physical-Damage/Physical (87).jpg,val,Physical-Damage,Physical (87).jpg,.jpg
/kaggle/input/datasets/alicjalena/pv-panel-defect-dataset/val/Physical-Damage/Physical (124).jpg,val,Physical-Damage,Physical (124).jpg,.jpg
/kaggle/input/datasets/alicjalena/pv-panel-defect-dataset/val/Physical-Damage/Physical (5).jpg,val,Physical-Damage,Physical (5).jpg,.jpg
/kaggle/input/datasets/alicjalena/pv-panel-defect-dataset/val/Physical-Damage/Physical (17).jpg,val,Physical-Damage,Physical (17).jpg,.jpg
/kaggle/input/datasets/alicjalena/pv-panel-defect-dataset/val/Physical-Damage/Physical (128).jpg,val,Physical-Damage,Physical (128).jpg,.jpg
/kaggle/input/datasets/alicjalena/pv-panel-defect-dataset/val/Physical-Damage/Physical (9).jpg,val,Physical-Damage,Physical (9).jpg,.jpg
/kaggle/input/datasets/alicjalena/pv-panel-defect-dataset/val/Physical-Damage/Physical (106).jpg,val,Physical-Damage,Physical (106).jpg,.jpg
/kaggle/input/datasets/alicjalena/pv-panel-defect-dataset/val/Physical-Damage/Physical (118).jpg,val,Physical-Damage,Physical (118).jpg,.jpg
/kaggle/input/datasets/alicjalena/pv-panel-defect-dataset/val/Physical-Damage/Physical (96).jpg,val,Physical-Damage,Physical (96).jpg,.jpg
/kaggle/input/datasets/alicjalena/pv-panel-defect-dataset/val/Physical-Damage/Physical (91).jpg,val,Physical-Damage,Physical (91).jpg,.jpg
/kaggle/input/datasets/alicjalena/pv-panel-defect-dataset/val/Physical-Damage/Physical (50).jpg,val,Physical-Damage,Physical (50).jpg,.jpg
/kaggle/input/datasets/alicjalena/pv-panel-defect-dataset/val/Physical-Damage/Physical (84).jpg,val,Physical-Damage,Physical (84).jpg,.jpg
/kaggle/input/datasets/alicjalena/pv-panel-defect-dataset/val/Physical-Damage/Physical (131).jpg,val,Physical-Damage,Physical (131).jpg,.jpg
/kaggle/input/datasets/alicjalena/pv-panel-defect-dataset/val/Physical-Damage/Physical (69).jpg,val,Physical-Damage,Physical (69).jpg,.jpg
/kaggle/input/datasets/alicjalena/pv-panel-defect-dataset/val/Physical-Damage/Physical (1).jpg,val,Physical-Damage,Physical (1).jpg,.jpg
/kaggle/input/datasets/alicjalena/pv-panel-defect-dataset/val/Physical-Damage/Physical (34).jpg,val,Physical-Damage,Physical (34).jpg,.jpg
/kaggle/input/datasets/alicjalena/pv-panel-defect-dataset/val/Physical-Damage/Physical (104).jpg,val,Physical-Damage,Physical (104).jpg,.jpg
/kaggle/input/datasets/alicjalena/pv-panel-defect-dataset/val/Physical-Damage/Physical (89).jpg,val,Physical-Damage,Physical (89).jpg,.jpg
/kaggle/input/datasets/alicjalena/pv-panel-defect-dataset/val/Physical-Damage/Physical (136).jpg,val,Physical-Damage,Physical (136).jpg,.jpg
/kaggle/input/datasets/alicjalena/pv-panel-defect-dataset/val/Physical-Damage/Physical (113).jpg,val,Physical-Damage,Physical (113).jpg,.jpg
/kaggle/input/datasets/alicjalena/pv-panel-defect-dataset/val/Physical-Damage/Physical (3).jpg,val,Physical-Damage,Physical (3).jpg,.jpg
/kaggle/input/datasets/alicjalena/pv-panel-defect-dataset/val/Physical-Damage/Physical (120).jpg,val,Physical-Damage,Physical (120).jpg,.jpg
/kaggle/input/datasets/alicjalena/pv-panel-defect-dataset/val/Physical-Damage/Physical (8).jpg,val,Physical-Damage,Physical (8).jpg,.jpg
/kaggle/input/datasets/alicjalena/pv-panel-defect-dataset/val/Physical-Damage/Physical (38).jpg,val,Physical-Damage,Physical (38).jpg,.jpg
/kaggle/input/datasets/alicjalena/pv-panel-defect-dataset/val/Physical-Damage/Physical (45).jpg,val,Physical-Damage,Physical (45).jpg,.jpg
/kaggle/input/datasets/alicjalena/pv-panel-defect-dataset/val/Physical-Damage/Physical (97).jpg,val,Physical-Damage,Physical (97).jpg,.jpg
/kaggle/input/datasets/alicjalena/pv-panel-defect-dataset/val/Physical-Damage/Physical (148).jpg,val,Physical-Damage,Physical (148).jpg,.jpg
/kaggle/input/datasets/alicjalena/pv-panel-defect-dataset/val/Physical-Damage/Physical (24).jpg,val,Physical-Damage,Physical (24).jpg,.jpg
/kaggle/input/datasets/alicjalena/pv-panel-defect-dataset/val/Physical-Damage/Physical (67).jpg,val,Physical-Damage,Physical (67).jpg,.jpg
/kaggle/input/datasets/alicjalena/pv-panel-defect-dataset/val/Physical-Damage/Physical (37).jpg,val,Physical-Damage,Physical (37).jpg,.jpg
/kaggle/input/datasets/alicjalena/pv-panel-defect-dataset/val/Physical-Damage/Physical (100).jpg,val,Physical-Damage,Physical (100).jpg,.jpg
/kaggle/input/datasets/alicjalena/pv-panel-defect-dataset/val/Physical-Damage/Physical (54).jpg,val,Physical-Damage,Physical (54).jpg,.jpg
/kaggle/input/datasets/alicjalena/pv-panel-defect-dataset/val/Physical-Damage/Physical (141).jpg,val,Physical-Damage,Physical (141).jpg,.jpg
/kaggle/input/datasets/alicjalena/pv-panel-defect-dataset/val/Physical-Damage/Physical (53).jpg,val,Physical-Damage,Physical (53).jpg,.jpg
/kaggle/input/datasets/alicjalena/pv-panel-defect-dataset/val/Physical-Damage/Physical (137).jpg,val,Physical-Damage,Physical (137).jpg,.jpg
/kaggle/input/datasets/alicjalena/pv-panel-defect-dataset/val/Physical-Damage/Physical (145).jpg,val,Physical-Damage,Physical (145).jpg,.jpg
/kaggle/input/datasets/alicjalena/pv-panel-defect-dataset/val/Physical-Damage/Physical (127).jpg,val,Physical-Damage,Physical (127).jpg,.jpg
/kaggle/input/datasets/alicjalena/pv-panel-defect-dataset/val/Physical-Damage/Physical (44).jpg,val,Physical-Damage,Physical (44).jpg,.jpg
/kaggle/input/datasets/alicjalena/pv-panel-defect-dataset/val/Physical-Damage/Physical (4).jpg,val,Physical-Damage,Physical (4).jpg,.jpg
/kaggle/input/datasets/alicjalena/pv-panel-defect-dataset/val/Physical-Damage/Physical (46).jpg,val,Physical-Damage,Physical (46).jpg,.jpg
/kaggle/input/datasets/alicjalena/pv-panel-defect-dataset/val/Physical-Damage/Physical (126).jpg,val,Physical-Damage,Physical (126).jpg,.jpg
/kaggle/input/datasets/alicjalena/pv-panel-defect-dataset/val/Physical-Damage/Physical (116).jpg,val,Physical-Damage,Physical (116).jpg,.jpg
/kaggle/input/datasets/alicjalena/pv-panel-defect-dataset/val/Physical-Damage/Physical (94).jpg,val,Physical-Damage,Physical (94).jpg,.jpg
/kaggle/input/datasets/alicjalena/pv-panel-defect-dataset/val/Physical-Damage/Physical (63).jpg,val,Physical-Damage,Physical (63).jpg,.jpg
/kaggle/input/datasets/alicjalena/pv-panel-defect-dataset/val/Snow-Covered/Snow (83).jpg,val,Snow-Covered,Snow (83).jpg,.jpg
/kaggle/input/datasets/alicjalena/pv-panel-defect-dataset/val/Snow-Covered/Snow (61).jpg,val,Snow-Covered,Snow (61).jpg,.jpg
/kaggle/input/datasets/alicjalena/pv-panel-defect-dataset/val/Snow-Covered/Snow (55).jpg,val,Snow-Covered,Snow (55).jpg,.jpg
/kaggle/input/datasets/alicjalena/pv-panel-defect-dataset/val/Snow-Covered/Snow (127).jpg,val,Snow-Covered,Snow (127).jpg,.jpg
/kaggle/input/datasets/alicjalena/pv-panel-defect-dataset/val/Snow-Covered/Snow (167).jpg,val,Snow-Covered,Snow (167).jpg,.jpg
/kaggle/input/datasets/alicjalena/pv-panel-defect-dataset/val/Snow-Covered/Snow (67).jpg,val,Snow-Covered,Snow (67).jpg,.jpg
/kaggle/input/datasets/alicjalena/pv-panel-defect-dataset/val/Snow-Covered/Snow (53).jpg,val,Snow-Covered,Snow (53).jpg,.jpg
/kaggle/input/datasets/alicjalena/pv-panel-defect-dataset/val/Snow-Covered/Snow (34).jpg,val,Snow-Covered,Snow (34).jpg,.jpg
/kaggle/input/datasets/alicjalena/pv-panel-defect-dataset/val/Snow-Covered/Snow (173).jpg,val,Snow-Covered,Snow (173).jpg,.jpg
/kaggle/input/datasets/alicjalena/pv-panel-defect-dataset/val/Snow-Covered/Snow (4).jpg,val,Snow-Covered,Snow (4).jpg,.jpg
/kaggle/input/datasets/alicjalena/pv-panel-defect-dataset/val/Snow-Covered/Snow (45).jpg,val,Snow-Covered,Snow (45).jpg,.jpg
/kaggle/input/datasets/alicjalena/pv-panel-defect-dataset/val/Snow-Covered/Snow (134).jpg,val,Snow-Covered,Snow (134).jpg,.jpg
/kaggle/input/datasets/alicjalena/pv-panel-defect-dataset/val/Snow-Covered/Snow (11).jpg,val,Snow-Covered,Snow (11).jpg,.jpg
/kaggle/input/datasets/alicjalena/pv-panel-defect-dataset/val/Snow-Covered/Snow (35).jpg,val,Snow-Covered,Snow (35).jpg,.jpg
/kaggle/input/datasets/alicjalena/pv-panel-defect-dataset/val/Snow-Covered/Snow (118).jpg,val,Snow-Covered,Snow (118).jpg,.jpg
/kaggle/input/datasets/alicjalena/pv-panel-defect-dataset/val/Snow-Covered/Snow (129).jpg,val,Snow-Covered,Snow (129).jpg,.jpg
/kaggle/input/datasets/alicjalena/pv-panel-defect-dataset/val/Snow-Covered/Snow (152).jpg,val,Snow-Covered,Snow (152).jpg,.jpg
/kaggle/input/datasets/alicjalena/pv-panel-defect-dataset/val/Snow-Covered/Snow (106).jpg,val,Snow-Covered,Snow (106).jpg,.jpg
/kaggle/input/datasets/alicjalena/pv-panel-defect-dataset/val/Snow-Covered/Snow (19).jpg,val,Snow-Covered,Snow (19).jpg,.jpg
/kaggle/input/datasets/alicjalena/pv-panel-defect-dataset/val/Snow-Covered/Snow (28).jpg,val,Snow-Covered,Snow (28).jpg,.jpg
/kaggle/input/datasets/alicjalena/pv-panel-defect-dataset/val/Snow-Covered/Snow (154).jpg,val,Snow-Covered,Snow (154).jpg,.jpg
/kaggle/input/datasets/alicjalena/pv-panel-defect-dataset/val/Snow-Covered/Snow (136).jpg,val,Snow-Covered,Snow (136).jpg,.jpg
/kaggle/input/datasets/alicjalena/pv-panel-defect-dataset/val/Snow-Covered/Snow (97).jpg,val,Snow-Covered,Snow (97).jpg,.jpg
/kaggle/input/datasets/alicjalena/pv-panel-defect-dataset/val/Snow-Covered/Snow (49).jpg,val,Snow-Covered,Snow (49).jpg,.jpg
/kaggle/input/datasets/alicjalena/pv-panel-defect-dataset/val/Snow-Covered/Snow (95).jpg,val,Snow-Covered,Snow (95).jpg,.jpg
/kaggle/input/datasets/alicjalena/pv-panel-defect-dataset/val/Snow-Covered/Snow (68).jpg,val,Snow-Covered,Snow (68).jpg,.jpg
/kaggle/input/datasets/alicjalena/pv-panel-defect-dataset/val/Snow-Covered/Snow (59).jpg,val,Snow-Covered,Snow (59).jpg,.jpg
/kaggle/input/datasets/alicjalena/pv-panel-defect-dataset/val/Snow-Covered/Snow (155).jpg,val,Snow-Covered,Snow (155).jpg,.jpg
/kaggle/input/datasets/alicjalena/pv-panel-defect-dataset/val/Snow-Covered/Snow (133).jpg,val,Snow-Covered,Snow (133).jpg,.jpg
/kaggle/input/datasets/alicjalena/pv-panel-defect-dataset/val/Snow-Covered/Snow (17).jpg,val,Snow-Covered,Snow (17).jpg,.jpg
/kaggle/input/datasets/alicjalena/pv-panel-defect-dataset/val/Snow-Covered/Snow (33).jpg,val,Snow-Covered,Snow (33).jpg,.jpg
/kaggle/input/datasets/alicjalena/pv-panel-defect-dataset/val/Snow-Covered/Snow (100).jpg,val,Snow-Covered,Snow (100).jpg,.jpg
/kaggle/input/datasets/alicjalena/pv-panel-defect-dataset/val/Snow-Covered/Snow (117).jpg,val,Snow-Covered,Snow (117).jpg,.jpg
/kaggle/input/datasets/alicjalena/pv-panel-defect-dataset/val/Snow-Covered/Snow (80).jpg,val,Snow-Covered,Snow (80).jpg,.jpg
/kaggle/input/datasets/alicjalena/pv-panel-defect-dataset/val/Snow-Covered/Snow (148).jpg,val,Snow-Covered,Snow (148).jpg,.jpg
/kaggle/input/datasets/alicjalena/pv-panel-defect-dataset/val/Snow-Covered/Snow (149).jpg,val,Snow-Covered,Snow (149).jpg,.jpg
/kaggle/input/datasets/alicjalena/pv-panel-defect-dataset/val/Snow-Covered/Snow (22).jpg,val,Snow-Covered,Snow (22).jpg,.jpg
/kaggle/input/datasets/alicjalena/pv-panel-defect-dataset/val/Snow-Covered/Snow (126).jpg,val,Snow-Covered,Snow (126).jpg,.jpg
/kaggle/input/datasets/alicjalena/pv-panel-defect-dataset/val/Snow-Covered/Snow (8).jpg,val,Snow-Covered,Snow (8).jpg,.jpg
/kaggle/input/datasets/alicjalena/pv-panel-defect-dataset/val/Snow-Covered/Snow (135).jpg,val,Snow-Covered,Snow (135).jpg,.jpg
/kaggle/input/datasets/alicjalena/pv-panel-defect-dataset/val/Snow-Covered/Snow (85).jpg,val,Snow-Covered,Snow (85).jpg,.jpg
/kaggle/input/datasets/alicjalena/pv-panel-defect-dataset/val/Snow-Covered/Snow (172).jpg,val,Snow-Covered,Snow (172).jpg,.jpg
/kaggle/input/datasets/alicjalena/pv-panel-defect-dataset/val/Snow-Covered/Snow (114).jpg,val,Snow-Covered,Snow (114).jpg,.jpg
/kaggle/input/datasets/alicjalena/pv-panel-defect-dataset/val/Snow-Covered/Snow (75).jpg,val,Snow-Covered,Snow (75).jpg,.jpg
/kaggle/input/datasets/alicjalena/pv-panel-defect-dataset/val/Snow-Covered/Snow (36).jpg,val,Snow-Covered,Snow (36).jpg,.jpg
/kaggle/input/datasets/alicjalena/pv-panel-defect-dataset/val/Snow-Covered/Snow (151).jpg,val,Snow-Covered,Snow (151).jpg,.jpg
/kaggle/input/datasets/alicjalena/pv-panel-defect-dataset/val/Snow-Covered/Snow (164).jpg,val,Snow-Covered,Snow (164).jpg,.jpg
/kaggle/input/datasets/alicjalena/pv-panel-defect-dataset/val/Snow-Covered/Snow (103).jpg,val,Snow-Covered,Snow (103).jpg,.jpg
/kaggle/input/datasets/alicjalena/pv-panel-defect-dataset/val/Snow-Covered/Snow (143).jpg,val,Snow-Covered,Snow (143).jpg,.jpg
/kaggle/input/datasets/alicjalena/pv-panel-defect-dataset/val/Snow-Covered/Snow (130).jpg,val,Snow-Covered,Snow (130).jpg,.jpg
/kaggle/input/datasets/alicjalena/pv-panel-defect-dataset/val/Snow-Covered/Snow (65).jpg,val,Snow-Covered,Snow (65).jpg,.jpg
/kaggle/input/datasets/alicjalena/pv-panel-defect-dataset/val/Snow-Covered/Snow (89).jpg,val,Snow-Covered,Snow (89).jpg,.jpg
/kaggle/input/datasets/alicjalena/pv-panel-defect-dataset/val/Snow-Covered/Snow (54).jpg,val,Snow-Covered,Snow (54).jpg,.jpg
/kaggle/input/datasets/alicjalena/pv-panel-defect-dataset/val/Snow-Covered/Snow (92).jpg,val,Snow-Covered,Snow (92).jpg,.jpg
/kaggle/input/datasets/alicjalena/pv-panel-defect-dataset/val/Snow-Covered/Snow (142).jpg,val,Snow-Covered,Snow (142).jpg,.jpg
/kaggle/input/datasets/alicjalena/pv-panel-defect-dataset/val/Snow-Covered/Snow (60).jpg,val,Snow-Covered,Snow (60).jpg,.jpg
/kaggle/input/datasets/alicjalena/pv-panel-defect-dataset/val/Snow-Covered/Snow (137).jpg,val,Snow-Covered,Snow (137).jpg,.jpg
/kaggle/input/datasets/alicjalena/pv-panel-defect-dataset/val/Snow-Covered/Snow (26).jpg,val,Snow-Covered,Snow (26).jpg,.jpg
/kaggle/input/datasets/alicjalena/pv-panel-defect-dataset/val/Snow-Covered/Snow (47).jpg,val,Snow-Covered,Snow (47).jpg,.jpg
/kaggle/input/datasets/alicjalena/pv-panel-defect-dataset/val/Snow-Covered/Snow (112).jpg,val,Snow-Covered,Snow (112).jpg,.jpg
/kaggle/input/datasets/alicjalena/pv-panel-defect-dataset/val/Snow-Covered/Snow (77).jpg,val,Snow-Covered,Snow (77).jpg,.jpg
/kaggle/input/datasets/alicjalena/pv-panel-defect-dataset/val/Snow-Covered/Snow (91).jpg,val,Snow-Covered,Snow (91).jpg,.jpg
/kaggle/input/datasets/alicjalena/pv-panel-defect-dataset/val/Snow-Covered/Snow (86).jpg,val,Snow-Covered,Snow (86).jpg,.jpg
/kaggle/input/datasets/alicjalena/pv-panel-defect-dataset/val/Snow-Covered/Snow (139).jpg,val,Snow-Covered,Snow (139).jpg,.jpg
/kaggle/input/datasets/alicjalena/pv-panel-defect-dataset/val/Snow-Covered/Snow (82).jpg,val,Snow-Covered,Snow (82).jpg,.jpg
/kaggle/input/datasets/alicjalena/pv-panel-defect-dataset/val/Snow-Covered/Snow (96).jpg,val,Snow-Covered,Snow (96).jpg,.jpg
/kaggle/input/datasets/alicjalena/pv-panel-defect-dataset/val/Snow-Covered/Snow (40).jpg,val,Snow-Covered,Snow (40).jpg,.jpg
/kaggle/input/datasets/alicjalena/pv-panel-defect-dataset/val/Snow-Covered/Snow (93).jpg,val,Snow-Covered,Snow (93).jpg,.jpg
/kaggle/input/datasets/alicjalena/pv-panel-defect-dataset/val/Snow-Covered/Snow (111).jpg,val,Snow-Covered,Snow (111).jpg,.jpg
/kaggle/input/datasets/alicjalena/pv-panel-defect-dataset/val/Snow-Covered/Snow (39).jpg,val,Snow-Covered,Snow (39).jpg,.jpg
/kaggle/input/datasets/alicjalena/pv-panel-defect-dataset/val/Snow-Covered/Snow (170).jpg,val,Snow-Covered,Snow (170).jpg,.jpg
/kaggle/input/datasets/alicjalena/pv-panel-defect-dataset/val/Snow-Covered/Snow (29).jpg,val,Snow-Covered,Snow (29).jpg,.jpg
/kaggle/input/datasets/alicjalena/pv-panel-defect-dataset/val/Snow-Covered/Snow (15).jpg,val,Snow-Covered,Snow (15).jpg,.jpg
/kaggle/input/datasets/alicjalena/pv-panel-defect-dataset/val/Snow-Covered/Snow (123).jpg,val,Snow-Covered,Snow (123).jpg,.jpg
/kaggle/input/datasets/alicjalena/pv-panel-defect-dataset/val/Snow-Covered/Snow (57).jpg,val,Snow-Covered,Snow (57).jpg,.jpg
/kaggle/input/datasets/alicjalena/pv-panel-defect-dataset/val/Snow-Covered/Snow (6).jpg,val,Snow-Covered,Snow (6).jpg,.jpg
/kaggle/input/datasets/alicjalena/pv-panel-defect-dataset/val/Snow-Covered/Snow (122).jpg,val,Snow-Covered,Snow (122).jpg,.jpg
/kaggle/input/datasets/alicjalena/pv-panel-defect-dataset/val/Snow-Covered/Snow (70).jpg,val,Snow-Covered,Snow (70).jpg,.jpg
/kaggle/input/datasets/alicjalena/pv-panel-defect-dataset/val/Snow-Covered/Snow (105).jpg,val,Snow-Covered,Snow (105).jpg,.jpg
/kaggle/input/datasets/alicjalena/pv-panel-defect-dataset/val/Snow-Covered/Snow (10).jpg,val,Snow-Covered,Snow (10).jpg,.jpg
/kaggle/input/datasets/alicjalena/pv-panel-defect-dataset/val/Snow-Covered/Snow (44).jpg,val,Snow-Covered,Snow (44).jpg,.jpg
/kaggle/input/datasets/alicjalena/pv-panel-defect-dataset/val/Snow-Covered/Snow (141).jpg,val,Snow-Covered,Snow (141).jpg,.jpg
/kaggle/input/datasets/alicjalena/pv-panel-defect-dataset/val/Snow-Covered/Snow (104).jpg,val,Snow-Covered,Snow (104).jpg,.jpg
/kaggle/input/datasets/alicjalena/pv-panel-defect-dataset/val/Snow-Covered/Snow (168).jpg,val,Snow-Covered,Snow (168).jpg,.jpg
/kaggle/input/datasets/alicjalena/pv-panel-defect-dataset/val/Snow-Covered/Snow (50).jpg,val,Snow-Covered,Snow (50).jpg,.jpg
/kaggle/input/datasets/alicjalena/pv-panel-defect-dataset/val/Snow-Covered/Snow (43).jpg,val,Snow-Covered,Snow (43).jpg,.jpg
/kaggle/input/datasets/alicjalena/pv-panel-defect-dataset/val/Snow-Covered/Snow (146).jpg,val,Snow-Covered,Snow (146).jpg,.jpg
/kaggle/input/datasets/alicjalena/pv-panel-defect-dataset/val/Snow-Covered/Snow (81).jpg,val,Snow-Covered,Snow (81).jpg,.jpg
/kaggle/input/datasets/alicjalena/pv-panel-defect-dataset/val/Snow-Covered/Snow (110).jpg,val,Snow-Covered,Snow (110).jpg,.jpg
/kaggle/input/datasets/alicjalena/pv-panel-defect-dataset/val/Snow-Covered/Snow (90).jpg,val,Snow-Covered,Snow (90).jpg,.jpg
/kaggle/input/datasets/alicjalena/pv-panel-defect-dataset/val/Snow-Covered/Snow (32).jpg,val,Snow-Covered,Snow (32).jpg,.jpg
/kaggle/input/datasets/alicjalena/pv-panel-defect-dataset/val/Snow-Covered/Snow (69).jpg,val,Snow-Covered,Snow (69).jpg,.jpg
/kaggle/input/datasets/alicjalena/pv-panel-defect-dataset/test/Bird-drop/Bird (55).jpg,test,Bird-drop,Bird (55).jpg,.jpg
/kaggle/input/datasets/alicjalena/pv-panel-defect-dataset/test/Bird-drop/Bird (137).JPG,test,Bird-drop,Bird (137).JPG,.jpg
/kaggle/input/datasets/alicjalena/pv-panel-defect-dataset/test/Bird-drop/Bird (140).jpg,test,Bird-drop,Bird (140).jpg,.jpg
/kaggle/input/datasets/alicjalena/pv-panel-defect-dataset/test/Bird-drop/Bird (71).jpg,test,Bird-drop,Bird (71).jpg,.jpg
/kaggle/input/datasets/alicjalena/pv-panel-defect-dataset/test/Bird-drop/Bird (81).jpg,test,Bird-drop,Bird (81).jpg,.jpg
/kaggle/input/datasets/alicjalena/pv-panel-defect-dataset/test/Bird-drop/Bird (148).jpg,test,Bird-drop,Bird (148).jpg,.jpg
/kaggle/input/datasets/alicjalena/pv-panel-defect-dataset/test/Bird-drop/Bird (196).jpg,test,Bird-drop,Bird (196).jpg,.jpg
/kaggle/input/datasets/alicjalena/pv-panel-defect-dataset/test/Bird-drop/Bird (58).jpg,test,Bird-drop,Bird (58).jpg,.jpg
/kaggle/input/datasets/alicjalena/pv-panel-defect-dataset/test/Bird-drop/Bird (79).jpg,test,Bird-drop,Bird (79).jpg,.jpg
/kaggle/input/datasets/alicjalena/pv-panel-defect-dataset/test/Bird-drop/Bird (211).JPG,test,Bird-drop,Bird (211).JPG,.jpg
/kaggle/input/datasets/alicjalena/pv-panel-defect-dataset/test/Bird-drop/Bird (164).jpg,test,Bird-drop,Bird (164).jpg,.jpg
/kaggle/input/datasets/alicjalena/pv-panel-defect-dataset/test/Bird-drop/Bird (14).JPG,test,Bird-drop,Bird (14).JPG,.jpg
/kaggle/input/datasets/alicjalena/pv-panel-defect-dataset/test/Bird-drop/Bird (33).jpg,test,Bird-drop,Bird (33).jpg,.jpg
/kaggle/input/datasets/alicjalena/pv-panel-defect-dataset/test/Bird-drop/Bird (146).jpg,test,Bird-drop,Bird (146).jpg,.jpg
/kaggle/input/datasets/alicjalena/pv-panel-defect-dataset/test/Bird-drop/Bird (87).jpg,test,Bird-drop,Bird (87).jpg,.jpg
/kaggle/input/datasets/alicjalena/pv-panel-defect-dataset/test/Bird-drop/Bird (16).JPG,test,Bird-drop,Bird (16).JPG,.jpg
/kaggle/input/datasets/alicjalena/pv-panel-defect-dataset/test/Bird-drop/Bird (54).jpg,test,Bird-drop,Bird (54).jpg,.jpg
/kaggle/input/datasets/alicjalena/pv-panel-defect-dataset/test/Clean/Clean (68).jpg,test,Clean,Clean (68).jpg,.jpg
/kaggle/input/datasets/alicjalena/pv-panel-defect-dataset/test/Clean/Clean (175).jpg,test,Clean,Clean (175).jpg,.jpg
/kaggle/input/datasets/alicjalena/pv-panel-defect-dataset/test/Clean/Clean (165).jpg,test,Clean,Clean (165).jpg,.jpg
/kaggle/input/datasets/alicjalena/pv-panel-defect-dataset/test/Clean/Clean (83).jpg,test,Clean,Clean (83).jpg,.jpg
/kaggle/input/datasets/alicjalena/pv-panel-defect-dataset/test/Clean/Clean (76).jpg,test,Clean,Clean (76).jpg,.jpg
/kaggle/input/datasets/alicjalena/pv-panel-defect-dataset/test/Clean/Clean (26).jpg,test,Clean,Clean (26).jpg,.jpg
/kaggle/input/datasets/alicjalena/pv-panel-defect-dataset/test/Clean/Clean (191).jpg,test,Clean,Clean (191).jpg,.jpg
/kaggle/input/datasets/alicjalena/pv-panel-defect-dataset/test/Clean/Clean (152).jpg,test,Clean,Clean (152).jpg,.jpg
/kaggle/input/datasets/alicjalena/pv-panel-defect-dataset/test/Clean/Clean (130).jpg,test,Clean,Clean (130).jpg,.jpg
/kaggle/input/datasets/alicjalena/pv-panel-defect-dataset/test/Clean/Clean (1).jpeg,test,Clean,Clean (1).jpeg,.jpeg
/kaggle/input/datasets/alicjalena/pv-panel-defect-dataset/test/Clean/Clean (92).jpg,test,Clean,Clean (92).jpg,.jpg
/kaggle/input/datasets/alicjalena/pv-panel-defect-dataset/test/Clean/Clean (63).jpg,test,Clean,Clean (63).jpg,.jpg
/kaggle/input/datasets/alicjalena/pv-panel-defect-dataset/test/Clean/Clean (142).jpg,test,Clean,Clean (142).jpg,.jpg
/kaggle/input/datasets/alicjalena/pv-panel-defect-dataset/test/Clean/Clean (167).jpg,test,Clean,Clean (167).jpg,.jpg
/kaggle/input/datasets/alicjalena/pv-panel-defect-dataset/test/Clean/Clean (30).jpg,test,Clean,Clean (30).jpg,.jpg
/kaggle/input/datasets/alicjalena/pv-panel-defect-dataset/test/Clean/Clean (150).jpg,test,Clean,Clean (150).jpg,.jpg
/kaggle/input/datasets/alicjalena/pv-panel-defect-dataset/test/Clean/Clean (52).jpg,test,Clean,Clean (52).jpg,.jpg
/kaggle/input/datasets/alicjalena/pv-panel-defect-dataset/test/Clean/Clean (62).jpg,test,Clean,Clean (62).jpg,.jpg
/kaggle/input/datasets/alicjalena/pv-panel-defect-dataset/test/Dusty/Dust (181).jpg,test,Dusty,Dust (181).jpg,.jpg
/kaggle/input/datasets/alicjalena/pv-panel-defect-dataset/test/Dusty/Dust (46).jpg,test,Dusty,Dust (46).jpg,.jpg
/kaggle/input/datasets/alicjalena/pv-panel-defect-dataset/test/Dusty/Dust (159).jpg,test,Dusty,Dust (159).jpg,.jpg
/kaggle/input/datasets/alicjalena/pv-panel-defect-dataset/test/Dusty/Dust (36).jpg,test,Dusty,Dust (36).jpg,.jpg
/kaggle/input/datasets/alicjalena/pv-panel-defect-dataset/test/Dusty/Dust (93).jpg,test,Dusty,Dust (93).jpg,.jpg
/kaggle/input/datasets/alicjalena/pv-panel-defect-dataset/test/Dusty/Dust (16).jpg,test,Dusty,Dust (16).jpg,.jpg
/kaggle/input/datasets/alicjalena/pv-panel-defect-dataset/test/Dusty/Dust (106).jpg,test,Dusty,Dust (106).jpg,.jpg
/kaggle/input/datasets/alicjalena/pv-panel-defect-dataset/test/Dusty/Dust (96).jpg,test,Dusty,Dust (96).jpg,.jpg
/kaggle/input/datasets/alicjalena/pv-panel-defect-dataset/test/Dusty/Dust (122).jpg,test,Dusty,Dust (122).jpg,.jpg
/kaggle/input/datasets/alicjalena/pv-panel-defect-dataset/test/Dusty/Dust (155).jpg,test,Dusty,Dust (155).jpg,.jpg
/kaggle/input/datasets/alicjalena/pv-panel-defect-dataset/test/Dusty/Dust (186).jpg,test,Dusty,Dust (186).jpg,.jpg
/kaggle/input/datasets/alicjalena/pv-panel-defect-dataset/test/Dusty/Dust (134).jpg,test,Dusty,Dust (134).jpg,.jpg
/kaggle/input/datasets/alicjalena/pv-panel-defect-dataset/test/Dusty/Dust (99).jpg,test,Dusty,Dust (99).jpg,.jpg
/kaggle/input/datasets/alicjalena/pv-panel-defect-dataset/test/Dusty/Dust (126).jpg,test,Dusty,Dust (126).jpg,.jpg
/kaggle/input/datasets/alicjalena/pv-panel-defect-dataset/test/Dusty/Dust (68).jpg,test,Dusty,Dust (68).jpg,.jpg
/kaggle/input/datasets/alicjalena/pv-panel-defect-dataset/test/Dusty/Dust (169).jpg,test,Dusty,Dust (169).jpg,.jpg
/kaggle/input/datasets/alicjalena/pv-panel-defect-dataset/test/Electrical-damage/Electrical (50).jpg,test,Electrical-damage,Electrical (50).jpg,.jpg
/kaggle/input/datasets/alicjalena/pv-panel-defect-dataset/test/Electrical-damage/Electrical (103).jpg,test,Electrical-damage,Electrical (103).jpg,.jpg
/kaggle/input/datasets/alicjalena/pv-panel-defect-dataset/test/Electrical-damage/Electrical (44).jpg,test,Electrical-damage,Electrical (44).jpg,.jpg
/kaggle/input/datasets/alicjalena/pv-panel-defect-dataset/test/Electrical-damage/Electrical (18).jpg,test,Electrical-damage,Electrical (18).jpg,.jpg
/kaggle/input/datasets/alicjalena/pv-panel-defect-dataset/test/Electrical-damage/Electrical (3).jpg,test,Electrical-damage,Electrical (3).jpg,.jpg
/kaggle/input/datasets/alicjalena/pv-panel-defect-dataset/test/Electrical-damage/Electrical (73).jpg,test,Electrical-damage,Electrical (73).jpg,.jpg
/kaggle/input/datasets/alicjalena/pv-panel-defect-dataset/test/Electrical-damage/Electrical (88).jpg,test,Electrical-damage,Electrical (88).jpg,.jpg
/kaggle/input/datasets/alicjalena/pv-panel-defect-dataset/test/Electrical-damage/Electrical (66).jpg,test,Electrical-damage,Electrical (66).jpg,.jpg
/kaggle/input/datasets/alicjalena/pv-panel-defect-dataset/test/Electrical-damage/Electrical (19).jpg,test,Electrical-damage,Electrical (19).jpg,.jpg
/kaggle/input/datasets/alicjalena/pv-panel-defect-dataset/test/Electrical-damage/Electrical (84).jpg,test,Electrical-damage,Electrical (84).jpg,.jpg
/kaggle/input/datasets/alicjalena/pv-panel-defect-dataset/test/Electrical-damage/Electrical (31).jpg,test,Electrical-damage,Electrical (31).jpg,.jpg
/kaggle/input/datasets/alicjalena/pv-panel-defect-dataset/test/Electrical-damage/Electrical (28).jpg,test,Electrical-damage,Electrical (28).jpg,.jpg
/kaggle/input/datasets/alicjalena/pv-panel-defect-dataset/test/Electrical-damage/Electrical (132).jpg,test,Electrical-damage,Electrical (132).jpg,.jpg
/kaggle/input/datasets/alicjalena/pv-panel-defect-dataset/test/Physical-Damage/Physical (58).jpg,test,Physical-Damage,Physical (58).jpg,.jpg
/kaggle/input/datasets/alicjalena/pv-panel-defect-dataset/test/Physical-Damage/Physical (122).jpg,test,Physical-Damage,Physical (122).jpg,.jpg
/kaggle/input/datasets/alicjalena/pv-panel-defect-dataset/test/Physical-Damage/Physical (108).jpg,test,Physical-Damage,Physical (108).jpg,.jpg
/kaggle/input/datasets/alicjalena/pv-panel-defect-dataset/test/Physical-Damage/Physical (49).jpg,test,Physical-Damage,Physical (49).jpg,.jpg
/kaggle/input/datasets/alicjalena/pv-panel-defect-dataset/test/Physical-Damage/Physical (30).jpg,test,Physical-Damage,Physical (30).jpg,.jpg
/kaggle/input/datasets/alicjalena/pv-panel-defect-dataset/test/Physical-Damage/Physical (18).jpg,test,Physical-Damage,Physical (18).jpg,.jpg
/kaggle/input/datasets/alicjalena/pv-panel-defect-dataset/test/Physical-Damage/Physical (115).jpg,test,Physical-Damage,Physical (115).jpg,.jpg
/kaggle/input/datasets/alicjalena/pv-panel-defect-dataset/test/Physical-Damage/Physical (106).jpg,test,Physical-Damage,Physical (106).jpg,.jpg
/kaggle/input/datasets/alicjalena/pv-panel-defect-dataset/test/Physical-Damage/Physical (149).jpg,test,Physical-Damage,Physical (149).jpg,.jpg
/kaggle/input/datasets/alicjalena/pv-panel-defect-dataset/test/Physical-Damage/Physical (36).jpg,test,Physical-Damage,Physical (36).jpg,.jpg
/kaggle/input/datasets/alicjalena/pv-panel-defect-dataset/test/Physical-Damage/Physical (20).jpg,test,Physical-Damage,Physical (20).jpg,.jpg
/kaggle/input/datasets/alicjalena/pv-panel-defect-dataset/test/Physical-Damage/Physical (146).jpg,test,Physical-Damage,Physical (146).jpg,.jpg
/kaggle/input/datasets/alicjalena/pv-panel-defect-dataset/test/Physical-Damage/Physical (10).jpg,test,Physical-Damage,Physical (10).jpg,.jpg
/kaggle/input/datasets/alicjalena/pv-panel-defect-dataset/test/Physical-Damage/Physical (109).jpg,test,Physical-Damage,Physical (109).jpg,.jpg
/kaggle/input/datasets/alicjalena/pv-panel-defect-dataset/test/Physical-Damage/Physical (82).jpg,test,Physical-Damage,Physical (82).jpg,.jpg
/kaggle/input/datasets/alicjalena/pv-panel-defect-dataset/test/Snow-Covered/Snow (134).jpg,test,Snow-Covered,Snow (134).jpg,.jpg
/kaggle/input/datasets/alicjalena/pv-panel-defect-dataset/test/Snow-Covered/Snow (79).jpg,test,Snow-Covered,Snow (79).jpg,.jpg
/kaggle/input/datasets/alicjalena/pv-panel-defect-dataset/test/Snow-Covered/Snow (75).jpg,test,Snow-Covered,Snow (75).jpg,.jpg
/kaggle/input/datasets/alicjalena/pv-panel-defect-dataset/test/Snow-Covered/Snow (38).jpg,test,Snow-Covered,Snow (38).jpg,.jpg
/kaggle/input/datasets/alicjalena/pv-panel-defect-dataset/test/Snow-Covered/Snow (164).jpg,test,Snow-Covered,Snow (164).jpg,.jpg
/kaggle/input/datasets/alicjalena/pv-panel-defect-dataset/test/Snow-Covered/Snow (12).jpg,test,Snow-Covered,Snow (12).jpg,.jpg
/kaggle/input/datasets/alicjalena/pv-panel-defect-dataset/test/Snow-Covered/Snow (121).jpg,test,Snow-Covered,Snow (121).jpg,.jpg
/kaggle/input/datasets/alicjalena/pv-panel-defect-dataset/test/Snow-Covered/Snow (5).jpg,test,Snow-Covered,Snow (5).jpg,.jpg
/kaggle/input/datasets/alicjalena/pv-panel-defect-dataset/test/Snow-Covered/Snow (109).jpg,test,Snow-Covered,Snow (109).jpg,.jpg
/kaggle/input/datasets/alicjalena/pv-panel-defect-dataset/test/Snow-Covered/Snow (159).jpg,test,Snow-Covered,Snow (159).jpg,.jpg
/kaggle/input/datasets/alicjalena/pv-panel-defect-dataset/test/Snow-Covered/Snow (122).jpg,test,Snow-Covered,Snow (122).jpg,.jpg
/kaggle/input/datasets/alicjalena/pv-panel-defect-dataset/test/Snow-Covered/Snow (7).jpg,test,Snow-Covered,Snow (7).jpg,.jpg
/kaggle/input/datasets/alicjalena/pv-panel-defect-dataset/test/Snow-Covered/Snow (138).jpg,test,Snow-Covered,Snow (138).jpg,.jpg
/kaggle/input/datasets/alicjalena/pv-panel-defect-dataset/test/Snow-Covered/Snow (81).jpg,test,Snow-Covered,Snow (81).jpg,.jpg
/kaggle/input/datasets/alicjalena/pv-panel-defect-dataset/test/Snow-Covered/Snow (16).jpg,test,Snow-Covered,Snow (16).jpg,.jpg
/kaggle/input/datasets/alicjalena/pv-panel-defect-dataset/test/Snow-Covered/Snow (69).jpg,test,Snow-Covered,Snow (69).jpg,.jpg
